ID,Attrition,Gender,Age,Maritalstatus,Academic_degree,Years_Experience,Years_experience_lastorganization,Sector,Department,JobTitle,MonthlySalary,Allowances,MedicalInsurance,Bonus,OverTime,Payment_Overtime,Rewards&Wages_Satisfaction,Get_ Deserved_Promotion,Training_programs_ During_last_three_years,Useful_Training_Programs,Business_Travel,Job_Support,Recognition,Emotional_Commitment,Job_Engagement,Distance_to_work,Work_Live_Balance,Physical_Stress,Psychological_Exhaustion,Job_Stability,Health_Issues,Environment_Satisfaction,Job_Satisfaction,Job_Opportunities
11,Yes,Female,31 to 40,Married,Master's,Less than 5 years,Less than 5 years,Medical sector,Accounting,Accountant,From 5000 to 10000 S.R,2,No,No,No,I don't have overtime,Yes,Yes,From 1 to 3 training programs,Yes,I do not travel for work,Medium,No,Medium,Medium,Medium,Medium,Yes,No,No,Yes,Medium,Not satisfied,Yes
12,No,Female,21 to 30,Single,Master's,Less than 5 years,Less than 5 years,Medical sector,Accounting,Accountant,From 11000 to 15000 S.R,2,Yes,Yes,No,I don't have overtime,Yes,Yes,From 1 to 3 training programs,Yes,Travel rarely,Medium,Yes,Medium,Medium,Medium,Medium,No,No,Yes,No,Medium,Satisfied,No
13,No,Female,21 to 30,Single,Bachelor's,Less than 5 years,Less than 5 years,Education sector,Teaching,Teacher,Less than 5000 SAR,0,No,No,No,I don't have overtime,No,No,From 1 to 3 training programs,Yes,I do not travel for work,Medium,Yes,Low,Medium,Close,Medium,Yes,Sometimes,No,No,Medium,Satisfied,Yes
14,No,Female,21 to 30,Single,Bachelor's,Less than 5 years,Less than 5 years,Education sector,Teaching,Teacher,Less than 5000 SAR,0,No,No,No,I don't have overtime,No,No,I did not receive any training,No,I do not travel for work,Low,No,Low,Medium,Medium,Medium,Yes,Yes,No,No,Low,Not satisfied,No
15,No,Female,21 to 30,Single,Bachelor's,Less than 5 years,Less than 5 years,Education sector,Teaching,Teacher,Less than 5000 SAR,0,No,No,Yes,No,No,No,I did not receive any training,No,I do not travel for work,Low,Yes,Medium,Medium,Medium,Medium,Sometimes,Sometimes,No,No,Medium,Not satisfied,No
16,No,Female,21 to 30,Single,Bachelor's,Less than 5 years,Less than 5 years,Education sector,Teaching,Teacher,Less than 5000 SAR,0,No,No,No,I don't have overtime,No,No,From 4 to 6 training programs,Yes,I do not travel for work,Low,No,Medium,Medium,Close,Medium,Yes,Yes,No,No,Low,Not satisfied,Yes
17,Yes,Female,31 to 40,Married,Bachelor's,Less than 5 years,Less than 5 years,Education sector,Teaching,Teacher,Less than 5000 SAR,0,No,No,Yes,No,No,No,From 1 to 3 training programs,Yes,I do not travel for work,Medium,Yes,Medium,Medium,Close,Difficult,Yes,Yes,No,No,Medium,Satisfied,No
18,No,Female,31 to 40,Married,Bachelor's,From 5 to 10 years,From 5 to 10 years,Education sector,Teaching,Teacher,From 11000 to 15000 S.R,0,No,No,No,I don't have overtime,Yes,Yes,From 7  training programs to more,Yes,I do not travel for work,Medium,Yes,High,Medium,Medium,Medium,Sometimes,Sometimes,Yes,No,Medium,Very satisfied,Yes
20,Yes,Female,31 to 40,Married,Master's,From 5 to 10 years,Less than 5 years,Education sector,Teaching,Teacher,Less than 5000 SAR,0,No,Yes,No,I don't have overtime,No,No,From 1 to 3 training programs,Yes,I do not travel for work,Low,Yes,High,Medium,Medium,Difficult,Yes,Yes,No,No,Medium,Satisfied,No
21,Yes,Female,21 to 30,Married,Bachelor's,Less than 5 years,Less than 5 years,Communications and IT sector,Relations,Relationships Specialist,Less than 5000 SAR,1,Yes,Yes,Yes,Yes,Yes,Yes,From 1 to 3 training programs,Yes,Travel frequently,High,Yes,High,Difficult,Far,Difficult,Yes,Yes,Yes,Yes,High,Very satisfied,Yes
22,No,Female,31 to 40,Single,Diploma or secondary,Less than 5 years,Less than 5 years,Tourism sector,HR,Manger assistant,From 5000 to 10000 S.R,1,No,Yes,Yes,Yes,Yes,Yes,From 1 to 3 training programs,Yes,I do not travel for work,High,Yes,High,Easy,Close,Easy,Sometimes,Sometimes,Yes,No,High,Very satisfied,No
23,Yes,Female,31 to 40,Married,Bachelor's,From 5 to 10 years,From 5 to 10 years,Education sector,Administration,Administrative manager,Less than 5000 SAR,0,No,No,No,I don't have overtime,Yes,No,From 1 to 3 training programs,Yes,I do not travel for work,High,Yes,Medium,Medium,Close,Easy,No,No,Yes,No,High,Very satisfied,Yes
24,No,Female,41 to 50,Married,Bachelor's,From 11 to 15 years,From 11 to 15 years,Education sector,Administration,Manger assistant,From 5000 to 10000 S.R,0,No,No,No,I don't have overtime,No,No,From 4 to 6 training programs,Yes,I do not travel for work,Low,Yes,Medium,Medium,Close,Difficult,No,Sometimes,Yes,No,Medium,Not satisfied,No
25,No,Female,31 to 40,Married,Bachelor's,From 11 to 15 years,From 11 to 15 years,Education sector,Teaching,Teacher,From 11000 to 15000 S.R,1,No,No,No,I don't have overtime,Yes,No,From 4 to 6 training programs,Yes,I do not travel for work,Medium,Yes,High,Medium,Medium,Medium,Yes,Yes,Yes,No,Medium,Satisfied,No
26,No,Female,41 to 50,Married,Bachelor's,From 16 to 20 years,From 16 to 20 years,Education sector,Teaching,Teacher,From 11000 to 15000 S.R,1,No,No,No,I don't have overtime,Yes,Yes,From 4 to 6 training programs,Yes,I do not travel for work,Medium,Yes,Medium,Medium,Close,Medium,Sometimes,No,Yes,No,Medium,Satisfied,No
27,No,Female,41 to 50,Married,Bachelor's,From 21 to 25 years,From 21 to 25 years,Education sector,Teaching,Teacher,From 5000 to 10000 S.R,1,No,No,No,No,Yes,Yes,From 7  training programs to more,Yes,I do not travel for work,High,Yes,High,Easy,Close,Easy,Sometimes,Sometimes,Yes,No,High,Very satisfied,No
28,No,Female,41 to 50,Married,Bachelor's,From 11 to 15 years,From 11 to 15 years,Education sector,Teaching,Teacher,From 11000 to 15000 S.R,0,No,No,No,No,Yes,Yes,From 7  training programs to more,Yes,I do not travel for work,Medium,Yes,Medium,Medium,Close,Medium,Sometimes,Sometimes,Yes,No,Medium,Very satisfied,No
29,No,Female,31 to 40,Married,Bachelor's,From 5 to 10 years,From 5 to 10 years,Education sector,Teaching,Teacher,From 5000 to 10000 S.R,1,No,No,No,No,No,No,From 4 to 6 training programs,No,I do not travel for work,Low,No,Low,Easy,Medium,Medium,No,No,No,No,Low,Not satisfied,No
30,No,Female,31 to 40,Married,Bachelor's,From 5 to 10 years,From 5 to 10 years,Education sector,Teaching,Teacher,From 11000 to 15000 S.R,1,No,No,No,I don't have overtime,Yes,Yes,From 1 to 3 training programs,No,I do not travel for work,Low,No,Medium,Easy,Far,Medium,Yes,Yes,Yes,No,Low,Satisfied,Yes
31,No,Female,31 to 40,Married,Bachelor's,From 11 to 15 years,From 11 to 15 years,Education sector,Teaching,Teacher,From 11000 to 15000 S.R,1,No,No,No,I don't have overtime,Yes,Yes,From 7  training programs to more,Yes,I do not travel for work,Low,Yes,Medium,Medium,Close,Easy,No,No,Yes,No,Medium,Very satisfied,No
32,No,Female,41 to 50,Married,Bachelor's,From 16 to 20 years,From 16 to 20 years,Education sector,Teaching,Teacher,From 11000 to 15000 S.R,0,No,No,No,I don't have overtime,Yes,No,From 4 to 6 training programs,Yes,I do not travel for work,Medium,Yes,Medium,Medium,Close,Medium,Sometimes,Sometimes,Yes,No,Medium,Satisfied,No
33,No,Female,41 to 50,Married,Bachelor's,From 5 to 10 years,From 5 to 10 years,Education sector,Administration,Manger assistant,From 5000 to 10000 S.R,0,No,No,No,I don't have overtime,Yes,Yes,From 4 to 6 training programs,Yes,I do not travel for work,Medium,Yes,Medium,Medium,Close,Medium,Sometimes,No,Yes,No,Medium,Satisfied,No
34,No,Female,41 to 50,Married,Bachelor's,From 21 to 25 years,From 21 to 25 years,Education sector,Teaching,Teacher,From 5000 to 10000 S.R,0,No,No,No,I don't have overtime,Yes,Yes,From 7  training programs to more,Yes,I do not travel for work,Medium,Yes,High,Easy,Close,Easy,Yes,Yes,Yes,Yes,High,Very satisfied,No
35,No,Female,41 to 50,Single,Bachelor's,From 11 to 15 years,From 11 to 15 years,Education sector,Teaching,Teacher,From 11000 to 15000 S.R,0,No,No,No,I don't have overtime,Yes,No,From 4 to 6 training programs,Yes,Travel rarely,Medium,Yes,Medium,Medium,Close,Easy,Sometimes,Sometimes,Yes,No,Medium,Satisfied,No
36,No,Female,41 to 50,Married,Bachelor's,From 16 to 20 years,From 16 to 20 years,Education sector,Teaching,Teacher,From 11000 to 15000 S.R,1,No,No,No,I don't have overtime,Yes,No,From 7  training programs to more,Yes,I do not travel for work,Low,Yes,High,Medium,Medium,Medium,Sometimes,Sometimes,Yes,No,High,Very satisfied,No
37,No,Female,31 to 40,Married,Diploma or secondary,From 11 to 15 years,From 11 to 15 years,Education sector,Administration,Manger assistant,From 5000 to 10000 S.R,0,No,No,No,I don't have overtime,Yes,No,I did not receive any training,Yes,I do not travel for work,Medium,Yes,Medium,Easy,Close,Easy,Sometimes,Sometimes,Yes,No,Medium,Satisfied,No
38,No,Female,41 to 50,Married,Bachelor's,From 11 to 15 years,From 11 to 15 years,Education sector,Teaching,Teacher,From 11000 to 15000 S.R,1,No,No,No,I don't have overtime,Yes,Yes,From 7  training programs to more,Yes,I do not travel for work,Medium,Yes,High,Easy,Close,Medium,Sometimes,Sometimes,Yes,No,Medium,Very satisfied,No
39,No,Female,51 to 60,Married,Diploma or secondary,From 31 to 35 years,From 31 to 35 years,Education sector,Teaching,Teacher,From 5000 to 10000 S.R,0,No,No,No,I don't have overtime,Yes,Yes,From 7  training programs to more,Yes,I do not travel for work,High,Yes,High,Easy,Close,Easy,No,Sometimes,Yes,No,High,Very satisfied,Yes
40,No,Female,41 to 50,Married,Bachelor's,From 16 to 20 years,From 16 to 20 years,Education sector,Teaching,Teacher,From 5000 to 10000 S.R,0,No,No,No,I don't have overtime,No,No,From 7  training programs to more,No,I do not travel for work,Low,Yes,High,Easy,Medium,Medium,Yes,Yes,Yes,Yes,Low,Satisfied,No
41,No,Male,31 to 40,Married,Diploma or secondary,From 11 to 15 years,From 11 to 15 years,Financial sector,Administration,Administrative manager,From 5000 to 10000 S.R,0,Yes,No,No,I don't have overtime,Yes,Yes,I did not receive any training,No,Travel rarely,Medium,Yes,High,Easy,Close,Medium,No,No,Yes,No,High,Very satisfied,No
42,Yes,Female,41 to 50,Married,Bachelor's,From 16 to 20 years,From 11 to 15 years,Education sector,Teaching,Teacher,From 11000 to 15000 S.R,1,No,No,No,I don't have overtime,Yes,No,From 1 to 3 training programs,Yes,I do not travel for work,Low,Yes,Medium,Medium,Medium,Medium,Yes,No,Yes,Yes,Medium,Satisfied,No
43,No,Female,31 to 40,Married,Bachelor's,From 16 to 20 years,From 16 to 20 years,Education sector,Teaching,Teacher,From 11000 to 15000 S.R,1,No,No,No,I don't have overtime,Yes,Yes,From 7  training programs to more,Yes,Travel rarely,Medium,No,Medium,Medium,Medium,Medium,Yes,Yes,Yes,No,Medium,Very satisfied,No
44,No,Female,41 to 50,Married,Bachelor's,From 21 to 25 years,From 21 to 25 years,Education sector,Teaching,Teacher,From 5000 to 10000 S.R,0,No,No,No,I don't have overtime,Yes,No,From 7  training programs to more,Yes,I do not travel for work,Medium,Yes,High,Easy,Medium,Medium,Yes,Yes,Yes,No,High,Very satisfied,No
45,No,Female,21 to 30,Single,Master's,Less than 5 years,Less than 5 years,Financial sector,Processes,Project manager,Less than 5000 SAR,0,No,No,No,I don't have overtime,No,No,From 1 to 3 training programs,No,I do not travel for work,Medium,Yes,Medium,Medium,Medium,Medium,Sometimes,No,No,No,Medium,Satisfied,No
46,Yes,Male,31 to 40,Married,Bachelor's,Less than 5 years,Less than 5 years,Financial sector,Banking operations,Banking operations,From 5000 to 10000 S.R,2,No,Yes,No,I don't have overtime,Yes,No,From 1 to 3 training programs,Yes,I do not travel for work,Medium,Yes,Medium,Difficult,Close,Easy,Sometimes,No,No,No,Medium,Not satisfied,Yes
47,Yes,Female,21 to 30,Married,Master's,From 5 to 10 years,Less than 5 years,Education sector,Administration,Coordinator,Less than 5000 SAR,1,No,No,Yes,No,No,No,From 1 to 3 training programs,No,I do not travel for work,Low,No,High,Difficult,Far,Difficult,Yes,Yes,No,No,Medium,Not satisfied,Yes
48,No,Female,21 to 30,Single,Master's,Less than 5 years,Less than 5 years,Financial sector,Administration,Administrative manager,Less than 5000 SAR,0,No,No,No,I don't have overtime,No,No,From 1 to 3 training programs,Yes,I do not travel for work,Medium,No,Medium,Medium,Medium,Medium,Yes,Sometimes,Yes,No,Medium,Satisfied,No
50,No,Female,31 to 40,Married,Bachelor's,Less than 5 years,Less than 5 years,Communications and IT sector,Customers service,Customer services representative,Less than 5000 SAR,0,No,No,No,I don't have overtime,No,No,I did not receive any training,No,I do not travel for work,Medium,Yes,Medium,Medium,Medium,Medium,Sometimes,Sometimes,No,No,Low,Not satisfied,Yes
51,No,Female,31 to 40,Married,Bachelor's,From 11 to 15 years,From 11 to 15 years,Education sector,Teaching,Lecturer,From 11000 to 15000 S.R,1,No,No,No,I don't have overtime,Yes,Yes,From 7  training programs to more,Yes,I do not travel for work,Low,No,High,Medium,Medium,Medium,Sometimes,Sometimes,No,No,Medium,Satisfied,No
52,No,Female,31 to 40,Married,Bachelor's,From 11 to 15 years,From 11 to 15 years,Education sector,Teaching,Teacher,From 11000 to 15000 S.R,0,No,No,No,I don't have overtime,Yes,Yes,From 4 to 6 training programs,Yes,I do not travel for work,Low,No,Medium,Difficult,Close,Medium,Yes,Yes,No,No,Medium,Satisfied,No
53,Yes,Female,21 to 30,Married,Bachelor's,Less than 5 years,Less than 5 years,Financial sector,Banking operations,Banking operations,From 5000 to 10000 S.R,2,Yes,Yes,Yes,I don't have overtime,Yes,Yes,From 1 to 3 training programs,Yes,I do not travel for work,Medium,Yes,Medium,Medium,Medium,Difficult,Yes,Yes,No,No,Low,Satisfied,Yes
54,No,Female,21 to 30,Married,Ph.D,From 5 to 10 years,From 5 to 10 years,Education sector,Teaching,Lecturer,From 5000 to 10000 S.R,0,Yes,No,No,No,No,Yes,From 1 to 3 training programs,Yes,Travel rarely,High,Yes,High,Medium,Far,Medium,Sometimes,Sometimes,Yes,No,Medium,Satisfied,No
55,No,Female,21 to 30,Married,Bachelor's,From 5 to 10 years,From 5 to 10 years,Education sector,Teaching,Teacher,From 5000 to 10000 S.R,1,Yes,No,Yes,No,Yes,Yes,From 1 to 3 training programs,Yes,Travel frequently,Medium,Yes,High,Medium,Far,Medium,Yes,No,Yes,No,High,Very satisfied,No
56,No,Male,31 to 40,Married,Diploma or secondary,From 5 to 10 years,From 5 to 10 years,Financial sector,Accounting,Scribe,Less than 5000 SAR,0,No,Yes,Yes,I don't have overtime,No,No,From 1 to 3 training programs,Yes,I do not travel for work,Medium,Yes,Medium,Medium,Close,Medium,No,Yes,Yes,No,High,Satisfied,Yes
57,No,Female,21 to 30,Single,Bachelor's,Less than 5 years,Less than 5 years,Financial sector,Banking operations,Banking operations,From 5000 to 10000 S.R,2,Yes,Yes,No,I don't have overtime,No,No,From 1 to 3 training programs,Yes,I do not travel for work,Low,No,Medium,Difficult,Close,Difficult,Yes,Yes,No,No,Low,Satisfied,No
58,No,Female,31 to 40,Married,Bachelor's,Less than 5 years,Less than 5 years,Financial sector,Banking operations,Banking operations,From 5000 to 10000 S.R,2,Yes,Yes,Yes,I don't have overtime,No,No,From 7  training programs to more,Yes,I do not travel for work,Medium,No,High,Difficult,Far,Medium,Sometimes,Yes,No,No,Medium,Not satisfied,Yes
59,Yes,Female,21 to 30,Married,Bachelor's,From 5 to 10 years,Less than 5 years,Education sector,Sales,Sales executive,From 5000 to 10000 S.R,2,Yes,No,No,No,No,No,From 1 to 3 training programs,Yes,I do not travel for work,Medium,No,Medium,Medium,Medium,Medium,No,Yes,No,Yes,Medium,Not satisfied,Yes
60,No,Female,21 to 30,Single,Bachelor's,From 5 to 10 years,From 5 to 10 years,Financial sector,Customers service,Customer services representative,From 5000 to 10000 S.R,1,Yes,Yes,No,I don't have overtime,No,No,I did not receive any training,No,Travel rarely,Medium,No,Medium,Easy,Close,Difficult,Yes,Yes,No,No,Low,Satisfied,No
61,No,Female,21 to 30,Married,Bachelor's,Less than 5 years,Less than 5 years,Financial sector,Banking operations,Banking operations,From 5000 to 10000 S.R,2,Yes,Yes,No,I don't have overtime,Yes,No,From 1 to 3 training programs,Yes,I do not travel for work,Medium,No,Medium,Medium,Far,Medium,Yes,Yes,No,No,Low,Not satisfied,No
62,No,Female,31 to 40,Married,Bachelor's,Less than 5 years,Less than 5 years,Financial sector,Banking operations,Banking operations,From 5000 to 10000 S.R,2,Yes,Yes,No,I don't have overtime,No,No,From 1 to 3 training programs,Yes,Travel rarely,Medium,No,High,Medium,Close,Medium,Yes,Yes,No,No,Low,Satisfied,No
63,No,Male,31 to 40,Married,Bachelor's,From 16 to 20 years,From 16 to 20 years,Financial sector,Administration,Administrative manager,From 11000 to 15000 S.R,1,Yes,Yes,No,Yes,No,No,From 7  training programs to more,Yes,Travel rarely,High,Yes,High,Easy,Close,Easy,No,Yes,Yes,No,High,Satisfied,Yes
64,Yes,Male,21 to 30,Married,Master's,From 5 to 10 years,Less than 5 years,Financial sector,Sales,Sales representative,Less than 5000 SAR,0,Yes,Yes,Yes,No,No,No,From 4 to 6 training programs,Yes,Travel frequently,Low,No,Medium,Difficult,Medium,Difficult,Yes,Yes,No,No,Medium,Not satisfied,No
65,Yes,Male,31 to 40,Married,Bachelor's,From 5 to 10 years,Less than 5 years,Financial sector,Banking operations,Banking operations,From 5000 to 10000 S.R,2,Yes,No,Yes,I don't have overtime,No,No,From 1 to 3 training programs,No,I do not travel for work,Low,No,Low,Difficult,Far,Medium,Yes,Sometimes,No,No,Low,Not satisfied,Yes
66,No,Female,21 to 30,Single,Bachelor's,Less than 5 years,Less than 5 years,Financial sector,Banking operations,Banking operations,From 5000 to 10000 S.R,2,Yes,Yes,No,I don't have overtime,Yes,No,From 4 to 6 training programs,Yes,I do not travel for work,Medium,Yes,Low,Medium,Medium,Medium,Sometimes,Yes,No,No,Medium,Satisfied,No
67,No,Male,31 to 40,Single,Bachelor's,Less than 5 years,Less than 5 years,Financial sector,Banking operations,Banking operations,From 5000 to 10000 S.R,2,Yes,No,No,I don't have overtime,No,No,From 1 to 3 training programs,No,I do not travel for work,Low,No,Low,Difficult,Medium,Difficult,Yes,Yes,No,No,Low,Not satisfied,No
68,No,Male,41 to 50,Married,Bachelor's,Less than 5 years,Less than 5 years,Financial sector,Banking operations,Banking operations,From 5000 to 10000 S.R,2,Yes,Yes,No,I don't have overtime,No,No,From 1 to 3 training programs,Yes,Travel rarely,High,No,High,Easy,Close,Easy,No,Yes,Yes,No,High,Very satisfied,No
69,Yes,Female,21 to 30,Married,Bachelor's,From 5 to 10 years,From 5 to 10 years,Financial sector,Sales,Sales executive,From 5000 to 10000 S.R,1,Yes,No,No,No,No,No,From 1 to 3 training programs,No,I do not travel for work,Low,No,High,Difficult,Close,Difficult,Yes,Yes,No,No,Medium,Not satisfied,No
70,No,Male,41 to 50,Married,Bachelor's,From 16 to 20 years,From 16 to 20 years,Financial sector,Customers service,Customer services representative,From 5000 to 10000 S.R,2,Yes,Yes,No,I don't have overtime,No,No,From 7  training programs to more,Yes,I do not travel for work,High,No,High,Easy,Medium,Medium,Yes,Yes,No,No,Medium,Satisfied,No
71,No,Male,21 to 30,Single,Bachelor's,From 5 to 10 years,From 5 to 10 years,Financial sector,Sales,Sales executive,From 11000 to 15000 S.R,4,Yes,Yes,No,I don't have overtime,Yes,No,From 1 to 3 training programs,Yes,Travel rarely,Medium,Yes,High,Easy,Close,Medium,Yes,Yes,Yes,No,Medium,Very satisfied,No
72,No,Female,31 to 40,Single,Bachelor's,From 5 to 10 years,From 5 to 10 years,Financial sector,Sales,Sales executive,From 5000 to 10000 S.R,2,Yes,No,No,I don't have overtime,No,No,I did not receive any training,No,Travel rarely,Low,No,Low,Difficult,Medium,Difficult,Yes,Yes,Yes,Yes,Low,Not satisfied,No
73,No,Male,31 to 40,Married,Diploma or secondary,From 5 to 10 years,From 5 to 10 years,Financial sector,Sales,Salesman,From 5000 to 10000 S.R,2,Yes,No,No,I don't have overtime,No,Yes,I did not receive any training,No,I do not travel for work,Low,Yes,Medium,Easy,Close,Easy,Yes,Yes,No,No,High,Very satisfied,No
74,No,Male,21 to 30,Single,Bachelor's,Less than 5 years,Less than 5 years,Financial sector,Sales,Consultant,From 5000 to 10000 S.R,2,Yes,Yes,Yes,Yes,No,No,From 1 to 3 training programs,Yes,I do not travel for work,Low,No,High,Difficult,Medium,Difficult,Yes,Yes,No,No,Low,Not satisfied,No
75,Yes,Male,31 to 40,Married,Diploma or secondary,From 11 to 15 years,Less than 5 years,Financial sector,Customers service,Customer services representative,From 5000 to 10000 S.R,2,Yes,No,No,No,No,No,From 1 to 3 training programs,Yes,Travel rarely,Medium,Yes,Low,Difficult,Close,Difficult,Yes,Yes,No,No,High,Very satisfied,No
76,Yes,Male,31 to 40,Married,Bachelor's,From 11 to 15 years,Less than 5 years,Tourism sector,Safety & Security,Security and safety specialist,Less than 5000 SAR,0,No,Yes,No,I don't have overtime,No,No,I did not receive any training,No,I do not travel for work,Low,No,High,Difficult,Medium,Medium,Yes,Yes,No,No,Low,Not satisfied,No
77,No,Female,21 to 30,Single,Bachelor's,Less than 5 years,Less than 5 years,Financial sector,Sales,Salesman,From 5000 to 10000 S.R,1,Yes,Yes,No,I don't have overtime,No,No,From 4 to 6 training programs,Yes,Travel frequently,Low,No,Medium,Medium,Medium,Difficult,Yes,Yes,No,Yes,Low,Not satisfied,Yes
78,Yes,Male,31 to 40,Married,Diploma or secondary,From 11 to 15 years,From 5 to 10 years,Financial sector,Sales,Consultant,From 5000 to 10000 S.R,3,Yes,No,No,I don't have overtime,No,No,From 1 to 3 training programs,No,I do not travel for work,High,Yes,Low,Medium,Close,Medium,Yes,Yes,No,No,High,Not satisfied,No
79,Yes,Male,21 to 30,Married,Diploma or secondary,From 5 to 10 years,From 5 to 10 years,Financial sector,Accounting,Admin accountant,From 5000 to 10000 S.R,1,Yes,Yes,Yes,Yes,No,Yes,From 4 to 6 training programs,Yes,I do not travel for work,Medium,No,Medium,Medium,Close,Medium,No,Sometimes,No,No,Medium,Satisfied,Yes
80,Yes,Male,31 to 40,Married,Diploma or secondary,From 5 to 10 years,Less than 5 years,Medical sector,Technical support,IT specialist,From 5000 to 10000 S.R,2,Yes,Yes,No,I don't have overtime,No,No,I did not receive any training,No,Travel rarely,Medium,No,Low,Medium,Medium,Medium,Sometimes,Yes,Yes,No,Medium,Not satisfied,No
81,No,Female,31 to 40,Married,Bachelor's,From 5 to 10 years,From 5 to 10 years,Financial sector,Sales,Salesman,From 5000 to 10000 S.R,2,Yes,No,No,I don't have overtime,No,No,From 4 to 6 training programs,Yes,Travel rarely,Medium,No,Low,Easy,Medium,Easy,Sometimes,Sometimes,No,No,High,Very satisfied,No
82,No,Male,31 to 40,Married,Diploma or secondary,From 5 to 10 years,From 5 to 10 years,Financial sector,Sales,Salesman,From 5000 to 10000 S.R,2,Yes,Yes,Yes,Yes,No,No,From 4 to 6 training programs,No,Travel rarely,High,No,Low,Difficult,Close,Medium,No,Yes,No,No,High,Satisfied,No
83,No,Female,21 to 30,Single,Bachelor's,Less than 5 years,Less than 5 years,Financial sector,Customers service,Customer services representative,From 5000 to 10000 S.R,2,Yes,No,No,I don't have overtime,No,No,I did not receive any training,No,I do not travel for work,Low,No,Low,Difficult,Medium,Difficult,Yes,Yes,No,No,Low,Not satisfied,No
84,Yes,Male,31 to 40,Married,Bachelor's,From 5 to 10 years,Less than 5 years,Education sector,Administration,Manger assistant,Less than 5000 SAR,2,Yes,Yes,No,I don't have overtime,No,No,From 1 to 3 training programs,Yes,Travel rarely,Medium,Yes,Medium,Medium,Close,Difficult,Yes,Sometimes,No,No,Medium,Satisfied,No
85,Yes,Female,21 to 30,Single,Bachelor's,Less than 5 years,Less than 5 years,Education sector,Training,Trainer,Less than 5000 SAR,0,No,No,No,I don't have overtime,Yes,Yes,From 7  training programs to more,Yes,I do not travel for work,Medium,Yes,Medium,Difficult,Close,Easy,No,No,No,No,High,Very satisfied,Yes
86,No,Female,21 to 30,Married,Bachelor's,Less than 5 years,Less than 5 years,Financial sector,Sales,Salesman,From 5000 to 10000 S.R,2,Yes,No,No,No,No,No,From 7  training programs to more,Yes,I do not travel for work,Low,No,High,Medium,Close,Easy,Sometimes,Yes,No,No,Low,Satisfied,No
87,Yes,Female,21 to 30,Single,Bachelor's,Less than 5 years,Less than 5 years,Education sector,Training,Trainer,Less than 5000 SAR,0,No,No,No,I don't have overtime,No,No,I did not receive any training,No,I do not travel for work,Low,No,Low,Difficult,Close,Easy,Yes,Yes,No,No,Low,Not satisfied,Yes
88,Yes,Male,21 to 30,Married,Diploma or secondary,From 5 to 10 years,From 5 to 10 years,Financial sector,Customers service,Customer services representative,From 5000 to 10000 S.R,2,Yes,Yes,Yes,No,No,No,From 4 to 6 training programs,Yes,I do not travel for work,Medium,Yes,Medium,Medium,Far,Medium,Sometimes,Sometimes,Yes,No,Medium,Not satisfied,Yes
89,No,Male,31 to 40,Married,Ph.D,From 5 to 10 years,From 5 to 10 years,Education sector,Teaching,Lecturer,From 11000 to 15000 S.R,1,Yes,Yes,Yes,Yes,Yes,Yes,From 1 to 3 training programs,Yes,Travel rarely,Medium,Yes,High,Medium,Medium,Medium,Sometimes,No,Yes,No,Medium,Very satisfied,No
90,Yes,Male,31 to 40,Married,Ph.D,From 11 to 15 years,Less than 5 years,Education sector,Information technology,IT specialist,From 5000 to 10000 S.R,3,Yes,No,Yes,No,No,No,From 1 to 3 training programs,No,I do not travel for work,Low,No,Low,Difficult,Medium,Medium,Sometimes,Yes,No,No,Medium,Not satisfied,Yes
91,Yes,Male,31 to 40,Married,Master's,From 11 to 15 years,From 5 to 10 years,Communications and IT sector,Information technology,Cybersecurity director,From 11000 to 15000 S.R,1,No,No,Yes,Yes,No,Yes,From 4 to 6 training programs,Yes,Travel rarely,Low,Yes,Medium,Medium,Far,Easy,Sometimes,Yes,Yes,No,High,Satisfied,Yes
92,No,Male,31 to 40,Married,Master's,Less than 5 years,Less than 5 years,Communications and IT sector,HR,Consultant,From 11000 to 15000 S.R,1,No,No,No,I don't have overtime,No,No,From 1 to 3 training programs,Yes,Travel rarely,Low,No,Low,Medium,Close,Easy,Sometimes,Sometimes,Yes,No,Medium,Satisfied,No
93,Yes,Male,31 to 40,Married,Master's,Less than 5 years,Less than 5 years,Tourism sector,Information technology,IT specialist,Less than 5000 SAR,0,No,No,No,I don't have overtime,No,No,I did not receive any training,No,I do not travel for work,Low,No,Low,Difficult,Close,Medium,Sometimes,Sometimes,No,No,Low,Not satisfied,No
94,No,Male,21 to 30,Married,Ph.D,From 5 to 10 years,From 5 to 10 years,Education sector,Teaching,Teacher,From 11000 to 15000 S.R,0,No,No,Yes,No,No,No,I did not receive any training,No,I do not travel for work,Low,No,High,Medium,Medium,Medium,No,No,Yes,No,Medium,Satisfied,No
95,Yes,Male,21 to 30,Single,Bachelor's,Less than 5 years,Less than 5 years,Economic sector,Accounting,Accountant,Less than 5000 SAR,0,No,No,No,No,No,No,I did not receive any training,No,I do not travel for work,Low,Yes,Low,Difficult,Close,Difficult,No,No,No,No,Medium,Satisfied,Yes
96,No,Male,31 to 40,Married,Bachelor's,From 11 to 15 years,From 11 to 15 years,Financial sector,Accounting,Admin accountant,From 5000 to 10000 S.R,2,Yes,No,No,I don't have overtime,No,No,From 1 to 3 training programs,Yes,Travel rarely,Medium,Yes,High,Medium,Close,Medium,Sometimes,Sometimes,Yes,No,High,Satisfied,No
97,Yes,Male,31 to 40,Married,Bachelor's,Less than 5 years,Less than 5 years,Financial sector,Accounting,Accountant,From 5000 to 10000 S.R,1,Yes,No,No,I don't have overtime,Yes,No,I did not receive any training,No,I do not travel for work,Medium,Yes,Low,Difficult,Close,Medium,No,No,Yes,No,High,Satisfied,No
98,No,Male,31 to 40,Married,Ph.D,From 11 to 15 years,From 11 to 15 years,Education sector,Teaching,Lecturer,From 16000 to 20000 S.R,0,No,No,No,No,No,No,From 4 to 6 training programs,No,Travel rarely,Medium,No,Medium,Medium,Medium,Medium,Yes,Yes,No,No,Medium,Satisfied,No
99,Yes,Male,41 to 50,Married,Ph.D,From 11 to 15 years,Less than 5 years,Medical sector,Processes,Consultant,S.R 31000 - and more,2,Yes,No,Yes,No,No,Yes,From 4 to 6 training programs,Yes,Travel frequently,Medium,Yes,Medium,Medium,Close,Medium,Yes,Sometimes,No,No,Medium,Not satisfied,Yes
100,Yes,Male,41 to 50,Married,Bachelor's,Less than 5 years,Less than 5 years,Financial sector,Sales,Salesman,From 5000 to 10000 S.R,2,Yes,Yes,No,I don't have overtime,Yes,Yes,From 1 to 3 training programs,Yes,Travel rarely,High,Yes,High,Medium,Medium,Easy,No,No,Yes,No,High,Very satisfied,No
101,No,Female,31 to 40,Married,Bachelor's,Less than 5 years,Less than 5 years,Education sector,Teaching,Teacher,Less than 5000 SAR,0,No,No,Yes,No,No,No,From 1 to 3 training programs,Yes,I do not travel for work,Low,Yes,Medium,Medium,Far,Medium,Yes,Yes,No,No,Medium,Satisfied,Yes
102,No,Female,21 to 30,Married,Bachelor's,From 5 to 10 years,From 5 to 10 years,Transport sector,Administration,Administrative manager,Less than 5000 SAR,0,No,No,No,I don't have overtime,No,No,I did not receive any training,No,I do not travel for work,Low,No,Low,Easy,Medium,Medium,Sometimes,Sometimes,No,No,Low,Not satisfied,No
103,No,Female,21 to 30,Single,Bachelor's,Less than 5 years,Less than 5 years,Education sector,Teaching,Teacher,Less than 5000 SAR,0,No,No,No,I don't have overtime,No,No,From 1 to 3 training programs,Yes,I do not travel for work,Medium,Yes,Low,Medium,Close,Easy,Yes,Yes,No,No,Low,Not satisfied,No
104,No,Female,31 to 40,Single,Bachelor's,Less than 5 years,Less than 5 years,Education sector,Teaching,Teacher,Less than 5000 SAR,0,No,No,No,I don't have overtime,No,No,From 1 to 3 training programs,Yes,I do not travel for work,Low,Yes,Medium,Medium,Medium,Medium,Yes,Yes,No,No,Medium,Satisfied,Yes
105,No,Female,21 to 30,Married,Bachelor's,Less than 5 years,Less than 5 years,Transport sector,Administration,Administrative manager,Less than 5000 SAR,0,No,No,No,I don't have overtime,No,No,I did not receive any training,No,I do not travel for work,Medium,No,Low,Difficult,Far,Medium,Yes,Yes,No,No,Low,Not satisfied,Yes
106,No,Female,31 to 40,Married,Bachelor's,Less than 5 years,Less than 5 years,Education sector,Teaching,Teacher,Less than 5000 SAR,0,No,No,No,I don't have overtime,No,No,I did not receive any training,No,I do not travel for work,Low,No,Medium,Medium,Medium,Medium,Sometimes,Sometimes,No,No,Medium,Satisfied,No
107,Yes,Female,51 to 60,Married,Ph.D,From 26 to 30 years,From 5 to 10 years,Medical sector,Patient Affairs,Doctor,From 5000 to 10000 S.R,0,Yes,No,Yes,Yes,No,No,From 1 to 3 training programs,Yes,I do not travel for work,Medium,Yes,High,Easy,Close,Easy,Sometimes,Sometimes,No,No,Medium,Satisfied,Yes
108,No,Female,31 to 40,Married,Bachelor's,Less than 5 years,Less than 5 years,Education sector,Teaching,Teacher,Less than 5000 SAR,0,No,No,No,I don't have overtime,No,No,From 1 to 3 training programs,Yes,I do not travel for work,Low,Yes,Low,Medium,Close,Medium,Sometimes,No,Yes,No,Medium,Satisfied,No
109,No,Female,31 to 40,Married,Bachelor's,Less than 5 years,Less than 5 years,Education sector,Teaching,Teacher,Less than 5000 SAR,0,No,No,No,I don't have overtime,No,No,From 7  training programs to more,Yes,I do not travel for work,Low,Yes,High,Difficult,Medium,Difficult,Sometimes,Sometimes,No,Yes,Low,Satisfied,No
110,Yes,Female,31 to 40,Single,Bachelor's,From 5 to 10 years,Less than 5 years,Financial sector,HR,HR Specialist,Less than 5000 SAR,1,No,No,No,I don't have overtime,No,No,From 7  training programs to more,No,I do not travel for work,Low,No,High,Medium,Far,Easy,No,No,No,No,High,Not satisfied,Yes
111,No,Female,31 to 40,Married,Bachelor's,Less than 5 years,Less than 5 years,Education sector,Teaching,Teacher,Less than 5000 SAR,0,No,No,No,I don't have overtime,No,No,From 1 to 3 training programs,Yes,I do not travel for work,Medium,Yes,High,Easy,Close,Medium,Yes,Sometimes,Yes,No,High,Satisfied,No
112,No,Female,31 to 40,Single,Master's,From 5 to 10 years,From 5 to 10 years,Medical sector,Patient Affairs,Doctor,From 21000 to 25000 S.R,2,Yes,No,No,No,No,No,From 1 to 3 training programs,Yes,Travel rarely,High,No,Low,Easy,Medium,Difficult,Yes,Yes,No,No,High,Satisfied,No
113,No,Female,41 to 50,Married,Bachelor's,From 11 to 15 years,From 11 to 15 years,Education sector,Teaching,Teacher,From 5000 to 10000 S.R,0,No,No,No,No,Yes,No,From 7  training programs to more,No,I do not travel for work,Medium,Yes,Medium,Easy,Close,Medium,Sometimes,No,Yes,No,High,Satisfied,No
114,Yes,Female,21 to 30,Married,Bachelor's,Less than 5 years,Less than 5 years,Education sector,Teaching,Trainer,Less than 5000 SAR,0,No,No,No,I don't have overtime,No,No,I did not receive any training,No,I do not travel for work,Low,Yes,High,Medium,Close,Easy,No,No,Yes,No,High,Satisfied,Yes
115,No,Female,31 to 40,Single,Master's,From 11 to 15 years,From 11 to 15 years,Education sector,Teaching,Lecturer,From 5000 to 10000 S.R,1,No,No,No,I don't have overtime,No,No,From 4 to 6 training programs,No,I do not travel for work,Low,No,Low,Easy,Medium,Difficult,Yes,Yes,No,No,Medium,Not satisfied,No
116,Yes,Female,21 to 30,Single,Bachelor's,From 5 to 10 years,Less than 5 years,Financial sector,Accounting,Accountant,From 5000 to 10000 S.R,2,Yes,Yes,Yes,Yes,No,No,From 1 to 3 training programs,No,I do not travel for work,Low,Yes,Low,Medium,Medium,Difficult,Sometimes,Yes,No,No,Low,Not satisfied,Yes
117,Yes,Female,21 to 30,Married,Bachelor's,Less than 5 years,Less than 5 years,Transport sector,Information technology,IT specialist,From 11000 to 15000 S.R,0,No,No,No,I don't have overtime,No,No,I did not receive any training,No,Travel rarely,High,No,Low,Difficult,Medium,Difficult,Yes,Yes,No,Yes,Low,Not satisfied,No
118,Yes,Male,31 to 40,Married,Master's,From 5 to 10 years,Less than 5 years,Financial sector,Processes,Operations Supervisor,From 5000 to 10000 S.R,2,Yes,Yes,No,No,No,No,From 1 to 3 training programs,No,I do not travel for work,Medium,No,Medium,Difficult,Close,Difficult,Yes,Yes,No,No,Low,Not satisfied,Yes
119,Yes,Female,31 to 40,Married,Master's,From 5 to 10 years,From 5 to 10 years,Food production sector,Sales,Salesman,From 11000 to 15000 S.R,2,Yes,Yes,No,No,No,No,From 1 to 3 training programs,No,I do not travel for work,Medium,No,Medium,Easy,Close,Easy,No,No,Yes,No,Medium,Satisfied,Yes
120,Yes,Male,21 to 30,Married,Bachelor's,From 5 to 10 years,Less than 5 years,Food production sector,Safety & Security,Security and safety specialist,From 11000 to 15000 S.R,2,Yes,No,Yes,No,No,No,From 1 to 3 training programs,Yes,I do not travel for work,Low,No,Low,Easy,Far,Difficult,Sometimes,Yes,No,No,Low,Not satisfied,Yes
121,No,Female,21 to 30,Married,Master's,Less than 5 years,Less than 5 years,Education sector,Teaching,Teacher,From 5000 to 10000 S.R,2,Yes,No,No,No,Yes,No,From 1 to 3 training programs,Yes,I do not travel for work,Medium,Yes,High,Medium,Medium,Medium,Yes,Yes,No,No,Medium,Satisfied,Yes
122,No,Female,21 to 30,Single,Bachelor's,Less than 5 years,Less than 5 years,Communications and IT sector,Administration,Manger assistant,From 5000 to 10000 S.R,1,No,Yes,No,I don't have overtime,Yes,Yes,From 4 to 6 training programs,Yes,I do not travel for work,Medium,Yes,Medium,Medium,Medium,Easy,Sometimes,Sometimes,No,No,Medium,Satisfied,No
123,Yes,Male,21 to 30,Single,Bachelor's,Less than 5 years,Less than 5 years,Communications and IT sector,Information technology,IT specialist,From 5000 to 10000 S.R,2,Yes,No,No,I don't have overtime,No,No,I did not receive any training,No,I do not travel for work,Low,No,High,Difficult,Close,Difficult,Yes,Yes,No,No,Medium,Not satisfied,Yes
124,Yes,Female,31 to 40,Single,Bachelor's,Less than 5 years,Less than 5 years,Transport sector,Processes,Data entry operator,Less than 5000 SAR,1,Yes,No,No,I don't have overtime,No,No,I did not receive any training,No,I do not travel for work,Low,No,High,Easy,Close,Medium,No,No,No,No,Low,Satisfied,No
125,Yes,Male,31 to 40,Single,Diploma or secondary,From 5 to 10 years,Less than 5 years,Communications and IT sector,Technical support,IT specialist,Less than 5000 SAR,0,Yes,No,No,I don't have overtime,No,No,From 4 to 6 training programs,Yes,Travel rarely,Low,No,Medium,Medium,Close,Medium,Sometimes,Sometimes,No,No,Medium,Satisfied,No
126,No,Male,21 to 30,Single,Bachelor's,Less than 5 years,Less than 5 years,Food production sector,Processes,Quality Specialist,From 11000 to 15000 S.R,2,Yes,Yes,No,I don't have overtime,No,No,I did not receive any training,No,I do not travel for work,Medium,Yes,High,Easy,Close,Medium,Sometimes,No,Yes,No,High,Satisfied,Yes
127,Yes,Male,21 to 30,Single,Bachelor's,From 5 to 10 years,Less than 5 years,Industry sector,Marketing,Marketing Specialist,Less than 5000 SAR,1,Yes,Yes,Yes,Yes,No,No,I did not receive any training,No,Travel rarely,Low,No,Medium,Medium,Medium,Easy,No,Sometimes,Yes,No,Medium,Satisfied,No
128,Yes,Female,21 to 30,Single,Bachelor's,Less than 5 years,Less than 5 years,Food production sector,Customers service,Customer services representative,Less than 5000 SAR,4,Yes,No,Yes,No,No,No,I did not receive any training,No,I do not travel for work,Low,No,Low,Difficult,Far,Medium,Sometimes,Yes,No,No,Medium,Not satisfied,No
129,Yes,Male,21 to 30,Single,Bachelor's,Less than 5 years,Less than 5 years,Industry sector,HR,HR Specialist,Less than 5000 SAR,2,Yes,No,No,No,No,No,I did not receive any training,No,Travel rarely,Medium,Yes,Medium,Medium,Close,Medium,Yes,Sometimes,No,No,Medium,Satisfied,Yes
130,Yes,Female,21 to 30,Single,Bachelor's,From 5 to 10 years,Less than 5 years,Medical sector,Marketing,Marketing Specialist,Less than 5000 SAR,0,Yes,Yes,No,I don't have overtime,No,No,I did not receive any training,No,I do not travel for work,Low,Yes,Medium,Medium,Close,Medium,Yes,Yes,Yes,No,Medium,Satisfied,Yes
131,Yes,Male,31 to 40,Married,Master's,From 5 to 10 years,From 5 to 10 years,Media sector,Administration,Administrative manager,From 16000 to 20000 S.R,2,Yes,No,No,I don't have overtime,No,No,From 1 to 3 training programs,Yes,Travel rarely,Low,No,Medium,Medium,Far,Medium,Yes,Yes,Yes,Yes,Medium,Satisfied,Yes
132,No,Female,41 to 50,Married,Bachelor's,Less than 5 years,Less than 5 years,Economic sector,Marketing,Marketing Specialist,Less than 5000 SAR,0,No,No,Yes,No,No,No,I did not receive any training,No,I do not travel for work,Low,No,Low,Medium,Close,Medium,Sometimes,Yes,No,No,Low,Not satisfied,No
133,Yes,Female,21 to 30,Single,Bachelor's,Less than 5 years,Less than 5 years,Engineering consulting companies,HR,HR Specialist,Less than 5000 SAR,2,No,No,No,I don't have overtime,No,No,I did not receive any training,No,I do not travel for work,Low,No,Low,Difficult,Medium,Easy,No,Yes,No,No,Low,Not satisfied,No
134,Yes,Female,21 to 30,Single,Bachelor's,From 5 to 10 years,From 5 to 10 years,Financial sector,Accounting,Admin accountant,From 5000 to 10000 S.R,2,Yes,No,No,No,No,No,I did not receive any training,No,I do not travel for work,Medium,No,Medium,Medium,Close,Easy,No,No,Yes,No,High,Satisfied,No
135,No,Female,21 to 30,Single,Bachelor's,Less than 5 years,Less than 5 years,Industry sector,Information technology,Application specialist,From 5000 to 10000 S.R,2,Yes,No,No,I don't have overtime,No,No,I did not receive any training,No,I do not travel for work,Medium,Yes,High,Easy,Medium,Difficult,Yes,Yes,No,No,Medium,Satisfied,No
137,Yes,Female,21 to 30,Married,Bachelor's,Less than 5 years,Less than 5 years,Communications and IT sector,Customers service,Customer services representative,Less than 5000 SAR,2,Yes,No,Yes,No,No,No,I did not receive any training,No,I do not travel for work,Low,No,High,Difficult,Far,Medium,Yes,Yes,No,No,Low,Not satisfied,No
138,Yes,Female,21 to 30,Single,Diploma or secondary,From 5 to 10 years,From 5 to 10 years,Medical sector,Customers service,Customer services representative,From 5000 to 10000 S.R,2,Yes,Yes,Yes,No,Yes,No,I did not receive any training,No,I do not travel for work,Low,Yes,High,Easy,Medium,Difficult,Sometimes,Yes,Yes,No,High,Not satisfied,No
139,No,Female,21 to 30,Single,Bachelor's,Less than 5 years,Less than 5 years,"Environment, Water, and Agriculture sector",Processes,Chemical Engineer,From 5000 to 10000 S.R,1,No,No,No,I don't have overtime,No,No,I did not receive any training,No,I do not travel for work,Low,No,Medium,Medium,Medium,Medium,No,No,No,No,Low,Not satisfied,No
140,Yes,Female,21 to 30,Married,Bachelor's,Less than 5 years,Less than 5 years,Law firm,Legal Affairs,Lawyer,From 5000 to 10000 S.R,0,No,No,Yes,No,No,No,From 1 to 3 training programs,Yes,I do not travel for work,Low,No,High,Difficult,Medium,Easy,No,Yes,No,No,Low,Satisfied,No
141,Yes,Male,21 to 30,Married,Diploma or secondary,From 11 to 15 years,From 11 to 15 years,Food production sector,Processes,Driver,Less than 5000 SAR,2,Yes,Yes,Yes,No,No,No,I did not receive any training,No,Travel frequently,Low,No,Low,Easy,Medium,Easy,Yes,No,No,No,Low,Not satisfied,Yes
142,Yes,Female,21 to 30,Married,Bachelor's,From 5 to 10 years,Less than 5 years,Education sector,Teaching,Teacher,From 5000 to 10000 S.R,1,No,No,No,I don't have overtime,No,No,I did not receive any training,No,I do not travel for work,Medium,Yes,Medium,Medium,Close,Easy,Yes,Yes,No,No,Low,Not satisfied,Yes
143,No,Female,31 to 40,Single,Bachelor's,From 5 to 10 years,From 5 to 10 years,Financial sector,Relations,Relationships Specialist,From 11000 to 15000 S.R,2,Yes,Yes,No,No,No,No,From 1 to 3 training programs,No,I do not travel for work,Low,No,Low,Difficult,Close,Difficult,Yes,Yes,No,No,Low,Not satisfied,No
144,Yes,Female,21 to 30,Married,Bachelor's,Less than 5 years,Less than 5 years,Medical sector,Customers service,Customer services representative,Less than 5000 SAR,0,Yes,No,Yes,No,No,No,I did not receive any training,No,I do not travel for work,Low,No,Medium,Difficult,Close,Medium,Yes,Yes,Yes,No,Low,Satisfied,No
145,No,Female,21 to 30,Single,Bachelor's,Less than 5 years,Less than 5 years,Industry sector,HR,HR Specialist,From 5000 to 10000 S.R,1,Yes,No,Yes,No,Yes,Yes,I did not receive any training,No,I do not travel for work,Low,Yes,High,Difficult,Medium,Medium,Sometimes,Yes,No,No,Low,Satisfied,No
146,Yes,Male,21 to 30,Single,Diploma or secondary,Less than 5 years,Less than 5 years,Medical sector,Accounting,Accountant,Less than 5000 SAR,0,No,No,No,No,No,No,I did not receive any training,No,Travel frequently,Low,No,Low,Difficult,Far,Difficult,Yes,Yes,No,No,Low,Satisfied,No
147,Yes,Female,51 to 60,Married,Bachelor's,From 11 to 15 years,From 11 to 15 years,Medical sector,Administration,Secretariat,From 5000 to 10000 S.R,3,Yes,No,No,I don't have overtime,Yes,No,From 1 to 3 training programs,No,I do not travel for work,Low,No,High,Difficult,Medium,Medium,No,Sometimes,No,No,Low,Satisfied,No
148,Yes,Male,21 to 30,Single,Diploma or secondary,From 5 to 10 years,Less than 5 years,Energy sector,Processes,Electrical engineer,Less than 5000 SAR,2,Yes,No,No,I don't have overtime,No,No,I did not receive any training,No,I do not travel for work,Low,No,Low,Difficult,Close,Difficult,Yes,Yes,Yes,No,Low,Not satisfied,No
149,Yes,Female,21 to 30,Single,Bachelor's,Less than 5 years,Less than 5 years,Economic sector,Accounting,Accountant,From 5000 to 10000 S.R,2,Yes,No,No,I don't have overtime,No,Yes,I did not receive any training,No,I do not travel for work,Low,No,High,Difficult,Medium,Difficult,Sometimes,Yes,Yes,No,Medium,Not satisfied,No
150,No,Male,31 to 40,Married,Diploma or secondary,From 11 to 15 years,From 11 to 15 years,Financial sector,Accounting,Admin accountant,From 5000 to 10000 S.R,2,Yes,Yes,No,Yes,Yes,No,I did not receive any training,No,I do not travel for work,Medium,Yes,Medium,Difficult,Far,Difficult,Yes,Yes,No,No,Medium,Satisfied,No
151,Yes,Male,31 to 40,Married,Bachelor's,From 11 to 15 years,From 11 to 15 years,Energy sector,Processes,Electrical engineer,From 5000 to 10000 S.R,2,Yes,No,Yes,Yes,No,No,I did not receive any training,No,I do not travel for work,High,Yes,High,Easy,Medium,Easy,Sometimes,No,Yes,No,High,Very satisfied,Yes
152,No,Female,21 to 30,Single,Bachelor's,Less than 5 years,Less than 5 years,Medical sector,Relations,Relationships Specialist,Less than 5000 SAR,0,Yes,No,No,I don't have overtime,No,No,I did not receive any training,No,Travel rarely,Low,No,Medium,Medium,Medium,Difficult,Yes,Yes,No,No,Medium,Satisfied,Yes
153,No,Female,21 to 30,Single,Diploma or secondary,Less than 5 years,Less than 5 years,Medical sector,Customers service,Customer services representative,From 5000 to 10000 S.R,3,Yes,Yes,Yes,Yes,Yes,Yes,I did not receive any training,No,I do not travel for work,High,Yes,High,Medium,Close,Medium,Yes,Yes,Yes,No,High,Very satisfied,No
154,No,Female,21 to 30,Single,Bachelor's,Less than 5 years,Less than 5 years,Transport sector,HR,HR Specialist,From 5000 to 10000 S.R,2,Yes,Yes,No,I don't have overtime,Yes,Yes,From 1 to 3 training programs,Yes,I do not travel for work,Medium,Yes,Medium,Medium,Medium,Difficult,Sometimes,Yes,No,No,Medium,Satisfied,Yes
155,No,Female,21 to 30,Single,Bachelor's,Less than 5 years,Less than 5 years,Industry sector,Information technology,Application specialist,Less than 5000 SAR,1,Yes,No,Yes,No,No,No,I did not receive any training,No,I do not travel for work,Low,No,Medium,Medium,Medium,Medium,Yes,Yes,No,Yes,Low,Not satisfied,No
156,No,Female,21 to 30,Single,Bachelor's,Less than 5 years,Less than 5 years,Economic sector,Sales,Salesman,Less than 5000 SAR,1,Yes,No,No,I don't have overtime,No,No,I did not receive any training,No,I do not travel for work,Low,No,Low,Easy,Medium,Difficult,Yes,Yes,No,No,Low,Not satisfied,No
157,Yes,Male,31 to 40,Married,Bachelor's,From 5 to 10 years,From 5 to 10 years,Education sector,Sales,Sales representative,Less than 5000 SAR,2,Yes,No,No,I don't have overtime,No,No,From 1 to 3 training programs,Yes,Travel rarely,Medium,Yes,High,Medium,Close,Medium,No,No,No,No,Medium,Satisfied,No
158,No,Male,31 to 40,Married,Bachelor's,Less than 5 years,Less than 5 years,"Environment, Water, and Agriculture sector",Processes,Quality Specialist,From 5000 to 10000 S.R,2,Yes,Yes,Yes,Yes,No,No,From 1 to 3 training programs,Yes,Travel rarely,Medium,No,Medium,Medium,Far,Medium,Sometimes,No,No,No,Medium,Satisfied,No
159,No,Male,31 to 40,Single,Diploma or secondary,Less than 5 years,Less than 5 years,Economic sector,Sales,Salesman,Less than 5000 SAR,1,Yes,No,No,I don't have overtime,No,No,I did not receive any training,No,I do not travel for work,Medium,No,High,Difficult,Medium,Medium,Yes,Yes,No,No,Medium,Satisfied,No
160,Yes,Male,31 to 40,Married,Diploma or secondary,From 5 to 10 years,Less than 5 years,Industry sector,Safety & Security,Supervisor,Less than 5000 SAR,2,Yes,No,No,Yes,No,No,I did not receive any training,No,Travel frequently,Low,No,Low,Easy,Far,Difficult,Yes,Yes,No,Yes,Low,Not satisfied,Yes
161,Yes,Male,21 to 30,Single,Diploma or secondary,From 5 to 10 years,Less than 5 years,Transport sector,HR,HR Specialist,From 5000 to 10000 S.R,2,Yes,No,Yes,No,No,No,I did not receive any training,No,Travel frequently,Medium,Yes,High,Difficult,Medium,Medium,No,Yes,Yes,Yes,High,Very satisfied,Yes
162,Yes,Male,21 to 30,Single,Bachelor's,Less than 5 years,Less than 5 years,Transport sector,HR,HR Specialist,From 5000 to 10000 S.R,2,Yes,No,No,No,Yes,No,From 1 to 3 training programs,Yes,Travel rarely,Low,No,Low,Difficult,Close,Medium,Yes,Yes,No,No,Medium,Not satisfied,No
163,No,Male,21 to 30,Single,Bachelor's,Less than 5 years,Less than 5 years,"Environment, Water, and Agriculture sector",Processes,Chemical Engineer,From 5000 to 10000 S.R,2,Yes,No,No,I don't have overtime,Yes,No,From 1 to 3 training programs,Yes,I do not travel for work,Medium,Yes,Medium,Medium,Close,Medium,No,Sometimes,No,No,High,Very satisfied,No
164,Yes,Female,31 to 40,Single,Bachelor's,Less than 5 years,Less than 5 years,Economic sector,Accounting,Accountant,Less than 5000 SAR,1,No,No,No,I don't have overtime,No,No,I did not receive any training,No,I do not travel for work,Low,No,Low,Difficult,Medium,Difficult,Yes,Yes,No,Yes,Low,Not satisfied,No
165,Yes,Female,31 to 40,Single,Master's,From 5 to 10 years,Less than 5 years,Food production sector,Administration,Administrative manager,From 5000 to 10000 S.R,2,Yes,No,Yes,No,Yes,No,I did not receive any training,No,Travel rarely,Medium,No,High,Difficult,Far,Difficult,No,Yes,No,No,Medium,Satisfied,No
166,Yes,Female,21 to 30,Single,Bachelor's,Less than 5 years,Less than 5 years,Medical sector,Patient Affairs,Nurse,Less than 5000 SAR,2,Yes,Yes,Yes,Yes,No,No,From 1 to 3 training programs,Yes,I do not travel for work,Medium,No,Low,Medium,Close,Medium,Yes,Yes,No,Yes,Medium,Not satisfied,No
167,Yes,Female,31 to 40,Single,Bachelor's,Less than 5 years,Less than 5 years,Medical sector,Processes,Data entry operator,Less than 5000 SAR,2,Yes,No,No,No,No,No,I did not receive any training,No,I do not travel for work,Low,No,Medium,Difficult,Close,Medium,Yes,Sometimes,No,No,High,Not satisfied,No
168,Yes,Female,31 to 40,Married,Bachelor's,Less than 5 years,Less than 5 years,Education sector,Teaching,Trainer,Less than 5000 SAR,0,No,Yes,No,I don't have overtime,Yes,No,From 1 to 3 training programs,Yes,I do not travel for work,Low,Yes,High,Medium,Medium,Medium,Sometimes,No,No,No,Medium,Satisfied,Yes
169,No,Female,21 to 30,Married,Bachelor's,Less than 5 years,Less than 5 years,Education sector,Training,Trainer,Less than 5000 SAR,0,No,No,Yes,Yes,No,Yes,From 1 to 3 training programs,Yes,I do not travel for work,Low,Yes,Medium,Medium,Medium,Medium,Yes,Yes,Yes,No,Medium,Satisfied,Yes
170,No,Female,21 to 30,Single,Bachelor's,Less than 5 years,Less than 5 years,Education sector,Training,Trainer,From 11000 to 15000 S.R,0,No,No,No,I don't have overtime,Yes,No,From 4 to 6 training programs,Yes,I do not travel for work,Medium,Yes,Medium,Medium,Close,Medium,Yes,Yes,Yes,No,Low,Satisfied,No
171,No,Female,21 to 30,Married,Diploma or secondary,Less than 5 years,Less than 5 years,Tourism sector,Customers service,Supervisor,Less than 5000 SAR,0,Yes,No,No,I don't have overtime,No,No,I did not receive any training,No,I do not travel for work,Low,No,Medium,Easy,Medium,Medium,Yes,Yes,No,No,Medium,Not satisfied,No
172,Yes,Male,21 to 30,Single,Bachelor's,From 11 to 15 years,From 11 to 15 years,Financial sector,Treasury,Treasury agent,From 16000 to 20000 S.R,2,Yes,Yes,Yes,I don't have overtime,No,No,I did not receive any training,Yes,I do not travel for work,Medium,Yes,Low,Medium,Medium,Medium,Sometimes,Sometimes,No,No,Low,Not satisfied,Yes
173,No,Male,31 to 40,Married,Bachelor's,From 11 to 15 years,From 11 to 15 years,Medical sector,Administration,Administrative manager,From 5000 to 10000 S.R,0,Yes,Yes,Yes,Yes,No,No,From 1 to 3 training programs,No,Travel frequently,Medium,No,High,Difficult,Close,Medium,Sometimes,Yes,No,Yes,Medium,Not satisfied,Yes
174,Yes,Female,31 to 40,Married,Bachelor's,Less than 5 years,Less than 5 years,Medical sector,Patient Affairs,Nurse,From 5000 to 10000 S.R,1,Yes,No,No,I don't have overtime,Yes,No,I did not receive any training,No,I do not travel for work,Medium,No,Medium,Medium,Medium,Medium,Sometimes,No,No,No,Medium,Satisfied,Yes
175,Yes,Female,21 to 30,Married,Diploma or secondary,From 5 to 10 years,From 5 to 10 years,Food production sector,Sales,Supervisor,Less than 5000 SAR,3,Yes,No,Yes,Yes,No,No,From 1 to 3 training programs,No,I do not travel for work,Low,No,Low,Difficult,Medium,Difficult,Yes,Yes,No,No,Low,Not satisfied,Yes
176,No,Female,21 to 30,Single,Diploma or secondary,From 11 to 15 years,From 11 to 15 years,Food production sector,Sales,Salesman,Less than 5000 SAR,1,No,Yes,Yes,Yes,Yes,Yes,From 1 to 3 training programs,Yes,I do not travel for work,Medium,No,High,Medium,Close,Easy,No,No,Yes,No,High,Very satisfied,No
177,No,Female,21 to 30,Married,Bachelor's,Less than 5 years,Less than 5 years,Communications and IT sector,Customers service,Customer services representative,Less than 5000 SAR,2,Yes,No,No,I don't have overtime,Yes,No,I did not receive any training,No,I do not travel for work,Medium,Yes,Medium,Medium,Medium,Medium,No,Yes,No,No,Medium,Satisfied,No
178,Yes,Female,21 to 30,Single,Bachelor's,From 5 to 10 years,From 5 to 10 years,Financial sector,Treasury,Treasury agent,From 16000 to 20000 S.R,2,No,No,No,I don't have overtime,No,No,I did not receive any training,No,I do not travel for work,Medium,Yes,Medium,Medium,Medium,Medium,Yes,Sometimes,No,No,High,Satisfied,No
179,Yes,Female,21 to 30,Single,Diploma or secondary,Less than 5 years,Less than 5 years,Medical sector,Sales,Salesman,Less than 5000 SAR,0,No,Yes,No,No,No,No,From 1 to 3 training programs,Yes,I do not travel for work,Medium,Yes,Medium,Medium,Far,Medium,Yes,Yes,Yes,Yes,Medium,Satisfied,No
180,Yes,Female,21 to 30,Single,Bachelor's,Less than 5 years,Less than 5 years,Food production sector,Administration,Administrative manager,Less than 5000 SAR,3,Yes,No,Yes,No,No,No,I did not receive any training,No,I do not travel for work,Low,No,Medium,Medium,Close,Medium,Yes,Yes,No,No,Medium,Not satisfied,Yes
181,No,Male,31 to 40,Married,Master's,From 5 to 10 years,From 5 to 10 years,Food production sector,Administration,Administrative manager,From 5000 to 10000 S.R,2,Yes,No,Yes,Yes,No,No,From 1 to 3 training programs,Yes,Travel rarely,Medium,No,Medium,Medium,Medium,Medium,Yes,Yes,No,No,Medium,Not satisfied,Yes
182,No,Female,21 to 30,Single,Diploma or secondary,Less than 5 years,Less than 5 years,Financial sector,Sales,Salesman,Less than 5000 SAR,0,Yes,Yes,No,Yes,Yes,Yes,From 1 to 3 training programs,Yes,I do not travel for work,Low,No,Medium,Easy,Far,Easy,Sometimes,Sometimes,Yes,No,High,Very satisfied,No
183,Yes,Female,21 to 30,Single,Diploma or secondary,From 5 to 10 years,Less than 5 years,Industry sector,Sales,Supervisor,Less than 5000 SAR,1,Yes,No,Yes,Yes,No,No,From 1 to 3 training programs,Yes,Travel frequently,Low,Yes,High,Easy,Far,Easy,Yes,Yes,No,No,Low,Not satisfied,Yes
184,No,Male,31 to 40,Married,Master's,Less than 5 years,Less than 5 years,Medical sector,Patient Affairs,Doctor,From 16000 to 20000 S.R,3,Yes,Yes,No,No,Yes,Yes,From 1 to 3 training programs,Yes,Travel rarely,Medium,Yes,High,Medium,Medium,Medium,Sometimes,Sometimes,Yes,No,Medium,Satisfied,No
185,Yes,Female,51 to 60,Single,Ph.D,From 16 to 20 years,From 11 to 15 years,Medical sector,Patient Affairs,Doctor,From 26000 to 30000 S.R,2,No,No,Yes,No,Yes,No,I did not receive any training,No,Travel rarely,Low,No,Low,Difficult,Close,Medium,Yes,Sometimes,No,No,High,Satisfied,No
186,No,Female,31 to 40,Single,Bachelor's,Less than 5 years,Less than 5 years,Medical sector,Patient Affairs,Nurse,Less than 5000 SAR,0,Yes,No,No,No,Yes,Yes,I did not receive any training,No,Travel rarely,Medium,Yes,High,Easy,Close,Easy,No,No,Yes,No,High,Very satisfied,Yes
187,No,Female,21 to 30,Single,Bachelor's,Less than 5 years,Less than 5 years,Medical sector,Customers service,Receptionist,Less than 5000 SAR,0,No,No,Yes,No,No,No,I did not receive any training,Yes,I do not travel for work,Medium,No,Medium,Medium,Medium,Difficult,Yes,Sometimes,No,No,High,Satisfied,No
188,Yes,Female,31 to 40,Single,Bachelor's,From 5 to 10 years,Less than 5 years,Medical sector,Administration,Secretariat,Less than 5000 SAR,0,Yes,Yes,No,I don't have overtime,Yes,No,From 1 to 3 training programs,Yes,I do not travel for work,Medium,Yes,High,Medium,Medium,Easy,Sometimes,Sometimes,No,No,High,Very satisfied,No
189,No,Female,21 to 30,Single,Bachelor's,Less than 5 years,Less than 5 years,Medical sector,Patient Affairs,Nurse,Less than 5000 SAR,0,No,No,No,No,Yes,Yes,I did not receive any training,Yes,Travel rarely,Medium,Yes,Medium,Medium,Medium,Medium,Sometimes,No,Yes,No,Medium,Satisfied,Yes
190,No,Male,21 to 30,Single,Bachelor's,Less than 5 years,Less than 5 years,Financial sector,Banking operations,Banking operations,From 5000 to 10000 S.R,2,Yes,Yes,Yes,I don't have overtime,No,No,From 1 to 3 training programs,Yes,I do not travel for work,High,Yes,Medium,Easy,Medium,Easy,Sometimes,Sometimes,No,No,Medium,Satisfied,Yes
191,Yes,Male,21 to 30,Single,Bachelor's,From 5 to 10 years,Less than 5 years,Financial sector,Treasury,Head of treasury,From 16000 to 20000 S.R,2,Yes,No,Yes,I don't have overtime,No,No,I did not receive any training,No,I do not travel for work,Low,Yes,Medium,Medium,Medium,Difficult,Sometimes,No,Yes,No,Low,Satisfied,Yes
192,Yes,Male,31 to 40,Single,Diploma or secondary,Less than 5 years,Less than 5 years,Communications and IT sector,Technical support,IT specialist,Less than 5000 SAR,3,Yes,No,Yes,Yes,No,No,I did not receive any training,No,Travel frequently,Medium,No,High,Difficult,Medium,Difficult,Yes,Yes,No,No,Medium,Not satisfied,No
193,Yes,Female,21 to 30,Married,Diploma or secondary,From 26 to 30 years,From 11 to 15 years,Food production sector,Processes,Quality controller,From 5000 to 10000 S.R,3,Yes,Yes,No,Yes,No,No,I did not receive any training,No,I do not travel for work,Low,No,Medium,Medium,Close,Medium,Yes,Yes,No,No,High,Not satisfied,Yes
194,No,Male,31 to 40,Married,Diploma or secondary,Less than 5 years,Less than 5 years,Media sector,Administration,Scribe,Less than 5000 SAR,1,Yes,Yes,Yes,Yes,No,No,I did not receive any training,No,Travel rarely,Medium,Yes,Low,Medium,Close,Medium,Sometimes,Sometimes,Yes,No,Medium,Satisfied,No
195,No,Female,21 to 30,Married,Diploma or secondary,Less than 5 years,Less than 5 years,Media sector,Sales,Salesman,Less than 5000 SAR,0,No,No,No,I don't have overtime,No,No,I did not receive any training,No,I do not travel for work,Low,Yes,Medium,Difficult,Far,Medium,Sometimes,Yes,No,No,Medium,Not satisfied,Yes
196,Yes,Female,31 to 40,Married,Diploma or secondary,Less than 5 years,Less than 5 years,Economic sector,Sales,Salesman,Less than 5000 SAR,1,Yes,Yes,No,I don't have overtime,Yes,Yes,From 1 to 3 training programs,Yes,I do not travel for work,Medium,No,Medium,Difficult,Medium,Easy,Yes,Yes,Yes,No,Medium,Satisfied,Yes
197,No,Female,31 to 40,Single,Bachelor's,From 5 to 10 years,From 5 to 10 years,Medical sector,Patient Affairs,Doctor,From 5000 to 10000 S.R,2,Yes,No,No,No,No,Yes,I did not receive any training,No,Travel rarely,Medium,Yes,Medium,Medium,Medium,Medium,Yes,Yes,No,Yes,Medium,Satisfied,No
198,Yes,Female,21 to 30,Married,Bachelor's,From 5 to 10 years,Less than 5 years,Education sector,Teaching,Teacher,Less than 5000 SAR,0,Yes,No,Yes,No,No,No,From 4 to 6 training programs,Yes,I do not travel for work,Low,No,High,Easy,Medium,Easy,Yes,Yes,No,No,Medium,Satisfied,Yes
199,Yes,Female,21 to 30,Married,Bachelor's,From 5 to 10 years,From 5 to 10 years,Education sector,Teaching,Teacher,From 5000 to 10000 S.R,0,Yes,No,Yes,Yes,No,No,From 1 to 3 training programs,Yes,I do not travel for work,Low,No,Medium,Medium,Medium,Medium,Yes,Yes,Yes,Yes,Medium,Satisfied,No
200,Yes,Female,21 to 30,Married,Bachelor's,From 5 to 10 years,From 5 to 10 years,Education sector,Teaching,Teacher,From 5000 to 10000 S.R,1,Yes,Yes,No,I don't have overtime,Yes,No,I did not receive any training,No,I do not travel for work,Medium,Yes,High,Medium,Close,Easy,Yes,Yes,No,No,High,Very satisfied,Yes
201,Yes,Female,31 to 40,Married,Bachelor's,From 5 to 10 years,From 5 to 10 years,Education sector,Teaching,HR Specialist,Less than 5000 SAR,0,No,No,No,No,No,No,I did not receive any training,No,I do not travel for work,Low,No,Low,Difficult,Medium,Difficult,Yes,Yes,No,No,Low,Not satisfied,No
202,No,Female,51 to 60,Married,Bachelor's,Less than 5 years,Less than 5 years,Education sector,Teaching,Teacher,Less than 5000 SAR,0,No,Yes,No,No,No,Yes,From 1 to 3 training programs,Yes,I do not travel for work,High,Yes,High,Medium,Medium,Medium,Sometimes,Sometimes,Yes,No,Medium,Satisfied,Yes
203,No,Female,31 to 40,Married,Bachelor's,From 5 to 10 years,From 5 to 10 years,Education sector,Teaching,Teacher,From 5000 to 10000 S.R,1,Yes,Yes,No,No,No,No,From 1 to 3 training programs,Yes,I do not travel for work,Medium,Yes,High,Medium,Medium,Medium,Yes,Sometimes,No,No,High,Satisfied,No
204,Yes,Female,31 to 40,Married,Bachelor's,From 5 to 10 years,Less than 5 years,Education sector,Teaching,Teacher,Less than 5000 SAR,1,No,No,No,I don't have overtime,No,No,From 1 to 3 training programs,Yes,I do not travel for work,Low,No,Low,Easy,Medium,Medium,No,No,No,No,Low,Not satisfied,No
205,Yes,Female,31 to 40,Married,Bachelor's,From 5 to 10 years,Less than 5 years,Education sector,Teaching,Teacher,From 5000 to 10000 S.R,1,Yes,No,Yes,No,No,No,I did not receive any training,No,I do not travel for work,Low,No,Low,Difficult,Medium,Easy,Yes,Yes,No,No,Medium,Not satisfied,Yes
206,Yes,Female,31 to 40,Single,Bachelor's,From 5 to 10 years,Less than 5 years,Education sector,Administration,Manger assistant,From 5000 to 10000 S.R,1,Yes,No,Yes,No,No,No,I did not receive any training,No,I do not travel for work,Low,No,Medium,Difficult,Far,Difficult,Yes,Yes,No,No,Medium,Satisfied,Yes
207,Yes,Female,31 to 40,Married,Bachelor's,Less than 5 years,Less than 5 years,Industry sector,HR,Hiring specialist,From 5000 to 10000 S.R,2,Yes,No,No,I don't have overtime,No,No,I did not receive any training,No,I do not travel for work,Medium,No,Medium,Medium,Medium,Medium,No,No,No,No,Medium,Not satisfied,Yes
208,No,Male,21 to 30,Married,Bachelor's,Less than 5 years,Less than 5 years,Media sector,Customers service,Receptionist,From 5000 to 10000 S.R,4,Yes,No,No,I don't have overtime,No,No,From 4 to 6 training programs,Yes,Travel rarely,Medium,Yes,High,Easy,Medium,Medium,Sometimes,Sometimes,No,No,High,Satisfied,No
209,Yes,Male,21 to 30,Single,Bachelor's,From 5 to 10 years,Less than 5 years,Tourism sector,Administration,Administrative manager,Less than 5000 SAR,2,No,No,No,No,No,No,I did not receive any training,Yes,I do not travel for work,Medium,No,Medium,Medium,Medium,Medium,Yes,Yes,No,No,Medium,Satisfied,No
210,Yes,Female,21 to 30,Married,Diploma or secondary,From 5 to 10 years,Less than 5 years,Financial sector,Sales,Sales representative,From 5000 to 10000 S.R,3,Yes,Yes,No,I don't have overtime,No,No,I did not receive any training,No,I do not travel for work,Medium,No,Low,Easy,Medium,Easy,No,No,No,No,High,Very satisfied,Yes
211,No,Female,21 to 30,Married,Bachelor's,Less than 5 years,Less than 5 years,Tourism sector,Customers service,Receptionist,Less than 5000 SAR,2,Yes,No,No,I don't have overtime,Yes,No,From 1 to 3 training programs,Yes,Travel rarely,High,Yes,High,Medium,Medium,Medium,Sometimes,Sometimes,No,No,High,Satisfied,No
212,No,Female,21 to 30,Married,Diploma or secondary,Less than 5 years,Less than 5 years,Food production sector,Customers service,Receptionist,From 5000 to 10000 S.R,2,No,No,No,I don't have overtime,No,No,I did not receive any training,No,I do not travel for work,Medium,No,Medium,Medium,Close,Difficult,Yes,Sometimes,No,No,Medium,Satisfied,No
213,No,Female,21 to 30,Single,Diploma or secondary,Less than 5 years,Less than 5 years,Financial sector,Sales,Supervisor,Less than 5000 SAR,1,Yes,No,Yes,No,No,No,I did not receive any training,No,I do not travel for work,Medium,No,Medium,Medium,Far,Medium,Yes,Yes,Yes,No,Medium,Satisfied,No
214,Yes,Female,31 to 40,Married,Diploma or secondary,From 11 to 15 years,Less than 5 years,Financial sector,Marketing,Marketing Specialist,From 5000 to 10000 S.R,0,Yes,No,No,I don't have overtime,No,No,I did not receive any training,No,I do not travel for work,Low,No,Low,Difficult,Far,Medium,Yes,Yes,No,No,Medium,Not satisfied,Yes
215,Yes,Male,21 to 30,Single,Diploma or secondary,From 5 to 10 years,Less than 5 years,Education sector,Administration,Supervisor,Less than 5000 SAR,0,Yes,Yes,Yes,Yes,Yes,Yes,From 7  training programs to more,Yes,Travel rarely,High,Yes,High,Medium,Close,Medium,Yes,Yes,Yes,No,Medium,Satisfied,Yes
216,No,Male,51 to 60,Married,Bachelor's,From 31 to 35 years,From 31 to 35 years,Tourism sector,Technical support,Supervisor,From 5000 to 10000 S.R,0,No,No,No,No,Yes,No,From 1 to 3 training programs,No,I do not travel for work,High,Yes,Medium,Easy,Medium,Medium,Yes,Yes,No,No,Medium,Satisfied,No
217,Yes,Male,21 to 30,Married,Bachelor's,From 5 to 10 years,Less than 5 years,Food production sector,Accounting,Accountant,Less than 5000 SAR,0,No,No,No,I don't have overtime,Yes,No,I did not receive any training,No,I do not travel for work,Medium,Yes,Medium,Medium,Close,Easy,Sometimes,Yes,No,No,Medium,Satisfied,No
218,No,Female,21 to 30,Married,Bachelor's,Less than 5 years,Less than 5 years,Education sector,Administration,Manger assistant,Less than 5000 SAR,2,Yes,No,Yes,No,Yes,No,From 1 to 3 training programs,Yes,I do not travel for work,High,Yes,Low,Difficult,Close,Easy,Yes,No,No,No,Medium,Satisfied,No
219,No,Female,41 to 50,Married,Ph.D,From 5 to 10 years,From 5 to 10 years,Medical sector,Patient Affairs,Doctor,S.R 31000 - and more,2,No,No,Yes,No,Yes,No,I did not receive any training,No,Travel frequently,Low,No,Low,Medium,Medium,Medium,No,No,Yes,No,Medium,Satisfied,Yes
220,No,Female,41 to 50,Married,Ph.D,From 5 to 10 years,From 5 to 10 years,Medical sector,Patient Affairs,Doctor,From 26000 to 30000 S.R,2,No,No,No,I don't have overtime,No,No,I did not receive any training,No,Travel frequently,Low,No,Medium,Medium,Medium,Medium,Sometimes,Sometimes,Yes,Yes,Medium,Satisfied,Yes
222,Yes,Female,21 to 30,Married,Bachelor's,From 11 to 15 years,From 5 to 10 years,Communications and IT sector,Customers service,Supervisor,Less than 5000 SAR,2,Yes,No,No,I don't have overtime,No,No,I did not receive any training,No,I do not travel for work,Low,No,Low,Medium,Far,Medium,No,Sometimes,No,No,Low,Very satisfied,Yes
223,Yes,Male,31 to 40,Married,Bachelor's,From 11 to 15 years,Less than 5 years,Industry sector,Processes,Warehouse officer,From 11000 to 15000 S.R,2,Yes,No,No,No,Yes,Yes,From 1 to 3 training programs,Yes,Travel rarely,High,Yes,High,Medium,Close,Easy,No,No,Yes,No,High,Satisfied,No
224,Yes,Male,31 to 40,Single,Bachelor's,From 5 to 10 years,From 5 to 10 years,Industry sector,Technical support,Mechanical engineer,From 11000 to 15000 S.R,2,Yes,Yes,Yes,Yes,Yes,Yes,From 4 to 6 training programs,Yes,Travel frequently,Medium,Yes,Medium,Medium,Medium,Medium,Sometimes,Sometimes,Yes,No,Low,Very satisfied,No
225,No,Female,51 to 60,Married,Ph.D,From 21 to 25 years,From 21 to 25 years,Medical sector,Patient Affairs,Doctor,S.R 31000 - and more,2,Yes,No,Yes,No,Yes,No,From 1 to 3 training programs,Yes,Travel frequently,Medium,Yes,Medium,Easy,Far,Difficult,Sometimes,Sometimes,Yes,No,Medium,Satisfied,Yes
226,Yes,Female,41 to 50,Married,Diploma or secondary,From 5 to 10 years,Less than 5 years,Education sector,Customers service,Manger assistant,Less than 5000 SAR,1,Yes,No,No,I don't have overtime,No,No,From 1 to 3 training programs,Yes,I do not travel for work,Medium,No,Medium,Medium,Far,Medium,Sometimes,Sometimes,No,No,Medium,Satisfied,No
227,Yes,Female,51 to 60,Married,Ph.D,From 16 to 20 years,Less than 5 years,Medical sector,Processes,Consultant,S.R 31000 - and more,1,Yes,No,No,I don't have overtime,No,No,I did not receive any training,No,I do not travel for work,High,Yes,High,Easy,Close,Easy,No,Sometimes,No,No,High,Satisfied,Yes
228,Yes,Male,31 to 40,Married,Master's,From 11 to 15 years,Less than 5 years,Medical sector,Administration,Administrative manager,Less than 5000 SAR,3,Yes,Yes,Yes,Yes,Yes,Yes,From 4 to 6 training programs,Yes,Travel rarely,High,Yes,High,Difficult,Far,Difficult,Yes,Yes,Yes,Yes,High,Very satisfied,Yes
229,Yes,Female,31 to 40,Single,Bachelor's,From 11 to 15 years,Less than 5 years,Medical sector,Administration,Administrative manager,Less than 5000 SAR,2,Yes,No,No,I don't have overtime,No,No,I did not receive any training,No,I do not travel for work,Low,Yes,Low,Medium,Close,Easy,Sometimes,Sometimes,No,No,Low,Not satisfied,Yes
230,Yes,Female,31 to 40,Married,Bachelor's,From 5 to 10 years,Less than 5 years,Medical sector,Administration,Manger assistant,Less than 5000 SAR,0,No,No,No,I don't have overtime,No,No,From 1 to 3 training programs,Yes,I do not travel for work,Medium,No,Medium,Medium,Close,Medium,No,No,No,No,Medium,Satisfied,No
231,No,Male,21 to 30,Single,Bachelor's,Less than 5 years,Less than 5 years,Industry sector,Production,Production supervisor,Less than 5000 SAR,0,No,No,No,I don't have overtime,No,No,From 1 to 3 training programs,Yes,I do not travel for work,Medium,Yes,Medium,Difficult,Close,Easy,Sometimes,Sometimes,No,No,Low,Not satisfied,Yes
232,Yes,Male,31 to 40,Married,Bachelor's,Less than 5 years,Less than 5 years,Tourism sector,Accounting,Accountant,From 5000 to 10000 S.R,0,No,No,No,I don't have overtime,Yes,No,From 1 to 3 training programs,Yes,I do not travel for work,High,Yes,Medium,Difficult,Close,Medium,Sometimes,Sometimes,No,No,Medium,Satisfied,Yes
233,No,Female,21 to 30,Single,Bachelor's,Less than 5 years,Less than 5 years,Education sector,Teaching,Teacher,From 5000 to 10000 S.R,1,No,No,No,I don't have overtime,Yes,No,From 1 to 3 training programs,Yes,I do not travel for work,Medium,Yes,Low,Difficult,Far,Medium,Sometimes,Sometimes,No,No,Medium,Satisfied,Yes
234,No,Male,31 to 40,Married,Bachelor's,Less than 5 years,Less than 5 years,Education sector,Teaching,Teacher,From 5000 to 10000 S.R,2,No,No,No,I don't have overtime,Yes,Yes,From 4 to 6 training programs,Yes,I do not travel for work,High,Yes,Medium,Difficult,Close,Easy,Sometimes,Sometimes,Yes,No,High,Very satisfied,Yes
235,Yes,Male,21 to 30,Married,Bachelor's,From 5 to 10 years,Less than 5 years,Transport sector,Sales,Sales representative,Less than 5000 SAR,2,No,No,No,I don't have overtime,No,No,I did not receive any training,No,I do not travel for work,Low,No,Medium,Easy,Medium,Medium,Yes,Sometimes,No,No,Medium,Not satisfied,Yes
236,Yes,Male,21 to 30,Married,Diploma or secondary,Less than 5 years,Less than 5 years,"Environment, Water, and Agriculture sector",Processes,Driver,Less than 5000 SAR,1,Yes,Yes,Yes,Yes,Yes,Yes,From 1 to 3 training programs,Yes,Travel frequently,Low,Yes,Low,Easy,Close,Easy,Yes,Yes,Yes,Yes,Low,Very satisfied,Yes
237,No,Female,21 to 30,Single,Bachelor's,Less than 5 years,Less than 5 years,Medical sector,Patient Affairs,Pharmacist,From 5000 to 10000 S.R,0,Yes,No,Yes,No,Yes,No,I did not receive any training,Yes,I do not travel for work,Medium,Yes,Medium,Medium,Medium,Medium,Yes,Sometimes,Yes,No,Medium,Satisfied,Yes
238,Yes,Male,51 to 60,Married,Bachelor's,From 26 to 30 years,From 5 to 10 years,Medical sector,Patient Affairs,Pharmacist,From 5000 to 10000 S.R,1,Yes,No,Yes,Yes,Yes,Yes,From 1 to 3 training programs,Yes,I do not travel for work,Medium,Yes,High,Medium,Medium,Medium,Sometimes,No,Yes,No,Medium,Very satisfied,Yes
239,Yes,Male,31 to 40,Married,Ph.D,From 11 to 15 years,Less than 5 years,Medical sector,Patient Affairs,Pharmacist,Less than 5000 SAR,2,No,No,Yes,Yes,Yes,No,From 1 to 3 training programs,Yes,I do not travel for work,Medium,Yes,High,Easy,Close,Medium,Yes,Sometimes,Yes,No,High,Satisfied,Yes
240,No,Female,21 to 30,Single,Bachelor's,Less than 5 years,Less than 5 years,Medical sector,Administration,Reports Manager,From 5000 to 10000 S.R,2,Yes,No,No,Yes,No,No,From 1 to 3 training programs,Yes,I do not travel for work,Medium,Yes,Medium,Medium,Close,Medium,Sometimes,Sometimes,No,No,Medium,Satisfied,Yes
241,Yes,Female,31 to 40,Married,Bachelor's,Less than 5 years,Less than 5 years,Medical sector,Patient Affairs,Doctor,From 5000 to 10000 S.R,1,Yes,No,No,Yes,No,No,I did not receive any training,No,I do not travel for work,Medium,Yes,Medium,Medium,Close,Difficult,Sometimes,Sometimes,No,Yes,Medium,Not satisfied,No
242,No,Female,21 to 30,Married,Bachelor's,Less than 5 years,Less than 5 years,Medical sector,Patient Affairs,Doctor,From 5000 to 10000 S.R,1,Yes,No,No,No,No,No,I did not receive any training,No,I do not travel for work,Medium,No,Medium,Medium,Close,Difficult,Yes,Yes,No,No,Medium,Not satisfied,No
243,Yes,Male,41 to 50,Married,Diploma or secondary,From 21 to 25 years,From 5 to 10 years,Medical sector,Medical service,Supervisor,From 5000 to 10000 S.R,0,Yes,No,Yes,Yes,Yes,Yes,From 1 to 3 training programs,Yes,Travel rarely,High,Yes,High,Easy,Medium,Easy,Yes,No,Yes,No,High,Very satisfied,Yes
244,Yes,Female,21 to 30,Single,Bachelor's,Less than 5 years,Less than 5 years,Communications and IT sector,Customers service,Customer services representative,Less than 5000 SAR,1,No,Yes,No,I don't have overtime,No,No,I did not receive any training,No,Travel rarely,Low,No,Low,Medium,Close,Easy,Yes,Yes,No,Yes,Low,Not satisfied,Yes
245,No,Female,21 to 30,Single,Bachelor's,Less than 5 years,Less than 5 years,Medical sector,Patient Affairs,Radiographer,Less than 5000 SAR,0,Yes,No,Yes,Yes,No,No,I did not receive any training,Yes,I do not travel for work,Low,No,High,Medium,Close,Medium,Yes,Yes,No,No,Low,Not satisfied,Yes
246,No,Female,31 to 40,Single,Bachelor's,Less than 5 years,Less than 5 years,Medical sector,Patient Affairs,Nurse,Less than 5000 SAR,0,Yes,No,No,Yes,No,No,I did not receive any training,No,I do not travel for work,Low,No,Low,Easy,Close,Medium,No,No,No,No,High,Not satisfied,No
247,Yes,Female,21 to 30,Single,Bachelor's,From 5 to 10 years,Less than 5 years,Medical sector,Patient Affairs,Radiographer,Less than 5000 SAR,0,No,No,Yes,Yes,No,No,I did not receive any training,No,I do not travel for work,Low,No,Low,Difficult,Medium,Difficult,Yes,Sometimes,No,No,Low,Not satisfied,Yes
248,Yes,Female,21 to 30,Single,Bachelor's,From 11 to 15 years,From 5 to 10 years,Education sector,Teaching,Teacher,Less than 5000 SAR,1,Yes,No,Yes,Yes,No,No,I did not receive any training,Yes,I do not travel for work,Low,No,Medium,Easy,Medium,Difficult,Sometimes,No,No,No,Medium,Satisfied,Yes
249,Yes,Female,21 to 30,Single,Bachelor's,From 5 to 10 years,Less than 5 years,Food production sector,Sales,Sales executive,From 5000 to 10000 S.R,3,Yes,No,Yes,Yes,No,No,I did not receive any training,No,I do not travel for work,Low,No,Medium,Difficult,Far,Medium,Yes,Yes,No,Yes,Medium,Not satisfied,Yes
250,Yes,Female,21 to 30,Single,Bachelor's,Less than 5 years,Less than 5 years,Medical sector,Patient Affairs,Nurse,Less than 5000 SAR,0,No,No,Yes,No,No,No,From 1 to 3 training programs,Yes,I do not travel for work,Low,No,Medium,Difficult,Close,Difficult,Sometimes,Sometimes,No,No,Low,Not satisfied,No
251,Yes,Male,31 to 40,Married,Bachelor's,From 11 to 15 years,Less than 5 years,Medical sector,Patient Affairs,Nurse,Less than 5000 SAR,1,Yes,Yes,Yes,Yes,No,No,From 1 to 3 training programs,Yes,I do not travel for work,Medium,No,Medium,Medium,Medium,Difficult,Sometimes,Sometimes,No,No,Medium,Satisfied,No
252,Yes,Male,21 to 30,Single,Diploma or secondary,Less than 5 years,Less than 5 years,Transport sector,Customers service,Customer services representative,Less than 5000 SAR,1,No,Yes,Yes,Yes,No,No,I did not receive any training,Yes,I do not travel for work,Low,Yes,Medium,Medium,Medium,Medium,Sometimes,Sometimes,Yes,No,High,Very satisfied,No
253,Yes,Female,41 to 50,Single,Bachelor's,From 11 to 15 years,Less than 5 years,Education sector,Teaching,Teacher,Less than 5000 SAR,0,No,No,No,No,No,No,From 7  training programs to more,Yes,I do not travel for work,Low,No,Low,Easy,Close,Medium,Yes,Yes,No,Yes,Medium,Not satisfied,Yes
254,No,Female,41 to 50,Married,Diploma or secondary,From 16 to 20 years,From 16 to 20 years,Education sector,Administration,Supervisor,Less than 5000 SAR,2,Yes,Yes,No,I don't have overtime,Yes,Yes,From 4 to 6 training programs,Yes,I do not travel for work,Medium,Yes,High,Easy,Medium,Medium,Sometimes,No,Yes,No,High,Very satisfied,No
255,Yes,Female,21 to 30,Single,Bachelor's,From 5 to 10 years,From 5 to 10 years,Medical sector,Administration,Manger assistant,From 5000 to 10000 S.R,1,Yes,No,No,No,No,No,From 1 to 3 training programs,No,I do not travel for work,Medium,Yes,Medium,Medium,Close,Easy,Yes,Yes,No,No,Low,Not satisfied,Yes
256,Yes,Female,21 to 30,Single,Bachelor's,Less than 5 years,Less than 5 years,Medical sector,Patient Affairs,Dentist,From 5000 to 10000 S.R,1,Yes,No,No,I don't have overtime,Yes,Yes,From 1 to 3 training programs,Yes,Travel rarely,High,Yes,High,Easy,Close,Easy,Yes,No,Yes,No,High,Very satisfied,No
257,No,Female,21 to 30,Single,Bachelor's,Less than 5 years,Less than 5 years,Tourism sector,Administration,Supervisor,Less than 5000 SAR,0,No,No,No,I don't have overtime,No,No,I did not receive any training,No,I do not travel for work,Medium,Yes,Medium,Medium,Medium,Difficult,Yes,Sometimes,No,No,Medium,Very satisfied,Yes
258,No,Female,21 to 30,Married,Bachelor's,Less than 5 years,Less than 5 years,Medical sector,Customers service,Customer services representative,Less than 5000 SAR,1,Yes,No,No,I don't have overtime,No,No,I did not receive any training,No,I do not travel for work,Medium,No,Medium,Medium,Close,Medium,Sometimes,No,Yes,No,Low,Satisfied,No
259,No,Female,41 to 50,Married,Diploma or secondary,Less than 5 years,Less than 5 years,Education sector,Administration,Manger assistant,Less than 5000 SAR,0,No,No,No,I don't have overtime,No,No,From 1 to 3 training programs,Yes,I do not travel for work,Low,No,Medium,Medium,Medium,Easy,Sometimes,Sometimes,No,No,Medium,Not satisfied,Yes
260,No,Female,21 to 30,Single,Bachelor's,Less than 5 years,Less than 5 years,Law firm,Legal Affairs,Lawyer,Less than 5000 SAR,0,No,No,Yes,No,No,No,I did not receive any training,No,I do not travel for work,Low,No,Low,Difficult,Far,Medium,Yes,Yes,No,No,Low,Not satisfied,Yes
261,Yes,Female,21 to 30,Single,Bachelor's,Less than 5 years,Less than 5 years,Communications and IT sector,Customers service,Customer services representative,Less than 5000 SAR,2,Yes,Yes,No,I don't have overtime,No,No,From 1 to 3 training programs,Yes,I do not travel for work,High,Yes,Medium,Medium,Close,Easy,Yes,Sometimes,No,No,Medium,Not satisfied,Yes
262,No,Female,31 to 40,Single,Bachelor's,From 5 to 10 years,From 5 to 10 years,Medical sector,Customers service,Receptionist,From 5000 to 10000 S.R,1,Yes,No,No,No,Yes,No,From 1 to 3 training programs,Yes,I do not travel for work,Medium,Yes,Medium,Medium,Close,Easy,No,No,Yes,No,High,Very satisfied,No
263,Yes,Female,21 to 30,Single,Bachelor's,Less than 5 years,Less than 5 years,Medical sector,Patient Affairs,Data entry operator,Less than 5000 SAR,0,Yes,No,No,I don't have overtime,No,No,From 1 to 3 training programs,Yes,Travel rarely,Medium,Yes,High,Medium,Close,Medium,Sometimes,Sometimes,No,No,Medium,Satisfied,Yes
264,No,Female,21 to 30,Single,Bachelor's,Less than 5 years,Less than 5 years,Medical sector,Patient Affairs,Dentist,From 5000 to 10000 S.R,1,Yes,Yes,No,I don't have overtime,Yes,Yes,I did not receive any training,Yes,I do not travel for work,High,Yes,High,Easy,Medium,Medium,Yes,No,Yes,No,High,Very satisfied,Yes
265,No,Female,21 to 30,Single,Bachelor's,Less than 5 years,Less than 5 years,Medical sector,Patient Affairs,Nurse,Less than 5000 SAR,1,Yes,No,Yes,Yes,No,No,From 1 to 3 training programs,No,I do not travel for work,Medium,Yes,Medium,Medium,Far,Medium,Sometimes,Sometimes,Yes,No,Medium,Satisfied,Yes
266,No,Female,21 to 30,Single,Bachelor's,From 5 to 10 years,From 5 to 10 years,Medical sector,Customers service,Supervisor,From 5000 to 10000 S.R,2,Yes,Yes,Yes,Yes,No,Yes,From 1 to 3 training programs,Yes,I do not travel for work,Medium,Yes,High,Medium,Medium,Medium,No,Yes,No,No,Medium,Satisfied,No
268,Yes,Female,21 to 30,Single,Bachelor's,Less than 5 years,Less than 5 years,Communications and IT sector,Customers service,Customer services representative,Less than 5000 SAR,2,Yes,Yes,No,I don't have overtime,No,No,From 1 to 3 training programs,Yes,I do not travel for work,High,Yes,Medium,Medium,Close,Easy,Yes,Sometimes,No,No,Medium,Not satisfied,Yes
269,No,Female,31 to 40,Single,Bachelor's,Less than 5 years,Less than 5 years,Education sector,Administration,Manger assistant,Less than 5000 SAR,1,Yes,No,No,I don't have overtime,Yes,Yes,From 1 to 3 training programs,Yes,I do not travel for work,Medium,Yes,Medium,Medium,Medium,Medium,No,No,Yes,No,Medium,Satisfied,No
270,No,Female,31 to 40,Married,Bachelor's,Less than 5 years,Less than 5 years,Tourism sector,Customers service,Customer services representative,Less than 5000 SAR,0,No,No,No,I don't have overtime,No,No,I did not receive any training,No,I do not travel for work,Medium,Yes,Medium,Difficult,Far,Difficult,Sometimes,Sometimes,No,No,High,Not satisfied,No
271,Yes,Female,31 to 40,Married,Diploma or secondary,From 5 to 10 years,Less than 5 years,Medical sector,Patient Affairs,Data entry operator,Less than 5000 SAR,2,No,No,No,I don't have overtime,No,No,From 4 to 6 training programs,Yes,I do not travel for work,Medium,No,Low,Easy,Close,Easy,Yes,Yes,No,No,Medium,Not satisfied,Yes
272,Yes,Female,21 to 30,Single,Bachelor's,From 5 to 10 years,Less than 5 years,Medical sector,Patient Affairs,Receptionist,Less than 5000 SAR,1,Yes,No,Yes,Yes,No,No,I did not receive any training,No,I do not travel for work,Medium,No,Low,Medium,Medium,Medium,Sometimes,Yes,No,No,Low,Not satisfied,No
273,No,Female,31 to 40,Single,Bachelor's,From 5 to 10 years,From 5 to 10 years,Medical sector,Customers service,Receptionist,Less than 5000 SAR,2,Yes,No,No,Yes,No,No,I did not receive any training,No,I do not travel for work,Medium,No,High,Medium,Medium,Medium,Sometimes,Yes,No,No,High,Satisfied,Yes
274,No,Female,21 to 30,Single,Bachelor's,Less than 5 years,Less than 5 years,Financial sector,Sales,Salesman,Less than 5000 SAR,0,No,No,No,I don't have overtime,No,No,I did not receive any training,No,I do not travel for work,Low,No,Low,Medium,Close,Medium,Sometimes,Yes,No,No,Low,Not satisfied,Yes
275,No,Female,21 to 30,Single,Bachelor's,Less than 5 years,Less than 5 years,Medical sector,Processes,Data entry operator,From 5000 to 10000 S.R,3,Yes,Yes,No,I don't have overtime,No,No,I did not receive any training,No,I do not travel for work,Low,No,Medium,Medium,Medium,Medium,Yes,Yes,No,No,Medium,Satisfied,No
276,No,Female,21 to 30,Single,Diploma or secondary,Less than 5 years,Less than 5 years,Medical sector,Customers service,Receptionist,Less than 5000 SAR,1,Yes,No,Yes,Yes,Yes,Yes,I did not receive any training,Yes,I do not travel for work,Medium,Yes,High,Medium,Medium,Easy,Sometimes,No,Yes,No,High,Very satisfied,No
277,No,Male,31 to 40,Married,Diploma or secondary,From 5 to 10 years,From 5 to 10 years,Medical sector,Safety & Security,Security and safety specialist,Less than 5000 SAR,0,No,No,No,No,No,Yes,I did not receive any training,No,I do not travel for work,Medium,Yes,Medium,Difficult,Far,Medium,Sometimes,Sometimes,No,No,Medium,Satisfied,No
278,No,Female,21 to 30,Single,Bachelor's,Less than 5 years,Less than 5 years,Medical sector,Customers service,customer services representative,Less than 5000 SAR,1,Yes,No,No,Yes,No,No,I did not receive any training,Yes,I do not travel for work,Low,No,Low,Difficult,Far,Difficult,Yes,Yes,No,Yes,Low,Not satisfied,No
279,Yes,Male,31 to 40,Married,Diploma or secondary,From 16 to 20 years,Less than 5 years,Food production sector,Processes,Lab specialist,Less than 5000 SAR,0,No,No,Yes,No,No,No,From 4 to 6 training programs,Yes,I do not travel for work,Low,No,Medium,Medium,Close,Medium,Sometimes,Sometimes,No,No,Medium,Not satisfied,Yes
280,No,Female,41 to 50,Single,Diploma or secondary,From 5 to 10 years,From 5 to 10 years,Medical sector,Processes,Insurance officer,Less than 5000 SAR,1,Yes,No,Yes,No,No,No,I did not receive any training,No,I do not travel for work,Low,No,High,Medium,Close,Medium,Sometimes,Yes,No,No,Medium,Satisfied,Yes
281,Yes,Female,21 to 30,Single,Diploma or secondary,From 5 to 10 years,Less than 5 years,Media sector,Processes,Graphic designer,Less than 5000 SAR,0,No,No,No,No,Yes,No,I did not receive any training,No,I do not travel for work,Medium,No,Medium,Medium,Far,Easy,No,Sometimes,No,No,Medium,Not satisfied,Yes
282,No,Male,31 to 40,Single,Diploma or secondary,From 5 to 10 years,From 5 to 10 years,Medical sector,Sales,Sales representative,From 11000 to 15000 S.R,2,Yes,No,No,I don't have overtime,No,No,I did not receive any training,No,I do not travel for work,Low,Yes,Low,Difficult,Close,Medium,Sometimes,Yes,No,No,High,Not satisfied,Yes
283,Yes,Male,31 to 40,Married,Bachelor's,From 16 to 20 years,Less than 5 years,Engineering consulting companies,Studies and design,Civil engineer,From 5000 to 10000 S.R,4,Yes,Yes,Yes,Yes,Yes,Yes,I did not receive any training,No,Travel rarely,Low,Yes,Medium,Easy,Close,Easy,No,No,Yes,No,High,Very satisfied,Yes
284,Yes,Female,21 to 30,Single,Bachelor's,Less than 5 years,Less than 5 years,Food production sector,Sales,Salesman,Less than 5000 SAR,3,Yes,Yes,Yes,Yes,No,No,From 4 to 6 training programs,Yes,I do not travel for work,Low,No,Medium,Medium,Close,Medium,Yes,Yes,Yes,No,Medium,Satisfied,Yes
285,Yes,Female,31 to 40,Single,Bachelor's,Less than 5 years,Less than 5 years,Law firm,Legal Affairs,Lawyer,From 5000 to 10000 S.R,1,Yes,No,No,I don't have overtime,No,Yes,I did not receive any training,No,I do not travel for work,High,Yes,Medium,Medium,Far,Medium,Sometimes,Yes,No,No,Low,Not satisfied,Yes
286,No,Female,21 to 30,Single,Bachelor's,Less than 5 years,Less than 5 years,Medical sector,HR,Hr Specialist,From 5000 to 10000 S.R,2,Yes,Yes,No,I don't have overtime,No,No,From 1 to 3 training programs,Yes,I do not travel for work,Low,No,Low,Difficult,Close,Difficult,Yes,Yes,Yes,No,Medium,Not satisfied,No
287,Yes,Female,21 to 30,Married,Bachelor's,From 5 to 10 years,Less than 5 years,Medical sector,Information technology,Application specialist,From 5000 to 10000 S.R,0,Yes,No,No,No,No,No,I did not receive any training,No,I do not travel for work,Medium,Yes,Low,Medium,Medium,Difficult,Yes,Yes,No,Yes,Medium,Satisfied,Yes
288,Yes,Female,21 to 30,Single,Bachelor's,Less than 5 years,Less than 5 years,Transport sector,Customers service,Customer services representative,Less than 5000 SAR,1,Yes,Yes,Yes,Yes,Yes,No,I did not receive any training,No,I do not travel for work,High,Yes,Medium,Easy,Medium,Difficult,Sometimes,Sometimes,No,No,High,Satisfied,Yes
289,No,Female,21 to 30,Single,Bachelor's,Less than 5 years,Less than 5 years,Medical sector,Patient Affairs,Nutrition specialist,From 5000 to 10000 S.R,2,Yes,No,Yes,No,No,No,I did not receive any training,No,I do not travel for work,Medium,No,High,Medium,Medium,Medium,Yes,Yes,Yes,No,Low,Not satisfied,No
290,No,Female,21 to 30,Single,Master's,Less than 5 years,Less than 5 years,Education sector,Teaching,Teacher,From 5000 to 10000 S.R,3,Yes,No,Yes,No,No,Yes,From 4 to 6 training programs,Yes,I do not travel for work,Low,No,Medium,Medium,Medium,Difficult,Yes,Yes,No,No,Medium,Satisfied,Yes
291,Yes,Female,31 to 40,Married,Bachelor's,From 5 to 10 years,Less than 5 years,Medical sector,Safety & Security,Security and safety specialist,Less than 5000 SAR,2,Yes,Yes,No,I don't have overtime,No,No,I did not receive any training,No,I do not travel for work,Medium,No,Medium,Medium,Close,Medium,Yes,Yes,No,Yes,Medium,Satisfied,Yes
292,No,Female,21 to 30,Single,Bachelor's,Less than 5 years,Less than 5 years,Medical sector,Patient Affairs,Dentist,From 5000 to 10000 S.R,0,No,No,No,I don't have overtime,No,No,I did not receive any training,No,Travel rarely,Medium,Yes,Medium,Medium,Medium,Medium,Yes,Yes,Yes,No,Medium,Satisfied,No
293,No,Female,31 to 40,Married,Bachelor's,Less than 5 years,Less than 5 years,Education sector,Administration,Manger assistant,Less than 5000 SAR,0,Yes,No,Yes,No,No,Yes,I did not receive any training,No,I do not travel for work,Low,Yes,High,Medium,Close,Medium,Yes,No,No,No,Low,Satisfied,No
295,No,Female,21 to 30,Single,Bachelor's,Less than 5 years,Less than 5 years,Financial sector,Information technology,IT specialist,Less than 5000 SAR,2,Yes,No,No,Yes,No,No,From 1 to 3 training programs,No,I do not travel for work,Medium,No,Medium,Medium,Close,Easy,No,Yes,No,No,Medium,Satisfied,Yes
296,No,Female,21 to 30,Married,Master's,Less than 5 years,Less than 5 years,Law firm,Legal Affairs,Lawyer,From 5000 to 10000 S.R,1,No,No,No,I don't have overtime,No,No,From 1 to 3 training programs,Yes,I do not travel for work,Medium,No,Low,Medium,Medium,Easy,No,Yes,Yes,No,High,Satisfied,Yes
297,No,Female,21 to 30,Single,Bachelor's,Less than 5 years,Less than 5 years,Financial sector,Marketing,Marketing Specialist,From 5000 to 10000 S.R,2,Yes,Yes,No,I don't have overtime,Yes,No,From 1 to 3 training programs,Yes,I do not travel for work,Medium,Yes,High,Medium,Close,Medium,No,Sometimes,Yes,No,Medium,Satisfied,No
298,Yes,Female,21 to 30,Single,Bachelor's,Less than 5 years,Less than 5 years,Law firm,Legal Affairs,Lawyer,Less than 5000 SAR,2,No,No,Yes,No,No,No,I did not receive any training,No,I do not travel for work,Medium,No,Medium,Medium,Close,Medium,Sometimes,No,No,Yes,Medium,Not satisfied,Yes
299,Yes,Female,21 to 30,Single,Bachelor's,Less than 5 years,Less than 5 years,Law firm,Legal Affairs,Lawyer,From 5000 to 10000 S.R,2,No,No,Yes,No,No,No,I did not receive any training,No,I do not travel for work,Low,No,High,Difficult,Far,Difficult,Yes,Yes,No,Yes,Low,Not satisfied,Yes
300,No,Female,21 to 30,Single,Bachelor's,Less than 5 years,Less than 5 years,Law firm,Legal Affairs,Customer services representative,From 5000 to 10000 S.R,1,Yes,No,Yes,Yes,No,No,From 1 to 3 training programs,Yes,I do not travel for work,Medium,Yes,High,Medium,Far,Medium,No,Yes,No,No,Medium,Satisfied,No
301,Yes,Female,21 to 30,Married,Bachelor's,Less than 5 years,Less than 5 years,Education sector,Administration,Administrative manager,Less than 5000 SAR,0,No,No,Yes,No,No,No,From 4 to 6 training programs,Yes,I do not travel for work,Medium,Yes,Medium,Medium,Close,Difficult,Sometimes,Yes,No,Yes,Medium,Satisfied,No
302,No,Female,21 to 30,Single,Bachelor's,Less than 5 years,Less than 5 years,Restaurant sector,Processes,Manger assistant,Less than 5000 SAR,2,Yes,No,Yes,Yes,Yes,No,From 1 to 3 training programs,Yes,I do not travel for work,Medium,Yes,Medium,Medium,Medium,Medium,Sometimes,Sometimes,No,No,Medium,Satisfied,No
303,Yes,Female,21 to 30,Married,Bachelor's,Less than 5 years,Less than 5 years,Law firm,Legal Affairs,Lawyer,Less than 5000 SAR,0,Yes,No,No,No,No,No,I did not receive any training,No,I do not travel for work,Low,Yes,High,Easy,Close,Medium,Sometimes,Sometimes,Yes,No,High,Satisfied,No
304,No,Male,21 to 30,Single,Diploma or secondary,Less than 5 years,Less than 5 years,Energy sector,Safety & Security,Security and safety specialist,Less than 5000 SAR,1,No,No,No,I don't have overtime,Yes,No,I did not receive any training,No,I do not travel for work,High,Yes,High,Easy,Close,Easy,No,No,Yes,No,High,Very satisfied,No
305,No,Female,21 to 30,Single,Master's,Less than 5 years,Less than 5 years,Law firm,Legal Affairs,Lawyer,Less than 5000 SAR,1,No,No,No,No,No,No,From 1 to 3 training programs,Yes,I do not travel for work,Medium,No,Medium,Medium,Close,Difficult,Yes,Yes,No,No,Medium,Not satisfied,No
306,Yes,Male,21 to 30,Single,Diploma or secondary,From 5 to 10 years,Less than 5 years,Financial sector,Customers service,Customer services representative,Less than 5000 SAR,2,Yes,Yes,Yes,Yes,No,Yes,From 1 to 3 training programs,Yes,I do not travel for work,Medium,Yes,Medium,Difficult,Close,Medium,Sometimes,Sometimes,No,No,High,Satisfied,No
307,Yes,Female,21 to 30,Single,Diploma or secondary,Less than 5 years,Less than 5 years,Energy sector,Sales,Sales executive,Less than 5000 SAR,2,Yes,Yes,No,No,No,No,From 1 to 3 training programs,No,Travel rarely,High,Yes,High,Medium,Close,Difficult,Yes,Yes,Yes,No,Low,Satisfied,Yes
308,Yes,Male,21 to 30,Single,Diploma or secondary,From 5 to 10 years,From 5 to 10 years,Transport sector,Safety & Security,Security and safety specialist,Less than 5000 SAR,1,No,No,No,Yes,No,No,I did not receive any training,No,I do not travel for work,Low,No,Low,Medium,Medium,Medium,Yes,No,No,No,Low,Not satisfied,No
309,Yes,Female,21 to 30,Single,Diploma or secondary,Less than 5 years,Less than 5 years,Economic sector,Customers service,Customer services representative,Less than 5000 SAR,2,Yes,No,No,I don't have overtime,Yes,No,I did not receive any training,No,I do not travel for work,Medium,Yes,Medium,Easy,Medium,Medium,Yes,Yes,No,No,Medium,Satisfied,No
310,No,Male,21 to 30,Single,Diploma or secondary,Less than 5 years,Less than 5 years,Food production sector,Accounting,Accountant,Less than 5000 SAR,2,Yes,No,Yes,Yes,No,No,From 1 to 3 training programs,Yes,I do not travel for work,Medium,Yes,High,Medium,Medium,Medium,Yes,No,No,No,High,Satisfied,Yes
311,Yes,Female,21 to 30,Single,Bachelor's,From 5 to 10 years,Less than 5 years,Tourism sector,Administration,Administrative manager,From 5000 to 10000 S.R,2,Yes,Yes,Yes,Yes,Yes,No,I did not receive any training,No,I do not travel for work,Low,No,Low,Medium,Medium,Medium,Sometimes,Sometimes,No,No,Low,Not satisfied,Yes
312,No,Male,21 to 30,Single,Bachelor's,Less than 5 years,Less than 5 years,Medical sector,Customers service,Customer services representative,Less than 5000 SAR,0,No,No,No,I don't have overtime,No,No,I did not receive any training,No,I do not travel for work,Low,No,Low,Medium,Close,Medium,Yes,Yes,No,Yes,Low,Not satisfied,No
313,No,Female,31 to 40,Single,Bachelor's,Less than 5 years,Less than 5 years,Financial sector,Sales,Sales representative,Less than 5000 SAR,4,Yes,Yes,No,Yes,No,No,From 7  training programs to more,Yes,I do not travel for work,Medium,No,High,Easy,Close,Easy,Yes,Yes,Yes,No,Medium,Satisfied,Yes
314,Yes,Female,21 to 30,Single,Bachelor's,Less than 5 years,Less than 5 years,Economic sector,Sales,Salesman,Less than 5000 SAR,1,Yes,No,Yes,No,No,No,I did not receive any training,No,I do not travel for work,Low,No,Low,Medium,Medium,Difficult,Yes,Yes,No,No,Medium,Not satisfied,Yes
315,No,Female,31 to 40,Married,Diploma or secondary,Less than 5 years,Less than 5 years,Financial sector,Accounting,Supervisor,Less than 5000 SAR,3,Yes,Yes,No,No,No,No,From 4 to 6 training programs,Yes,Travel rarely,Medium,No,Medium,Easy,Medium,Difficult,Yes,Yes,Yes,No,Medium,Satisfied,Yes
316,Yes,Female,41 to 50,Married,Diploma or secondary,From 5 to 10 years,Less than 5 years,Financial sector,Sales,Sales representative,Less than 5000 SAR,2,Yes,No,No,Yes,Yes,Yes,From 1 to 3 training programs,Yes,I do not travel for work,High,Yes,High,Easy,Far,Easy,No,No,Yes,No,High,Very satisfied,No
317,No,Female,41 to 50,Married,Bachelor's,From 5 to 10 years,From 5 to 10 years,Food production sector,Sales,Administrative manager,From 5000 to 10000 S.R,2,Yes,Yes,No,No,No,Yes,From 7  training programs to more,Yes,Travel rarely,Medium,Yes,High,Medium,Close,Medium,Sometimes,Sometimes,Yes,No,Medium,Satisfied,Yes
318,Yes,Female,21 to 30,Single,Bachelor's,From 5 to 10 years,Less than 5 years,Economic sector,Sales,Sales representative,Less than 5000 SAR,0,Yes,No,Yes,Yes,No,No,I did not receive any training,No,I do not travel for work,Low,No,Low,Medium,Medium,Medium,Sometimes,Sometimes,No,No,Low,Satisfied,Yes
319,No,Female,21 to 30,Single,Bachelor's,Less than 5 years,Less than 5 years,Media sector,Administration,Supervisor,Less than 5000 SAR,1,Yes,No,Yes,Yes,No,No,From 1 to 3 training programs,Yes,I do not travel for work,Low,Yes,High,Easy,Medium,Medium,Sometimes,Yes,Yes,No,Medium,Satisfied,No
320,Yes,Male,21 to 30,Single,Bachelor's,From 5 to 10 years,Less than 5 years,Restaurant sector,Administration,Administrative manager,From 5000 to 10000 S.R,2,Yes,Yes,No,I don't have overtime,Yes,No,From 1 to 3 training programs,Yes,I do not travel for work,Low,No,High,Medium,Far,Difficult,Yes,Yes,No,No,Low,Not satisfied,Yes
321,Yes,Male,31 to 40,Married,Bachelor's,From 11 to 15 years,Less than 5 years,Economic sector,Sales,Administrative manager,Less than 5000 SAR,2,Yes,No,No,I don't have overtime,No,No,I did not receive any training,No,I do not travel for work,Low,No,Low,Difficult,Far,Difficult,Yes,Yes,No,Yes,Low,Not satisfied,Yes
322,No,Female,21 to 30,Single,Diploma or secondary,From 5 to 10 years,From 5 to 10 years,Financial sector,Accounting,Accountant,Less than 5000 SAR,1,Yes,Yes,Yes,Yes,No,No,From 1 to 3 training programs,Yes,I do not travel for work,Medium,No,Medium,Easy,Medium,Easy,No,No,No,No,Medium,Satisfied,Yes
323,Yes,Female,21 to 30,Married,Bachelor's,From 11 to 15 years,From 5 to 10 years,Education sector,Administration,Administrative manager,Less than 5000 SAR,1,Yes,Yes,Yes,Yes,Yes,Yes,From 1 to 3 training programs,Yes,Travel frequently,High,Yes,High,Medium,Medium,Medium,No,Sometimes,No,No,High,Very satisfied,Yes
324,No,Female,21 to 30,Single,Diploma or secondary,Less than 5 years,Less than 5 years,Financial sector,Sales,Sales representative,From 5000 to 10000 S.R,0,Yes,No,Yes,Yes,No,No,From 1 to 3 training programs,Yes,Travel rarely,Medium,Yes,Medium,Medium,Medium,Medium,Sometimes,Yes,Yes,No,Medium,Satisfied,No
325,No,Female,21 to 30,Married,Bachelor's,Less than 5 years,Less than 5 years,Medical sector,Patient Affairs,Pharmacist,From 11000 to 15000 S.R,2,Yes,Yes,Yes,Yes,Yes,Yes,From 7  training programs to more,Yes,I do not travel for work,High,Yes,Medium,Medium,Medium,Difficult,Sometimes,Sometimes,No,No,Medium,Satisfied,Yes
326,Yes,Female,31 to 40,Married,Bachelor's,Less than 5 years,Less than 5 years,Education sector,Customers service,Customer services representative,Less than 5000 SAR,2,Yes,No,No,I don't have overtime,No,Yes,From 1 to 3 training programs,Yes,Travel rarely,High,Yes,High,Easy,Close,Medium,No,Sometimes,Yes,No,High,Very satisfied,Yes
327,Yes,Female,21 to 30,Single,Diploma or secondary,From 5 to 10 years,From 5 to 10 years,Food production sector,Sales,Supervisor,Less than 5000 SAR,3,Yes,No,Yes,Yes,No,Yes,I did not receive any training,No,I do not travel for work,Low,No,Medium,Easy,Medium,Medium,Yes,Sometimes,No,No,Medium,Satisfied,Yes
328,Yes,Female,21 to 30,Single,Bachelor's,Less than 5 years,Less than 5 years,Economic sector,Sales,Sales representative,Less than 5000 SAR,1,Yes,Yes,Yes,Yes,No,No,From 1 to 3 training programs,No,I do not travel for work,Low,No,Low,Difficult,Medium,Medium,Yes,Yes,No,Yes,Medium,Not satisfied,No
329,No,Female,41 to 50,Married,Diploma or secondary,Less than 5 years,Less than 5 years,Food production sector,Sales,Salesman,Less than 5000 SAR,0,Yes,No,Yes,Yes,No,No,I did not receive any training,No,I do not travel for work,Medium,Yes,High,Medium,Close,Medium,Sometimes,Sometimes,No,No,High,Satisfied,No
330,Yes,Female,21 to 30,Single,Bachelor's,From 5 to 10 years,Less than 5 years,Media sector,Administration,Graphic designer,From 5000 to 10000 S.R,4,No,No,Yes,No,No,No,I did not receive any training,No,I do not travel for work,Medium,Yes,High,Easy,Medium,Easy,Sometimes,No,No,No,High,Satisfied,Yes
331,No,Female,21 to 30,Single,Bachelor's,Less than 5 years,Less than 5 years,Economic sector,Administration,Administrative manager,From 5000 to 10000 S.R,2,Yes,Yes,No,Yes,Yes,Yes,I did not receive any training,No,I do not travel for work,Medium,Yes,High,Easy,Close,Easy,Yes,Yes,Yes,No,High,Very satisfied,No
332,No,Female,41 to 50,Married,Diploma or secondary,Less than 5 years,Less than 5 years,Food production sector,Sales,Salesman,Less than 5000 SAR,0,Yes,No,Yes,Yes,No,No,I did not receive any training,No,I do not travel for work,Medium,Yes,Medium,Medium,Close,Medium,Sometimes,Sometimes,No,No,High,Satisfied,No
333,Yes,Female,21 to 30,Single,Diploma or secondary,Less than 5 years,Less than 5 years,Medical sector,Customers service,Receptionist,Less than 5000 SAR,2,Yes,No,Yes,Yes,No,No,I did not receive any training,No,I do not travel for work,Low,No,Low,Difficult,Close,Medium,Yes,Yes,No,No,Low,Not satisfied,Yes
334,No,Female,21 to 30,Single,Bachelor's,Less than 5 years,Less than 5 years,Food production sector,Sales,Supervisor,Less than 5000 SAR,1,Yes,No,Yes,Yes,No,No,I did not receive any training,No,I do not travel for work,High,Yes,High,Easy,Close,Easy,Yes,Yes,Yes,No,High,Very satisfied,No
335,Yes,Female,41 to 50,Married,Diploma or secondary,From 5 to 10 years,From 5 to 10 years,Food production sector,Production,Production supervisor,Less than 5000 SAR,0,No,No,No,No,No,No,I did not receive any training,No,I do not travel for work,Medium,No,Low,Medium,Medium,Medium,Yes,Yes,No,Yes,Low,Not satisfied,Yes
336,Yes,Male,31 to 40,Married,Master's,From 16 to 20 years,From 11 to 15 years,Energy sector,Processes,Operations Supervisor,From 11000 to 15000 S.R,2,Yes,Yes,Yes,Yes,Yes,No,From 7  training programs to more,Yes,Travel rarely,Medium,No,Low,Medium,Medium,Medium,Sometimes,No,Yes,No,Medium,Satisfied,Yes
337,Yes,Female,31 to 40,Married,Diploma or secondary,From 5 to 10 years,From 5 to 10 years,Communications and IT sector,Customers service,Secretariat,Less than 5000 SAR,0,No,No,No,Yes,Yes,No,I did not receive any training,No,I do not travel for work,Low,No,Low,Medium,Far,Medium,Yes,Yes,No,No,Low,Not satisfied,Yes
338,Yes,Female,31 to 40,Single,Bachelor's,Less than 5 years,Less than 5 years,Financial sector,Treasury,Treasury agent,From 16000 to 20000 S.R,2,Yes,Yes,Yes,I don't have overtime,Yes,Yes,From 1 to 3 training programs,Yes,I do not travel for work,Low,No,Low,Difficult,Medium,Medium,Yes,Yes,No,Yes,Low,Not satisfied,Yes
339,No,Female,31 to 40,Married,Diploma or secondary,From 5 to 10 years,From 5 to 10 years,Food production sector,Sales,Sales representative,Less than 5000 SAR,1,Yes,Yes,No,Yes,Yes,No,From 1 to 3 training programs,Yes,I do not travel for work,Medium,Yes,Medium,Medium,Medium,Medium,Sometimes,Sometimes,Yes,No,Medium,Satisfied,Yes
340,No,Female,21 to 30,Married,Bachelor's,Less than 5 years,Less than 5 years,"Environment, Water, and Agriculture sector",Customers service,Customer services representative,From 11000 to 15000 S.R,2,Yes,Yes,Yes,Yes,No,No,From 1 to 3 training programs,Yes,Travel rarely,Medium,No,Low,Easy,Far,Easy,No,Yes,Yes,No,Medium,Satisfied,Yes
341,No,Female,21 to 30,Married,Bachelor's,Less than 5 years,Less than 5 years,Law firm,Legal Affairs,Lawyer,From 5000 to 10000 S.R,0,No,Yes,Yes,No,No,No,From 1 to 3 training programs,Yes,Travel rarely,Low,No,High,Easy,Medium,Difficult,Yes,Yes,No,No,Medium,Not satisfied,Yes
342,No,Female,31 to 40,Married,Master's,From 11 to 15 years,From 11 to 15 years,Energy sector,Relations,Coordinator,From 5000 to 10000 S.R,2,Yes,Yes,Yes,Yes,Yes,Yes,From 1 to 3 training programs,Yes,Travel rarely,High,Yes,High,Easy,Medium,Easy,No,No,Yes,No,High,Very satisfied,No
343,Yes,Male,21 to 30,Single,Bachelor's,From 5 to 10 years,From 5 to 10 years,Communications and IT sector,Customers service,Customer services representative,From 5000 to 10000 S.R,1,Yes,No,Yes,No,No,No,From 1 to 3 training programs,Yes,I do not travel for work,Medium,Yes,Medium,Medium,Far,Difficult,Yes,Yes,No,Yes,Medium,Satisfied,No
344,No,Male,31 to 40,Married,Bachelor's,From 5 to 10 years,From 5 to 10 years,Energy sector,Accounting,Financial Analyst,From 11000 to 15000 S.R,3,Yes,Yes,No,I don't have overtime,Yes,Yes,From 4 to 6 training programs,Yes,I do not travel for work,High,Yes,High,Easy,Medium,Easy,Sometimes,No,Yes,No,High,Very satisfied,No
345,No,Female,21 to 30,Single,Bachelor's,Less than 5 years,Less than 5 years,Education sector,Teaching,Lecturer,From 5000 to 10000 S.R,0,No,No,No,I don't have overtime,Yes,No,I did not receive any training,No,I do not travel for work,Low,No,Low,Medium,Far,Easy,Sometimes,Yes,No,No,Medium,Not satisfied,Yes
346,No,Female,31 to 40,Married,Diploma or secondary,From 5 to 10 years,From 5 to 10 years,Medical sector,Customers service,Customer services representative,From 5000 to 10000 S.R,2,Yes,No,No,I don't have overtime,No,No,I did not receive any training,No,I do not travel for work,Low,No,Low,Difficult,Far,Difficult,Sometimes,Yes,No,Yes,Low,Not satisfied,No
347,Yes,Male,41 to 50,Married,Diploma or secondary,From 11 to 15 years,Less than 5 years,Medical sector,Safety & Security,Security and safety specialist,Less than 5000 SAR,2,Yes,No,Yes,Yes,Yes,No,I did not receive any training,No,I do not travel for work,Low,Yes,Medium,Medium,Medium,Easy,No,Yes,Yes,Yes,Medium,Satisfied,No
348,Yes,Male,51 to 60,Married,Diploma or secondary,From 26 to 30 years,From 11 to 15 years,Financial sector,Safety & Security,Security and safety specialist,Less than 5000 SAR,1,Yes,No,No,I don't have overtime,No,No,I did not receive any training,No,I do not travel for work,Low,No,Low,Difficult,Medium,Medium,No,No,Yes,No,High,Satisfied,No
349,No,Female,21 to 30,Single,Bachelor's,Less than 5 years,Less than 5 years,Financial sector,Accounting,Accountant,From 5000 to 10000 S.R,4,Yes,Yes,Yes,No,Yes,Yes,From 4 to 6 training programs,Yes,I do not travel for work,Medium,No,Medium,Difficult,Close,Medium,Sometimes,Yes,Yes,No,Low,Not satisfied,Yes
350,No,Female,31 to 40,Married,Bachelor's,From 11 to 15 years,From 11 to 15 years,Medical sector,Patient Affairs,Doctor,From 11000 to 15000 S.R,1,No,No,No,I don't have overtime,Yes,Yes,From 1 to 3 training programs,Yes,I do not travel for work,Low,No,High,Easy,Far,Easy,Yes,Yes,Yes,No,Medium,Satisfied,Yes
351,No,Female,21 to 30,Single,Bachelor's,Less than 5 years,Less than 5 years,Economic sector,Accounting,Accountant,Less than 5000 SAR,0,No,No,No,I don't have overtime,No,Yes,I did not receive any training,No,I do not travel for work,High,Yes,High,Medium,Medium,Medium,Sometimes,Yes,No,No,High,Very satisfied,Yes
352,No,Female,21 to 30,Married,Bachelor's,From 5 to 10 years,From 5 to 10 years,Education sector,Teaching,Teacher,Less than 5000 SAR,0,No,No,No,I don't have overtime,Yes,Yes,From 7  training programs to more,Yes,I do not travel for work,High,Yes,High,Easy,Close,Easy,No,No,Yes,No,High,Very satisfied,Yes
353,No,Female,21 to 30,Single,Diploma or secondary,Less than 5 years,Less than 5 years,education sector,Teaching,Teacher,Less than 5000 SAR,0,No,No,No,I don't have overtime,Yes,No,From 1 to 3 training programs,Yes,I do not travel for work,Medium,Yes,Medium,Easy,Medium,Easy,Yes,Yes,Yes,No,Low,Satisfied,No
354,Yes,Female,21 to 30,Married,Bachelor's,From 5 to 10 years,From 5 to 10 years,Education sector,Teaching,Teacher,Less than 5000 SAR,0,No,No,No,I don't have overtime,Yes,Yes,From 4 to 6 training programs,Yes,I do not travel for work,Medium,Yes,Medium,Medium,Far,Medium,Sometimes,Sometimes,Yes,No,Medium,Not satisfied,Yes
355,No,Female,31 to 40,Single,Bachelor's,From 5 to 10 years,From 5 to 10 years,Education sector,Training,Teacher,Less than 5000 SAR,0,No,No,No,I don't have overtime,No,Yes,From 1 to 3 training programs,Yes,I do not travel for work,High,Yes,High,Medium,Close,Easy,Sometimes,Sometimes,No,Yes,Medium,Satisfied,No
356,No,Female,31 to 40,Married,Diploma or secondary,Less than 5 years,Less than 5 years,Education sector,Teaching,Teacher,Less than 5000 SAR,0,No,No,No,I don't have overtime,No,No,I did not receive any training,No,I do not travel for work,Low,Yes,Medium,Medium,Close,Medium,Sometimes,No,No,No,High,Very satisfied,Yes
357,Yes,Female,31 to 40,Married,Bachelor's,Less than 5 years,Less than 5 years,Education sector,Information technology,IT specialist,Less than 5000 SAR,0,No,No,No,I don't have overtime,No,No,I did not receive any training,No,I do not travel for work,Medium,No,High,Medium,Medium,Difficult,Sometimes,Sometimes,No,No,Low,Not satisfied,No
358,No,Female,51 to 60,Married,Diploma or secondary,Less than 5 years,Less than 5 years,Education sector,Administration,Receptionist,Less than 5000 SAR,0,No,Yes,Yes,No,No,No,I did not receive any training,No,I do not travel for work,Low,Yes,High,Easy,Far,Difficult,Yes,No,Yes,No,Medium,Satisfied,Yes
359,No,Female,21 to 30,Single,Bachelor's,From 5 to 10 years,From 5 to 10 years,Financial sector,Accounting,Accountant,From 5000 to 10000 S.R,0,Yes,No,No,I don't have overtime,Yes,Yes,From 4 to 6 training programs,Yes,I do not travel for work,High,Yes,High,Medium,Medium,Medium,Sometimes,Sometimes,Yes,No,Medium,Satisfied,Yes
360,Yes,Male,31 to 40,Married,Master's,From 5 to 10 years,Less than 5 years,Education sector,Administration,Manger assistant,From 5000 to 10000 S.R,0,Yes,No,No,I don't have overtime,Yes,Yes,From 7  training programs to more,Yes,Travel rarely,High,Yes,High,Easy,Medium,Easy,No,No,Yes,Yes,High,Very satisfied,No
361,No,Female,21 to 30,Married,Bachelor's,Less than 5 years,Less than 5 years,Medical sector,Customers service,Receptionist,From 5000 to 10000 S.R,2,Yes,No,No,I don't have overtime,Yes,Yes,I did not receive any training,No,I do not travel for work,High,Yes,High,Medium,Medium,Medium,Sometimes,Sometimes,No,Yes,Medium,Satisfied,Yes
362,No,Male,31 to 40,Single,Master's,From 5 to 10 years,From 5 to 10 years,"Environment, Water, and Agriculture sector",HR,HR Specialist,From 5000 to 10000 S.R,1,Yes,No,No,I don't have overtime,No,No,I did not receive any training,No,Travel frequently,Low,No,Low,Difficult,Close,Medium,Sometimes,Yes,No,No,Medium,Not satisfied,No
363,No,Female,21 to 30,Single,Diploma or secondary,Less than 5 years,Less than 5 years,Tourism sector,Administration,Manger assistant,Less than 5000 SAR,0,No,No,No,I don't have overtime,No,No,I did not receive any training,No,I do not travel for work,Medium,No,Low,Medium,Medium,Medium,Sometimes,Sometimes,No,No,Medium,Not satisfied,No
364,Yes,Male,31 to 40,Married,Bachelor's,From 5 to 10 years,Less than 5 years,Medical sector,Accounting,Accountant,From 5000 to 10000 S.R,0,No,No,No,I don't have overtime,No,Yes,From 1 to 3 training programs,Yes,I do not travel for work,Medium,Yes,Medium,Medium,Medium,Medium,Sometimes,Sometimes,No,No,Medium,Not satisfied,Yes
365,No,Female,31 to 40,Married,Bachelor's,From 5 to 10 years,From 5 to 10 years,Communications and IT sector,Administration,Secretariat,From 5000 to 10000 S.R,1,Yes,No,Yes,Yes,Yes,Yes,From 4 to 6 training programs,Yes,Travel rarely,High,Yes,High,Medium,Medium,Medium,Sometimes,Sometimes,Yes,No,High,Very satisfied,No
366,Yes,Female,41 to 50,Married,Master's,From 5 to 10 years,From 5 to 10 years,Energy sector,Accounting,Financial Analyst,From 11000 to 15000 S.R,2,Yes,No,Yes,No,No,No,From 1 to 3 training programs,Yes,Travel rarely,Medium,Yes,Medium,Medium,Close,Medium,Sometimes,Sometimes,No,No,Medium,Satisfied,Yes
367,No,Male,21 to 30,Single,Bachelor's,From 5 to 10 years,From 5 to 10 years,Energy sector,HR,Coordinator,From 5000 to 10000 S.R,1,Yes,No,Yes,Yes,Yes,Yes,From 1 to 3 training programs,Yes,I do not travel for work,High,Yes,High,Easy,Close,Easy,No,No,Yes,No,High,Very satisfied,No
368,Yes,Female,31 to 40,Single,Bachelor's,From 16 to 20 years,From 11 to 15 years,Education sector,Teaching,Teacher,Less than 5000 SAR,0,No,No,No,I don't have overtime,No,No,From 7  training programs to more,Yes,I do not travel for work,High,No,Medium,Difficult,Medium,Medium,Yes,Yes,No,No,Medium,Not satisfied,No
369,Yes,Male,21 to 30,Single,Diploma or secondary,Less than 5 years,Less than 5 years,Tourism sector,Accounting,Accountant,Less than 5000 SAR,1,Yes,Yes,Yes,Yes,Yes,Yes,From 1 to 3 training programs,Yes,I do not travel for work,Medium,No,Medium,Medium,Far,Medium,Sometimes,Yes,Yes,No,Medium,Satisfied,Yes
370,No,Female,21 to 30,Married,Bachelor's,From 5 to 10 years,From 5 to 10 years,Financial sector,Sales,Consultant,Less than 5000 SAR,0,No,Yes,Yes,No,No,Yes,I did not receive any training,No,I do not travel for work,Low,Yes,High,Medium,Far,Medium,No,Sometimes,No,No,High,Satisfied,No
371,Yes,Male,21 to 30,Married,Bachelor's,From 5 to 10 years,Less than 5 years,Financial sector,Banking operations,Banking operations,From 5000 to 10000 S.R,2,Yes,Yes,Yes,I don't have overtime,Yes,Yes,From 1 to 3 training programs,Yes,I do not travel for work,Medium,Yes,Medium,Medium,Medium,Medium,Sometimes,No,Yes,No,Medium,Very satisfied,Yes
372,Yes,Male,21 to 30,Single,Bachelor's,From 5 to 10 years,Less than 5 years,Engineering consulting companies,Studies and design,Graphic designer,Less than 5000 SAR,2,Yes,No,No,I don't have overtime,No,No,I did not receive any training,No,I do not travel for work,Low,Yes,Medium,Medium,Medium,Medium,Sometimes,Sometimes,No,No,Low,Not satisfied,No
373,Yes,Male,31 to 40,Married,Bachelor's,From 5 to 10 years,Less than 5 years,Engineering consulting companies,Processes,Project Engineer,From 11000 to 15000 S.R,2,Yes,No,No,I don't have overtime,No,No,From 1 to 3 training programs,Yes,Travel rarely,Medium,Yes,Medium,Medium,Medium,Difficult,Yes,Yes,No,No,High,Not satisfied,Yes
374,Yes,Male,21 to 30,Married,Master's,From 5 to 10 years,From 5 to 10 years,Engineering consulting companies,Studies and design,Civil engineer,From 11000 to 15000 S.R,2,Yes,No,Yes,Yes,No,No,I did not receive any training,No,Travel rarely,Low,No,Low,Difficult,Medium,Medium,Yes,Yes,No,No,Low,Not satisfied,Yes
375,No,Male,31 to 40,Married,Bachelor's,Less than 5 years,Less than 5 years,Engineering consulting companies,Processes,Civil engineer,From 5000 to 10000 S.R,2,Yes,No,No,I don't have overtime,No,No,From 1 to 3 training programs,Yes,I do not travel for work,Medium,Yes,Medium,Medium,Far,Difficult,Yes,Yes,No,No,Medium,Satisfied,No
376,Yes,Male,21 to 30,Single,Bachelor's,Less than 5 years,Less than 5 years,Engineering consulting companies,Processes,Civil engineer,From 5000 to 10000 S.R,1,No,No,Yes,No,No,No,I did not receive any training,No,Travel rarely,Low,No,High,Easy,Medium,Medium,Sometimes,Sometimes,No,No,Medium,Satisfied,Yes
377,Yes,Female,31 to 40,Married,Bachelor's,From 11 to 15 years,From 5 to 10 years,Education sector,Teaching,Teacher,Less than 5000 SAR,1,Yes,No,No,I don't have overtime,No,No,From 1 to 3 training programs,Yes,I do not travel for work,Low,No,Medium,Medium,Close,Medium,Yes,No,No,No,Medium,Not satisfied,Yes
378,No,Male,21 to 30,Married,Bachelor's,Less than 5 years,Less than 5 years,Engineering consulting companies,Processes,Civil engineer,From 5000 to 10000 S.R,3,Yes,No,No,I don't have overtime,Yes,Yes,From 1 to 3 training programs,Yes,I do not travel for work,Medium,Yes,High,Easy,Close,Easy,No,Sometimes,Yes,No,Medium,Satisfied,Yes
379,Yes,Female,31 to 40,Married,Bachelor's,From 5 to 10 years,From 5 to 10 years,Communications and IT sector,Administration,Administrative manager,From 5000 to 10000 S.R,2,Yes,No,No,No,No,No,From 1 to 3 training programs,No,I do not travel for work,Low,Yes,High,Medium,Far,Medium,Yes,No,Yes,Yes,High,Satisfied,Yes
380,No,Female,31 to 40,Single,Bachelor's,From 5 to 10 years,From 5 to 10 years,Food production sector,Administration,Administrative manager,From 5000 to 10000 S.R,2,Yes,Yes,Yes,Yes,Yes,Yes,From 7  training programs to more,Yes,Travel rarely,High,Yes,High,Easy,Close,Easy,No,No,Yes,No,High,Very satisfied,No
381,No,Female,31 to 40,Married,Bachelor's,Less than 5 years,Less than 5 years,Medical sector,Customers service,Customer services representative,Less than 5000 SAR,2,Yes,No,No,No,No,No,I did not receive any training,No,I do not travel for work,Low,No,Low,Difficult,Medium,Easy,No,Yes,No,No,Low,Not satisfied,No
382,Yes,Female,21 to 30,Single,Diploma or secondary,From 5 to 10 years,Less than 5 years,Food production sector,Sales,Salesman,Less than 5000 SAR,2,Yes,No,No,Yes,No,No,I did not receive any training,No,I do not travel for work,High,Yes,High,Easy,Close,Difficult,Yes,Yes,Yes,No,High,Very satisfied,No
383,Yes,Female,21 to 30,Married,Diploma or secondary,Less than 5 years,Less than 5 years,Communications and IT sector,Customers service,Customer services representative,Less than 5000 SAR,0,Yes,Yes,Yes,Yes,No,No,I did not receive any training,No,I do not travel for work,Low,No,Medium,Medium,Far,Easy,Yes,No,No,No,High,Satisfied,Yes
384,Yes,Female,31 to 40,Single,Bachelor's,From 5 to 10 years,From 5 to 10 years,Tourism sector,Accounting,Accountant,Less than 5000 SAR,2,Yes,No,No,I don't have overtime,No,No,I did not receive any training,No,I do not travel for work,Low,No,Low,Difficult,Far,Medium,No,Yes,No,No,Low,Not satisfied,Yes
385,No,Female,21 to 30,Single,Diploma or secondary,Less than 5 years,Less than 5 years,Food production sector,Sales,Salesman,Less than 5000 SAR,1,Yes,Yes,No,No,Yes,Yes,I did not receive any training,Yes,I do not travel for work,Medium,Yes,Medium,Medium,Close,Medium,Sometimes,No,Yes,No,Medium,Satisfied,No
386,Yes,Female,41 to 50,Married,Bachelor's,Less than 5 years,Less than 5 years,Medical sector,Administration,Administrative manager,Less than 5000 SAR,0,No,No,Yes,No,No,No,I did not receive any training,No,I do not travel for work,Low,No,Low,Difficult,Far,Easy,Yes,Sometimes,No,No,Medium,Not satisfied,No
387,Yes,Female,31 to 40,Married,Bachelor's,From 5 to 10 years,Less than 5 years,Education sector,Teaching,Teacher,Less than 5000 SAR,0,Yes,No,Yes,No,No,No,From 1 to 3 training programs,No,I do not travel for work,Low,No,Medium,Medium,Close,Easy,Sometimes,Yes,No,No,Medium,Satisfied,Yes
388,Yes,Male,31 to 40,Single,Bachelor's,From 5 to 10 years,Less than 5 years,Energy sector,Processes,Engineer,From 11000 to 15000 S.R,2,Yes,No,No,I don't have overtime,No,No,I did not receive any training,No,I do not travel for work,Medium,No,Low,Medium,Far,Medium,No,No,No,No,High,Satisfied,Yes
389,No,Female,31 to 40,Married,Bachelor's,Less than 5 years,Less than 5 years,Food production sector,Processes,Data entry operator,Less than 5000 SAR,0,Yes,No,No,I don't have overtime,No,No,From 1 to 3 training programs,No,I do not travel for work,Low,No,Low,Difficult,Close,Medium,No,No,No,No,Low,Not satisfied,No
390,No,Female,31 to 40,Married,Diploma or secondary,Less than 5 years,Less than 5 years,Food production sector,Customers service,Receptionist,Less than 5000 SAR,0,Yes,No,No,I don't have overtime,No,No,From 1 to 3 training programs,Yes,I do not travel for work,Low,Yes,Medium,Difficult,Close,Medium,Sometimes,Sometimes,Yes,No,Medium,Satisfied,No
391,Yes,Male,31 to 40,Single,Bachelor's,From 5 to 10 years,Less than 5 years,Energy sector,Processes,Electrical engineer,From 11000 to 15000 S.R,2,Yes,Yes,Yes,Yes,Yes,No,I did not receive any training,No,I do not travel for work,Medium,Yes,High,Medium,Far,Medium,Sometimes,Sometimes,No,No,High,Satisfied,No
392,No,Female,31 to 40,Married,Bachelor's,Less than 5 years,Less than 5 years,Medical sector,Patient Affairs,Doctor,Less than 5000 SAR,0,No,No,Yes,No,No,No,From 1 to 3 training programs,Yes,I do not travel for work,High,Yes,High,Medium,Close,Medium,Sometimes,Sometimes,Yes,No,Medium,Satisfied,Yes
393,Yes,Male,31 to 40,Married,Bachelor's,From 5 to 10 years,Less than 5 years,Energy sector,Processes,Electrical engineer,From 5000 to 10000 S.R,2,Yes,No,No,Yes,No,No,I did not receive any training,No,I do not travel for work,Medium,No,Low,Medium,Far,Difficult,Yes,Yes,No,No,Low,Satisfied,Yes
394,Yes,Female,31 to 40,Single,Bachelor's,From 5 to 10 years,Less than 5 years,Financial sector,Customers service,Customer services representative,From 5000 to 10000 S.R,2,Yes,No,No,I don't have overtime,No,No,From 4 to 6 training programs,Yes,Travel rarely,Medium,Yes,High,Medium,Medium,Easy,Sometimes,Yes,Yes,No,High,Satisfied,Yes
395,Yes,Male,31 to 40,Married,Bachelor's,From 5 to 10 years,Less than 5 years,Education sector,Technical support,Engineer,From 5000 to 10000 S.R,1,Yes,No,No,I don't have overtime,No,No,I did not receive any training,No,I do not travel for work,Low,No,Low,Medium,Far,Medium,Yes,Yes,No,No,Low,Not satisfied,No
396,Yes,Male,31 to 40,Married,Bachelor's,From 5 to 10 years,Less than 5 years,Energy sector,Processes,Electrical engineer,From 11000 to 15000 S.R,1,No,No,Yes,Yes,No,No,From 1 to 3 training programs,Yes,I do not travel for work,Low,No,Medium,Medium,Close,Easy,Sometimes,Sometimes,Yes,No,Low,Not satisfied,Yes
397,Yes,Male,21 to 30,Single,Bachelor's,Less than 5 years,Less than 5 years,Education sector,Teaching,Teacher,Less than 5000 SAR,0,No,No,No,I don't have overtime,No,No,I did not receive any training,No,I do not travel for work,Low,No,Low,Medium,Far,Medium,Yes,Sometimes,No,No,Low,Not satisfied,No
398,Yes,Male,31 to 40,Married,Bachelor's,From 5 to 10 years,Less than 5 years,Industry sector,Processes,Civil engineer,From 11000 to 15000 S.R,1,Yes,No,No,I don't have overtime,No,No,From 1 to 3 training programs,Yes,Travel rarely,Low,No,Medium,Easy,Far,Medium,Yes,Sometimes,Yes,No,Medium,Satisfied,Yes
399,Yes,Female,31 to 40,Married,Bachelor's,From 5 to 10 years,Less than 5 years,Education sector,Teaching,Teacher,Less than 5000 SAR,0,Yes,No,No,I don't have overtime,No,No,From 1 to 3 training programs,No,I do not travel for work,Low,No,Medium,Medium,Medium,Medium,Yes,Yes,No,No,Medium,Satisfied,No
400,No,Female,31 to 40,Married,Bachelor's,Less than 5 years,Less than 5 years,Education sector,Teaching,Teacher,Less than 5000 SAR,0,Yes,No,No,I don't have overtime,No,No,I did not receive any training,No,I do not travel for work,Low,No,Low,Medium,Medium,Medium,Yes,Yes,No,No,Medium,Not satisfied,No
401,No,Female,31 to 40,Married,Diploma or secondary,Less than 5 years,Less than 5 years,Medical sector,HR,HR Specialist,Less than 5000 SAR,0,No,No,No,I don't have overtime,Yes,Yes,I did not receive any training,No,I do not travel for work,Low,Yes,Medium,Medium,Medium,Easy,No,Sometimes,Yes,No,Medium,Satisfied,No
402,No,Female,31 to 40,Single,Bachelor's,From 5 to 10 years,From 5 to 10 years,Education sector,Administration,Administrative manager,Less than 5000 SAR,1,No,No,Yes,Yes,Yes,Yes,From 1 to 3 training programs,Yes,I do not travel for work,High,Yes,High,Easy,Medium,Easy,Sometimes,No,Yes,No,Medium,Satisfied,No
403,Yes,Female,31 to 40,Married,Bachelor's,From 11 to 15 years,Less than 5 years,Financial sector,Marketing,Marketing Specialist,Less than 5000 SAR,2,Yes,No,No,No,No,No,From 1 to 3 training programs,Yes,Travel rarely,Low,No,Low,Medium,Medium,Medium,No,No,No,No,Medium,Not satisfied,Yes
404,Yes,Female,31 to 40,Married,Bachelor's,From 5 to 10 years,Less than 5 years,Education sector,Teaching,Teacher,Less than 5000 SAR,0,Yes,No,No,I don't have overtime,No,No,I did not receive any training,No,I do not travel for work,Low,Yes,High,Medium,Close,Difficult,Yes,Sometimes,No,Yes,Medium,Satisfied,No
405,Yes,Male,41 to 50,Married,Master's,From 5 to 10 years,From 5 to 10 years,Energy sector,Processes,Electrical engineer,From 16000 to 20000 S.R,2,Yes,Yes,Yes,Yes,No,No,From 1 to 3 training programs,No,Travel rarely,Medium,No,Low,Medium,Close,Easy,No,Yes,Yes,No,Medium,Satisfied,No
407,No,Female,31 to 40,Married,Bachelor's,From 5 to 10 years,From 5 to 10 years,Financial sector,Processes,Business partners,From 11000 to 15000 S.R,2,Yes,No,No,I don't have overtime,Yes,No,From 1 to 3 training programs,Yes,Travel rarely,Low,No,Medium,Medium,Medium,Medium,Sometimes,Sometimes,No,No,Medium,Satisfied,No
408,Yes,Male,41 to 50,Married,Bachelor's,From 16 to 20 years,Less than 5 years,Communications and IT sector,Information technology,Project manager,S.R 31000 - and more,3,Yes,Yes,No,I don't have overtime,No,No,From 4 to 6 training programs,Yes,I do not travel for work,Medium,No,High,Medium,Medium,Medium,No,Yes,No,No,Medium,Satisfied,Yes
409,Yes,Male,31 to 40,Married,Bachelor's,From 16 to 20 years,Less than 5 years,Transport sector,Training,Trainer,Less than 5000 SAR,2,Yes,No,Yes,Yes,No,No,From 1 to 3 training programs,Yes,I do not travel for work,Medium,No,Medium,Medium,Close,Easy,No,No,Yes,No,Medium,Satisfied,Yes
410,Yes,Male,41 to 50,Married,Diploma or secondary,From 16 to 20 years,Less than 5 years,Economic sector,Information technology,IT specialist,From 5000 to 10000 S.R,2,Yes,No,No,I don't have overtime,No,No,I did not receive any training,No,I do not travel for work,Low,Yes,High,Medium,Medium,Difficult,Yes,Yes,Yes,No,Medium,Not satisfied,Yes
411,Yes,Male,41 to 50,Married,Master's,From 16 to 20 years,From 11 to 15 years,Financial sector,Accounting,Reports Manager,From 5000 to 10000 S.R,3,Yes,Yes,Yes,Yes,No,No,From 7  training programs to more,Yes,Travel rarely,High,Yes,Medium,Medium,Close,Difficult,Yes,Yes,Yes,No,High,Very satisfied,Yes
412,Yes,Male,41 to 50,Married,Bachelor's,From 16 to 20 years,Less than 5 years,Industry sector,Safety & Security,Engineer,From 26000 to 30000 S.R,2,Yes,Yes,Yes,Yes,Yes,Yes,From 7  training programs to more,Yes,Travel frequently,Medium,Yes,High,Medium,Far,Medium,Sometimes,Sometimes,Yes,No,Medium,Satisfied,Yes
413,Yes,Male,41 to 50,Married,Bachelor's,From 21 to 25 years,Less than 5 years,Food production sector,Sales,Sales executive,From 5000 to 10000 S.R,2,Yes,Yes,Yes,No,No,No,I did not receive any training,No,Travel frequently,Low,No,Medium,Difficult,Far,Difficult,Yes,Yes,Yes,No,Low,Satisfied,Yes
414,No,Male,41 to 50,Married,Master's,Less than 5 years,Less than 5 years,Tourism sector,Administration,Administrative manager,S.R 31000 - and more,2,Yes,Yes,Yes,Yes,No,Yes,From 1 to 3 training programs,Yes,Travel rarely,Medium,Yes,Medium,Medium,Far,Medium,Yes,Yes,Yes,No,Medium,Satisfied,Yes
415,No,Male,41 to 50,Married,Bachelor's,Less than 5 years,Less than 5 years,Transport sector,Administration,Administrative manager,S.R 31000 - and more,2,Yes,Yes,Yes,Yes,Yes,Yes,From 1 to 3 training programs,Yes,Travel frequently,High,Yes,High,Medium,Medium,Medium,Sometimes,Sometimes,Yes,No,High,Very satisfied,Yes
416,Yes,Male,41 to 50,Married,Diploma or secondary,From 21 to 25 years,From 5 to 10 years,Transport sector,Administration,Administrative manager,From 11000 to 15000 S.R,0,No,No,Yes,No,No,No,I did not receive any training,No,Travel frequently,Medium,Yes,Medium,Medium,Medium,Medium,Yes,Yes,No,No,Medium,Satisfied,Yes
417,Yes,Male,41 to 50,Married,Ph.D,From 11 to 15 years,From 11 to 15 years,Education sector,Teaching,Lecturer,From 5000 to 10000 S.R,2,Yes,No,Yes,Yes,No,Yes,From 4 to 6 training programs,Yes,Travel rarely,Medium,Yes,Medium,Medium,Far,Medium,Sometimes,Sometimes,Yes,No,Medium,Satisfied,Yes
418,Yes,Female,21 to 30,Married,Master's,Less than 5 years,Less than 5 years,Education sector,Teaching,Trainer,Less than 5000 SAR,2,No,No,Yes,No,No,No,I did not receive any training,No,I do not travel for work,Low,No,Low,Easy,Close,Medium,Sometimes,Yes,Yes,No,Medium,Very satisfied,Yes
419,Yes,Male,31 to 40,Married,Diploma or secondary,From 5 to 10 years,From 5 to 10 years,Economic sector,Sales,Supervisor,From 5000 to 10000 S.R,0,Yes,Yes,Yes,No,No,No,From 1 to 3 training programs,Yes,Travel rarely,Medium,No,Medium,Easy,Medium,Difficult,No,Yes,No,No,Medium,Satisfied,No
420,No,Male,31 to 40,Married,Bachelor's,From 5 to 10 years,From 5 to 10 years,Industry sector,Processes,Civil engineer,From 5000 to 10000 S.R,0,Yes,No,No,I don't have overtime,No,No,I did not receive any training,No,I do not travel for work,Medium,No,Medium,Medium,Medium,Medium,No,No,No,No,Medium,Very satisfied,No
421,No,Male,31 to 40,Single,Diploma or secondary,From 5 to 10 years,From 5 to 10 years,Economic sector,Administration,Administrative manager,From 11000 to 15000 S.R,4,Yes,Yes,Yes,Yes,No,No,From 1 to 3 training programs,Yes,Travel frequently,Medium,Yes,Medium,Easy,Medium,Easy,Sometimes,Sometimes,Yes,No,Medium,Satisfied,Yes
422,No,Female,21 to 30,Single,Diploma or secondary,Less than 5 years,Less than 5 years,Food production sector,Sales,Salesman,Less than 5000 SAR,1,Yes,No,No,I don't have overtime,Yes,Yes,From 1 to 3 training programs,Yes,I do not travel for work,High,Yes,High,Easy,Medium,Easy,Sometimes,No,Yes,No,High,Very satisfied,No
423,Yes,Female,21 to 30,Single,Diploma or secondary,Less than 5 years,Less than 5 years,Food production sector,Sales,Salesman,Less than 5000 SAR,3,Yes,No,Yes,Yes,Yes,No,From 1 to 3 training programs,Yes,I do not travel for work,Medium,Yes,High,Easy,Medium,Medium,Sometimes,Sometimes,Yes,No,Medium,Satisfied,Yes
424,No,Female,21 to 30,Married,Bachelor's,Less than 5 years,Less than 5 years,Food production sector,Sales,Sales representative,Less than 5000 SAR,2,Yes,Yes,No,Yes,No,No,I did not receive any training,No,I do not travel for work,Low,Yes,Medium,Difficult,Medium,Medium,Sometimes,Sometimes,No,No,Medium,Satisfied,No
425,No,Female,31 to 40,Married,Diploma or secondary,Less than 5 years,Less than 5 years,Economic sector,Sales,Salesman,Less than 5000 SAR,2,Yes,Yes,Yes,Yes,Yes,No,From 7  training programs to more,Yes,I do not travel for work,Low,No,Low,Difficult,Medium,Medium,Yes,Yes,No,No,Low,Not satisfied,Yes
426,Yes,Female,31 to 40,Divorced,Diploma or secondary,From 5 to 10 years,Less than 5 years,Food production sector,Marketing,Marketing Specialist,Less than 5000 SAR,1,Yes,No,No,I don't have overtime,No,No,I did not receive any training,No,I do not travel for work,Low,Yes,Low,Medium,Close,Difficult,Yes,Yes,No,No,Medium,Very satisfied,Yes
427,Yes,Male,21 to 30,Single,Diploma or secondary,From 5 to 10 years,Less than 5 years,Financial sector,Sales,Salesman,Less than 5000 SAR,0,No,No,Yes,Yes,No,No,From 1 to 3 training programs,Yes,I do not travel for work,Medium,No,Medium,Medium,Medium,Medium,Yes,Yes,Yes,No,Medium,Satisfied,Yes
428,Yes,Female,21 to 30,Married,Diploma or secondary,Less than 5 years,Less than 5 years,Food production sector,Sales,Salesman,Less than 5000 SAR,0,No,No,Yes,Yes,No,No,I did not receive any training,No,I do not travel for work,Low,No,Low,Difficult,Close,Medium,Yes,Yes,No,Yes,Low,Not satisfied,Yes
429,No,Female,41 to 50,Married,Diploma or secondary,Less than 5 years,Less than 5 years,Food production sector,Safety & Security,Security and safety specialist,Less than 5000 SAR,0,No,No,No,No,No,Yes,I did not receive any training,No,I do not travel for work,Medium,Yes,High,Easy,Close,Easy,Sometimes,Yes,Yes,No,High,Very satisfied,Yes
430,Yes,Female,31 to 40,Single,Bachelor's,Less than 5 years,Less than 5 years,Industry sector,Production,Production supervisor,Less than 5000 SAR,1,No,No,No,I don't have overtime,No,No,I did not receive any training,No,I do not travel for work,Low,No,Low,Easy,Medium,Medium,Sometimes,Sometimes,No,No,Low,Not satisfied,Yes
431,Yes,Female,21 to 30,Single,Diploma or secondary,Less than 5 years,Less than 5 years,Food production sector,Sales,Supervisor,Less than 5000 SAR,2,Yes,Yes,No,I don't have overtime,Yes,Yes,From 1 to 3 training programs,Yes,I do not travel for work,Medium,Yes,Medium,Medium,Far,Medium,Yes,Yes,No,No,High,Satisfied,Yes
432,Yes,Female,21 to 30,Single,Bachelor's,Less than 5 years,Less than 5 years,Food production sector,Sales,Sales representative,Less than 5000 SAR,2,Yes,No,Yes,Yes,No,No,From 1 to 3 training programs,No,Travel rarely,Low,No,Low,Medium,Medium,Difficult,Sometimes,Sometimes,No,No,Medium,Not satisfied,Yes
433,Yes,Female,41 to 50,Divorced,Bachelor's,From 5 to 10 years,Less than 5 years,Food production sector,Sales,Salesman,From 5000 to 10000 S.R,3,Yes,Yes,Yes,Yes,Yes,No,From 7  training programs to more,Yes,I do not travel for work,Low,Yes,High,Medium,Close,Easy,Sometimes,Sometimes,No,No,Medium,Satisfied,Yes
434,No,Female,21 to 30,Married,Diploma or secondary,From 5 to 10 years,From 5 to 10 years,Food production sector,Sales,Consultant,From 5000 to 10000 S.R,2,Yes,Yes,No,I don't have overtime,No,No,From 7  training programs to more,Yes,I do not travel for work,High,Yes,High,Medium,Close,Medium,Sometimes,Sometimes,No,No,Medium,Satisfied,No
435,Yes,Female,21 to 30,Divorced,Diploma or secondary,From 5 to 10 years,From 5 to 10 years,Food production sector,Sales,Supervisor,From 5000 to 10000 S.R,3,Yes,Yes,Yes,Yes,No,No,From 7  training programs to more,Yes,I do not travel for work,Medium,Yes,Medium,Medium,Medium,Difficult,Sometimes,Sometimes,No,No,High,Satisfied,No
436,Yes,Female,21 to 30,Single,Diploma or secondary,From 5 to 10 years,Less than 5 years,Media sector,Sales,Salesman,Less than 5000 SAR,2,Yes,Yes,Yes,Yes,Yes,Yes,From 1 to 3 training programs,Yes,I do not travel for work,Medium,No,Medium,Medium,Close,Medium,Sometimes,No,Yes,Yes,Medium,Satisfied,Yes
437,No,Female,21 to 30,Married,Bachelor's,From 5 to 10 years,From 5 to 10 years,Energy sector,Accounting,Accountant,Less than 5000 SAR,2,Yes,Yes,Yes,Yes,Yes,Yes,From 4 to 6 training programs,Yes,I do not travel for work,High,Yes,Medium,Easy,Close,Easy,Yes,Sometimes,Yes,No,Medium,Very satisfied,No
438,No,Female,21 to 30,Single,Bachelor's,From 5 to 10 years,From 5 to 10 years,Food production sector,Production,Production supervisor,From 5000 to 10000 S.R,2,Yes,Yes,No,Yes,Yes,Yes,From 1 to 3 training programs,Yes,I do not travel for work,Medium,Yes,Medium,Medium,Medium,Medium,Yes,Yes,No,No,Medium,Satisfied,No
439,Yes,Female,21 to 30,Single,Bachelor's,Less than 5 years,Less than 5 years,"Environment, Water, and Agriculture sector",Accounting,Accountant,Less than 5000 SAR,0,Yes,No,No,I don't have overtime,No,No,I did not receive any training,No,I do not travel for work,Medium,No,Medium,Medium,Medium,Medium,Sometimes,Yes,No,No,Low,Satisfied,Yes
440,Yes,Male,31 to 40,Married,Diploma or secondary,From 16 to 20 years,Less than 5 years,Industry sector,Sales,Supervisor,Less than 5000 SAR,2,No,Yes,Yes,Yes,No,No,From 1 to 3 training programs,Yes,I do not travel for work,Medium,No,Medium,Medium,Far,Medium,Yes,Yes,No,No,Medium,Satisfied,Yes
441,No,Male,21 to 30,Single,Bachelor's,Less than 5 years,Less than 5 years,Medical sector,Patient Affairs,Nutrition specialist,From 5000 to 10000 S.R,0,No,No,Yes,Yes,No,No,I did not receive any training,No,I do not travel for work,Low,No,Medium,Difficult,Medium,Difficult,Sometimes,Yes,No,No,Low,Not satisfied,No
442,No,Male,41 to 50,Married,Bachelor's,From 11 to 15 years,From 11 to 15 years,Education sector,Accounting,Accountant,Less than 5000 SAR,2,Yes,Yes,Yes,Yes,No,No,I did not receive any training,No,I do not travel for work,Low,No,High,Difficult,Far,Medium,Yes,Yes,No,No,Medium,Satisfied,Yes
443,No,Female,21 to 30,Married,Bachelor's,From 5 to 10 years,From 5 to 10 years,Education sector,Teaching,Teacher,From 5000 to 10000 S.R,0,Yes,No,No,I don't have overtime,Yes,Yes,From 4 to 6 training programs,Yes,I do not travel for work,High,Yes,Medium,Medium,Close,Easy,No,No,Yes,No,High,Very satisfied,No
444,Yes,Male,31 to 40,Married,Bachelor's,From 11 to 15 years,Less than 5 years,Medical sector,Patient Affairs,Nurse,From 5000 to 10000 S.R,2,Yes,Yes,No,I don't have overtime,Yes,Yes,From 4 to 6 training programs,Yes,I do not travel for work,Medium,Yes,Medium,Medium,Medium,Difficult,Yes,No,Yes,Yes,High,Satisfied,Yes
445,No,Female,21 to 30,Single,Master's,Less than 5 years,Less than 5 years,Financial sector,Customers service,Customer services representative,From 5000 to 10000 S.R,1,Yes,Yes,Yes,Yes,Yes,Yes,From 7  training programs to more,Yes,I do not travel for work,High,Yes,High,Easy,Medium,Medium,No,Sometimes,Yes,No,High,Very satisfied,No
446,Yes,Male,41 to 50,Married,Master's,From 11 to 15 years,From 5 to 10 years,Financial sector,Processes,Head of treasury,From 26000 to 30000 S.R,3,Yes,Yes,Yes,Yes,Yes,Yes,From 7  training programs to more,Yes,Travel rarely,High,Yes,High,Easy,Far,Difficult,Yes,Sometimes,No,Yes,High,Satisfied,Yes
447,No,Female,31 to 40,Married,Bachelor's,From 5 to 10 years,From 5 to 10 years,Financial sector,Accounting,Accountant,From 11000 to 15000 S.R,2,Yes,Yes,Yes,Yes,Yes,Yes,From 7  training programs to more,Yes,Travel rarely,High,Yes,High,Easy,Medium,Medium,Sometimes,No,Yes,No,High,Very satisfied,No
448,No,Female,21 to 30,Married,Bachelor's,Less than 5 years,Less than 5 years,Financial sector,Processes,Financial Analyst,From 11000 to 15000 S.R,3,Yes,Yes,Yes,Yes,Yes,Yes,From 4 to 6 training programs,Yes,Travel rarely,High,Yes,High,Medium,Medium,Medium,Sometimes,No,Yes,No,High,Satisfied,No
449,Yes,Female,31 to 40,Married,Diploma or secondary,From 5 to 10 years,From 5 to 10 years,Financial sector,Administration,Secretariat,From 5000 to 10000 S.R,1,Yes,No,No,I don't have overtime,No,No,I did not receive any training,No,I do not travel for work,Low,No,Low,Medium,Close,Difficult,Sometimes,Sometimes,No,No,Low,Not satisfied,Yes
450,No,Female,21 to 30,Married,Diploma or secondary,From 5 to 10 years,From 5 to 10 years,Financial sector,Processes,Scribe,From 5000 to 10000 S.R,2,Yes,No,No,I don't have overtime,Yes,Yes,From 4 to 6 training programs,Yes,Travel rarely,High,Yes,High,Medium,Medium,Medium,Sometimes,Sometimes,Yes,No,High,Satisfied,No
451,No,Male,21 to 30,Single,Diploma or secondary,Less than 5 years,Less than 5 years,Financial sector,Customers service,Customer services representative,From 5000 to 10000 S.R,0,Yes,No,No,I don't have overtime,Yes,Yes,From 1 to 3 training programs,Yes,I do not travel for work,Medium,Yes,Medium,Medium,Close,Medium,Sometimes,Sometimes,No,No,Medium,Satisfied,Yes
452,No,Female,31 to 40,Married,Master's,From 11 to 15 years,From 11 to 15 years,Financial sector,Administration,Administrative manager,From 16000 to 20000 S.R,2,Yes,Yes,Yes,Yes,Yes,Yes,From 4 to 6 training programs,Yes,Travel rarely,High,Yes,High,Easy,Medium,Medium,Sometimes,Sometimes,Yes,No,High,Very satisfied,No
453,No,Male,31 to 40,Married,Master's,From 5 to 10 years,From 5 to 10 years,Financial sector,Sales,Admin accountant,From 16000 to 20000 S.R,2,Yes,Yes,Yes,Yes,Yes,Yes,From 4 to 6 training programs,Yes,Travel rarely,High,Yes,High,Medium,Close,Medium,No,No,Yes,No,Medium,Satisfied,Yes
454,No,Male,21 to 30,Single,Diploma or secondary,Less than 5 years,Less than 5 years,Medical sector,Customers service,Receptionist,From 5000 to 10000 S.R,1,Yes,No,No,I don't have overtime,Yes,Yes,From 1 to 3 training programs,Yes,I do not travel for work,High,Yes,High,Easy,Close,Medium,Sometimes,Sometimes,No,Yes,Medium,Satisfied,Yes
455,No,Male,31 to 40,Married,Diploma or secondary,From 11 to 15 years,From 11 to 15 years,Medical sector,Safety & Security,Security and safety specialist,From 5000 to 10000 S.R,1,Yes,No,No,I don't have overtime,Yes,Yes,I did not receive any training,No,I do not travel for work,High,Yes,High,Medium,Medium,Medium,Sometimes,Sometimes,Yes,No,High,Satisfied,No
456,Yes,Male,31 to 40,Married,Master's,From 5 to 10 years,Less than 5 years,Energy sector,HR,Coordinator,From 5000 to 10000 S.R,0,No,No,No,I don't have overtime,No,No,I did not receive any training,No,Travel rarely,Medium,No,Medium,Medium,Medium,Medium,Sometimes,Sometimes,No,No,Medium,Not satisfied,Yes
457,No,Female,31 to 40,Married,Master's,From 5 to 10 years,From 5 to 10 years,Financial sector,Banking operations,Banking operations,From 11000 to 15000 S.R,2,Yes,No,No,I don't have overtime,Yes,Yes,From 4 to 6 training programs,Yes,I do not travel for work,Medium,Yes,High,Easy,Medium,Medium,Sometimes,Sometimes,Yes,No,High,Satisfied,No
458,Yes,Male,41 to 50,Married,Diploma or secondary,From 11 to 15 years,From 5 to 10 years,Financial sector,HR,Coordinator,From 5000 to 10000 S.R,0,No,No,No,I don't have overtime,No,No,I did not receive any training,No,I do not travel for work,Medium,Yes,Medium,Medium,Medium,Medium,Sometimes,Sometimes,No,No,Low,Not satisfied,Yes
459,No,Female,31 to 40,Married,Bachelor's,Less than 5 years,Less than 5 years,Medical sector,Customers service,Receptionist,From 5000 to 10000 S.R,0,Yes,No,No,I don't have overtime,Yes,Yes,From 4 to 6 training programs,Yes,I do not travel for work,High,Yes,High,Easy,Close,Medium,Sometimes,Sometimes,Yes,No,Medium,Satisfied,No
460,No,Female,21 to 30,Single,Master's,Less than 5 years,Less than 5 years,Medical sector,Administration,HR Specialist,From 5000 to 10000 S.R,2,Yes,Yes,Yes,Yes,Yes,Yes,From 4 to 6 training programs,Yes,Travel rarely,High,Yes,High,Medium,Medium,Medium,No,No,Yes,No,High,Very satisfied,No
461,Yes,Female,21 to 30,Married,Bachelor's,Less than 5 years,Less than 5 years,Media sector,Processes,Project manager,Less than 5000 SAR,0,No,No,Yes,No,No,No,From 4 to 6 training programs,Yes,I do not travel for work,Medium,Yes,Medium,Medium,Close,Medium,Yes,Yes,No,No,Low,Not satisfied,No
462,Yes,Male,41 to 50,Married,Master's,Less than 5 years,Less than 5 years,Financial sector,Accounting,Admin accountant,From 5000 to 10000 S.R,0,No,No,Yes,No,No,No,I did not receive any training,No,I do not travel for work,Low,No,High,Difficult,Medium,Difficult,Yes,Yes,No,No,Low,Not satisfied,Yes
463,Yes,Male,21 to 30,Married,Bachelor's,From 5 to 10 years,From 5 to 10 years,Food production sector,Processes,Operations Supervisor,From 5000 to 10000 S.R,2,Yes,No,Yes,No,No,No,I did not receive any training,No,I do not travel for work,Medium,Yes,High,Difficult,Medium,Medium,Yes,Yes,No,No,Low,Not satisfied,Yes
464,Yes,Male,41 to 50,Divorced,Diploma or secondary,From 5 to 10 years,From 5 to 10 years,Tourism sector,Customers service,Customer services representative,From 5000 to 10000 S.R,2,Yes,Yes,No,Yes,No,No,From 1 to 3 training programs,No,I do not travel for work,Low,No,High,Easy,Medium,Difficult,Sometimes,No,No,No,Low,Very satisfied,Yes
465,Yes,Male,21 to 30,Single,Bachelor's,Less than 5 years,Less than 5 years,Financial sector,Accounting,Accountant,From 11000 to 15000 S.R,2,Yes,No,Yes,No,No,No,I did not receive any training,No,I do not travel for work,Medium,Yes,Medium,Medium,Medium,Medium,Sometimes,Sometimes,Yes,No,High,Satisfied,Yes
466,Yes,Male,41 to 50,Married,Bachelor's,From 16 to 20 years,Less than 5 years,Financial sector,Accounting,Accountant,From 5000 to 10000 S.R,2,Yes,No,Yes,Yes,No,No,From 4 to 6 training programs,Yes,Travel rarely,High,No,Medium,Difficult,Medium,Medium,Yes,Yes,No,No,Medium,Satisfied,Yes
467,Yes,Female,21 to 30,Single,Bachelor's,From 5 to 10 years,Less than 5 years,Industry sector,Accounting,Accountant,From 5000 to 10000 S.R,2,Yes,No,No,No,No,No,I did not receive any training,No,I do not travel for work,Low,Yes,High,Difficult,Medium,Difficult,Yes,Yes,No,No,Low,Not satisfied,Yes
468,No,Male,31 to 40,Married,Diploma or secondary,From 5 to 10 years,From 5 to 10 years,Food production sector,Customers service,Receptionist,From 5000 to 10000 S.R,1,Yes,No,No,I don't have overtime,Yes,Yes,From 1 to 3 training programs,Yes,I do not travel for work,High,Yes,High,Medium,Close,Medium,No,No,Yes,Yes,High,Very satisfied,No
469,Yes,Male,21 to 30,Single,Diploma or secondary,From 5 to 10 years,Less than 5 years,"Environment, Water, and Agriculture sector",Safety & Security,Security and safety specialist,From 5000 to 10000 S.R,0,No,No,No,I don't have overtime,No,Yes,I did not receive any training,No,I do not travel for work,Medium,Yes,Medium,Medium,Medium,Medium,Sometimes,Sometimes,No,No,Medium,Not satisfied,Yes
470,No,Female,41 to 50,Married,Bachelor's,From 5 to 10 years,From 5 to 10 years,Food production sector,Sales,Sales executive,From 5000 to 10000 S.R,1,Yes,Yes,No,I don't have overtime,Yes,Yes,From 4 to 6 training programs,Yes,Travel frequently,High,Yes,High,Medium,Medium,Medium,No,No,Yes,No,High,Very satisfied,No
471,No,Male,31 to 40,Married,Bachelor's,From 5 to 10 years,From 5 to 10 years,Food production sector,Administration,Supervisor,From 11000 to 15000 S.R,1,Yes,Yes,Yes,Yes,Yes,Yes,From 4 to 6 training programs,Yes,Travel rarely,Medium,Yes,High,Medium,Close,Easy,No,No,Yes,No,Medium,Satisfied,No
472,No,Female,31 to 40,Married,Bachelor's,Less than 5 years,Less than 5 years,Financial sector,Banking operations,Banking operations,From 5000 to 10000 S.R,2,Yes,Yes,Yes,I don't have overtime,Yes,Yes,From 4 to 6 training programs,Yes,I do not travel for work,High,Yes,High,Medium,Medium,Medium,Yes,Sometimes,No,No,High,Satisfied,No
473,No,Male,21 to 30,Single,Bachelor's,Less than 5 years,Less than 5 years,Food production sector,HR,Supervisor,From 11000 to 15000 S.R,2,Yes,Yes,No,I don't have overtime,Yes,Yes,From 7  training programs to more,Yes,Travel rarely,Medium,Yes,High,Medium,Close,Medium,No,No,Yes,No,High,Very satisfied,No
474,No,Male,31 to 40,Married,Bachelor's,From 5 to 10 years,From 5 to 10 years,Food production sector,Administration,Supervisor,From 11000 to 15000 S.R,2,Yes,Yes,No,I don't have overtime,Yes,Yes,From 1 to 3 training programs,Yes,Travel rarely,High,Yes,Medium,Medium,Medium,Medium,No,No,Yes,No,High,Very satisfied,No
475,No,Female,21 to 30,Single,Bachelor's,Less than 5 years,Less than 5 years,Food production sector,Sales,Sales representative,Less than 5000 SAR,2,No,No,No,No,Yes,Yes,From 1 to 3 training programs,Yes,Travel rarely,High,Yes,High,Medium,Medium,Medium,No,No,No,No,Medium,Satisfied,Yes
476,No,Male,21 to 30,Single,Bachelor's,From 5 to 10 years,From 5 to 10 years,Food production sector,Administration,Supervisor,From 11000 to 15000 S.R,2,Yes,Yes,Yes,Yes,Yes,Yes,From 7  training programs to more,Yes,Travel rarely,High,Yes,High,Medium,Close,Medium,No,No,Yes,No,High,Very satisfied,No
477,Yes,Female,21 to 30,Single,Bachelor's,From 5 to 10 years,Less than 5 years,Food production sector,Sales,Sales representative,Less than 5000 SAR,2,No,No,Yes,No,No,No,From 1 to 3 training programs,Yes,Travel rarely,Medium,Yes,Medium,Medium,Far,Medium,Yes,Yes,No,No,Medium,Not satisfied,Yes
478,No,Male,21 to 30,Single,Diploma or secondary,Less than 5 years,Less than 5 years,Food production sector,Production,Production supervisor,Less than 5000 SAR,2,No,Yes,Yes,Yes,Yes,Yes,From 1 to 3 training programs,Yes,I do not travel for work,Medium,Yes,Medium,Medium,Medium,Medium,No,No,Yes,No,Medium,Satisfied,No
479,No,Male,31 to 40,Married,Bachelor's,From 5 to 10 years,From 5 to 10 years,Food production sector,Administration,Supervisor,From 11000 to 15000 S.R,2,Yes,Yes,Yes,Yes,Yes,Yes,From 7  training programs to more,Yes,Travel rarely,High,Yes,High,Medium,Close,Easy,No,No,No,No,High,Very satisfied,No
480,No,Male,21 to 30,Single,Diploma or secondary,From 5 to 10 years,From 5 to 10 years,Food production sector,Production,Production supervisor,From 5000 to 10000 S.R,2,Yes,No,No,I don't have overtime,No,No,I did not receive any training,No,I do not travel for work,Medium,No,Medium,Medium,Far,Difficult,Yes,Yes,No,No,Medium,Not satisfied,Yes
481,Yes,Male,21 to 30,Single,Diploma or secondary,Less than 5 years,Less than 5 years,Food production sector,Processes,Electrical engineer,Less than 5000 SAR,2,No,No,Yes,Yes,No,No,From 4 to 6 training programs,Yes,Travel rarely,Medium,Yes,Medium,Medium,Far,Difficult,Sometimes,Sometimes,No,No,Medium,Not satisfied,Yes
482,Yes,Male,21 to 30,Single,Diploma or secondary,From 5 to 10 years,From 5 to 10 years,Food production sector,Processes,Electrical engineer,Less than 5000 SAR,2,Yes,No,Yes,Yes,No,No,From 4 to 6 training programs,Yes,I do not travel for work,Low,Yes,Low,Medium,Close,Difficult,Yes,Yes,No,No,High,Not satisfied,Yes
483,No,Male,31 to 40,Married,Diploma or secondary,From 11 to 15 years,From 11 to 15 years,Food production sector,Processes,Driver,Less than 5000 SAR,2,No,Yes,Yes,Yes,No,No,From 1 to 3 training programs,Yes,I do not travel for work,High,Yes,High,Medium,Close,Medium,Sometimes,Sometimes,No,No,Medium,Satisfied,No
484,No,Male,21 to 30,Single,Diploma or secondary,Less than 5 years,Less than 5 years,Food production sector,Processes,Driver,Less than 5000 SAR,2,No,No,No,I don't have overtime,No,No,I did not receive any training,No,I do not travel for work,High,Yes,Medium,Medium,Close,Medium,Sometimes,Sometimes,No,No,Medium,Satisfied,No
485,Yes,Male,31 to 40,Married,Diploma or secondary,From 5 to 10 years,From 5 to 10 years,Food production sector,Safety & Security,Security and safety specialist,Less than 5000 SAR,2,No,No,No,I don't have overtime,No,No,I did not receive any training,No,I do not travel for work,High,Yes,Medium,Difficult,Close,Medium,Sometimes,Sometimes,No,No,High,Not satisfied,No
486,No,Male,21 to 30,Single,Diploma or secondary,Less than 5 years,Less than 5 years,Food production sector,Processes,Manger assistant,Less than 5000 SAR,2,Yes,No,No,I don't have overtime,No,No,From 1 to 3 training programs,Yes,I do not travel for work,High,Yes,Medium,Easy,Close,Medium,Sometimes,Sometimes,No,No,Medium,Satisfied,No
487,No,Male,21 to 30,Single,Diploma or secondary,Less than 5 years,Less than 5 years,Food production sector,Marketing,Marketing Specialist,Less than 5000 SAR,2,Yes,Yes,Yes,Yes,Yes,Yes,From 4 to 6 training programs,Yes,I do not travel for work,High,Yes,High,Medium,Medium,Medium,No,No,Yes,No,High,Very satisfied,No
488,No,Male,31 to 40,Married,Diploma or secondary,From 5 to 10 years,From 5 to 10 years,Food production sector,Technical support,IT specialist,Less than 5000 SAR,2,No,No,No,I don't have overtime,No,No,I did not receive any training,No,I do not travel for work,Low,Yes,Low,Difficult,Close,Easy,Sometimes,Sometimes,No,No,Low,Not satisfied,No
489,Yes,Male,21 to 30,Married,Bachelor's,From 5 to 10 years,Less than 5 years,Communications and IT sector,Marketing,Marketing Specialist,From 5000 to 10000 S.R,2,Yes,Yes,No,I don't have overtime,Yes,Yes,From 1 to 3 training programs,Yes,Travel rarely,Medium,Yes,Medium,Medium,Close,Easy,Sometimes,Sometimes,Yes,No,Medium,Satisfied,Yes
490,No,Female,21 to 30,Single,Bachelor's,Less than 5 years,Less than 5 years,Medical sector,Customers service,Customer services representative,Less than 5000 SAR,0,No,Yes,Yes,No,No,No,From 1 to 3 training programs,Yes,I do not travel for work,Medium,Yes,Low,Difficult,Medium,Medium,Sometimes,Sometimes,No,No,Medium,Satisfied,No
491,Yes,Male,31 to 40,Married,Bachelor's,From 5 to 10 years,From 5 to 10 years,Tourism sector,Relations,Relations manager,From 5000 to 10000 S.R,3,Yes,Yes,No,I don't have overtime,Yes,Yes,I did not receive any training,No,Travel frequently,High,Yes,Medium,Easy,Far,Easy,No,No,Yes,No,Medium,Satisfied,Yes
492,Yes,Female,21 to 30,Married,Bachelor's,From 5 to 10 years,Less than 5 years,Financial sector,Sales,Sales executive,From 5000 to 10000 S.R,1,Yes,Yes,No,I don't have overtime,Yes,Yes,From 4 to 6 training programs,Yes,I do not travel for work,Medium,Yes,Medium,Medium,Far,Medium,No,Sometimes,Yes,No,Medium,Satisfied,Yes
493,Yes,Female,21 to 30,Single,Diploma or secondary,Less than 5 years,Less than 5 years,Education sector,Teaching,Trainer,Less than 5000 SAR,0,No,No,No,I don't have overtime,No,No,I did not receive any training,No,I do not travel for work,Medium,Yes,Low,Difficult,Medium,Easy,Yes,Yes,No,No,Low,Not satisfied,No
494,No,Male,21 to 30,Single,Bachelor's,Less than 5 years,Less than 5 years,Communications and IT sector,Sales,Sales executive,From 5000 to 10000 S.R,1,Yes,Yes,No,I don't have overtime,Yes,Yes,From 4 to 6 training programs,Yes,I do not travel for work,High,Yes,High,Medium,Medium,Easy,No,Sometimes,Yes,No,High,Satisfied,No
495,Yes,Male,31 to 40,Married,Master's,From 5 to 10 years,Less than 5 years,Financial sector,HR,HR Specialist,From 11000 to 15000 S.R,2,Yes,Yes,No,I don't have overtime,Yes,Yes,From 1 to 3 training programs,Yes,Travel rarely,High,Yes,High,Easy,Medium,Medium,No,Sometimes,Yes,Yes,High,Very satisfied,Yes
496,Yes,Female,31 to 40,Married,Master's,From 5 to 10 years,From 5 to 10 years,Education sector,Teaching,Teacher,From 5000 to 10000 S.R,3,No,No,No,I don't have overtime,Yes,No,From 1 to 3 training programs,Yes,I do not travel for work,Medium,Yes,Medium,Medium,Medium,Medium,Yes,Yes,Yes,No,Medium,Satisfied,Yes
497,Yes,Female,21 to 30,Single,Bachelor's,From 5 to 10 years,Less than 5 years,Energy sector,Marketing,Marketing Specialist,From 5000 to 10000 S.R,2,Yes,Yes,No,I don't have overtime,Yes,Yes,From 1 to 3 training programs,Yes,I do not travel for work,Medium,Yes,Medium,Easy,Medium,Medium,No,Sometimes,Yes,No,Medium,Satisfied,Yes
498,Yes,Male,21 to 30,Single,Diploma or secondary,From 5 to 10 years,Less than 5 years,Transport sector,Processes,Chemical Engineer,From 5000 to 10000 S.R,0,Yes,Yes,Yes,Yes,Yes,Yes,From 1 to 3 training programs,Yes,Travel rarely,High,Yes,Medium,Medium,Medium,Medium,No,Sometimes,Yes,No,High,Satisfied,No
499,Yes,Male,21 to 30,Married,Bachelor's,Less than 5 years,Less than 5 years,"Environment, Water, and Agriculture sector",Safety & Security,Security and safety specialist,Less than 5000 SAR,0,No,No,Yes,Yes,No,No,From 1 to 3 training programs,Yes,I do not travel for work,Medium,Yes,Medium,Difficult,Far,Difficult,Yes,Yes,No,No,Low,Not satisfied,Yes
500,Yes,Female,21 to 30,Single,Diploma or secondary,Less than 5 years,Less than 5 years,Communications and IT sector,Customers service,Customer services representative,Less than 5000 SAR,0,Yes,No,No,I don't have overtime,No,No,I did not receive any training,No,I do not travel for work,Medium,Yes,Medium,Medium,Medium,Difficult,Sometimes,Sometimes,No,No,Medium,Satisfied,Yes
501,Yes,Female,31 to 40,Married,Master's,From 5 to 10 years,From 5 to 10 years,Medical sector,Administration,Administrative manager,From 16000 to 20000 S.R,3,Yes,Yes,No,I don't have overtime,Yes,Yes,From 1 to 3 training programs,Yes,Travel frequently,High,Yes,High,Easy,Medium,Medium,Sometimes,Sometimes,Yes,No,High,Very satisfied,Yes
502,No,Male,21 to 30,Single,Bachelor's,Less than 5 years,Less than 5 years,Tourism sector,Administration,Manger assistant,From 5000 to 10000 S.R,2,Yes,Yes,Yes,I don't have overtime,No,Yes,From 1 to 3 training programs,Yes,I do not travel for work,Medium,Yes,High,Medium,Medium,Medium,Sometimes,Sometimes,Yes,No,High,Satisfied,Yes
503,Yes,Male,31 to 40,Married,Bachelor's,From 5 to 10 years,Less than 5 years,Food production sector,Administration,Manger assistant,From 5000 to 10000 S.R,1,Yes,No,No,I don't have overtime,Yes,Yes,I did not receive any training,No,I do not travel for work,High,Yes,High,Medium,Close,Easy,Sometimes,Sometimes,Yes,No,High,Satisfied,Yes
504,No,Female,21 to 30,Single,Bachelor's,Less than 5 years,Less than 5 years,Education sector,Administration,Manger assistant,Less than 5000 SAR,0,No,No,No,I don't have overtime,No,No,I did not receive any training,No,I do not travel for work,Low,Yes,Medium,Medium,Medium,Easy,Sometimes,Yes,No,No,Low,Satisfied,No
505,Yes,Male,41 to 50,Divorced,Master's,From 11 to 15 years,From 5 to 10 years,Energy sector,HR,Hiring specialist,From 11000 to 15000 S.R,2,Yes,Yes,No,I don't have overtime,Yes,Yes,From 7  training programs to more,Yes,Travel rarely,High,Yes,High,Medium,Far,Difficult,No,Yes,No,No,High,Satisfied,Yes
506,Yes,Female,21 to 30,Married,Bachelor's,From 5 to 10 years,Less than 5 years,Communications and IT sector,Processes,Purchase specialist,From 5000 to 10000 S.R,0,Yes,Yes,No,I don't have overtime,Yes,Yes,From 4 to 6 training programs,Yes,I do not travel for work,Medium,Yes,Medium,Medium,Medium,Medium,No,No,Yes,No,Medium,Very satisfied,Yes
507,No,Male,21 to 30,Single,Diploma or secondary,Less than 5 years,Less than 5 years,Tourism sector,Customers service,Customer services representative,From 5000 to 10000 S.R,0,Yes,No,No,I don't have overtime,Yes,Yes,From 4 to 6 training programs,Yes,Travel rarely,High,Yes,High,Medium,Medium,Medium,Sometimes,Sometimes,No,No,High,Satisfied,Yes
508,Yes,Female,31 to 40,Married,Bachelor's,From 5 to 10 years,Less than 5 years,Financial sector,Relations,Relationships Specialist,From 5000 to 10000 S.R,1,Yes,Yes,No,I don't have overtime,Yes,Yes,From 1 to 3 training programs,Yes,I do not travel for work,Medium,Yes,Medium,Easy,Medium,Medium,Sometimes,Sometimes,Yes,Yes,Medium,Satisfied,Yes
509,Yes,Male,31 to 40,Single,Bachelor's,From 5 to 10 years,Less than 5 years,Financial sector,HR,Hiring specialist,From 5000 to 10000 S.R,1,Yes,Yes,Yes,Yes,Yes,Yes,From 1 to 3 training programs,Yes,I do not travel for work,High,Yes,Medium,Medium,Medium,Medium,No,Sometimes,Yes,No,High,Very satisfied,Yes
510,Yes,Female,21 to 30,Single,Bachelor's,From 5 to 10 years,Less than 5 years,Medical sector,Administration,Marketing Specialist,From 5000 to 10000 S.R,1,Yes,Yes,No,I don't have overtime,Yes,No,From 1 to 3 training programs,Yes,I do not travel for work,High,Yes,Medium,Medium,Medium,Medium,Yes,Sometimes,No,No,High,Satisfied,Yes
511,No,Male,41 to 50,Married,Ph.D,From 16 to 20 years,From 16 to 20 years,Medical sector,Patient Affairs,Doctor,S.R 31000 - and more,4,Yes,Yes,No,I don't have overtime,Yes,Yes,From 7  training programs to more,Yes,I do not travel for work,High,Yes,High,Medium,Medium,Medium,Sometimes,No,Yes,No,High,Very satisfied,No
512,No,Female,31 to 40,Married,Ph.D,From 5 to 10 years,From 5 to 10 years,Medical sector,Patient Affairs,Doctor,S.R 31000 - and more,4,Yes,Yes,Yes,Yes,Yes,Yes,From 4 to 6 training programs,Yes,I do not travel for work,High,Yes,Medium,Medium,Medium,Difficult,Sometimes,Sometimes,Yes,No,Medium,Satisfied,No
513,No,Male,21 to 30,Married,Ph.D,Less than 5 years,Less than 5 years,Medical sector,Processes,Operations Supervisor,From 5000 to 10000 S.R,4,Yes,Yes,Yes,Yes,Yes,Yes,From 4 to 6 training programs,Yes,Travel rarely,Medium,Yes,High,Medium,Far,Medium,Sometimes,No,Yes,No,High,Satisfied,Yes
514,No,Female,31 to 40,Single,Ph.D,From 5 to 10 years,From 5 to 10 years,Medical sector,Administration,Administrative manager,From 16000 to 20000 S.R,4,Yes,Yes,Yes,Yes,Yes,Yes,From 7  training programs to more,Yes,Travel rarely,High,Yes,High,Easy,Close,Easy,Sometimes,No,Yes,No,High,Very satisfied,Yes
515,No,Female,31 to 40,Married,Master's,From 11 to 15 years,From 11 to 15 years,Medical sector,Patient Affairs,Nurse,From 5000 to 10000 S.R,4,Yes,Yes,No,I don't have overtime,Yes,Yes,From 7  training programs to more,Yes,I do not travel for work,High,Yes,High,Medium,Far,Medium,No,No,Yes,No,High,Very satisfied,No
516,No,Female,41 to 50,Married,Ph.D,From 16 to 20 years,From 16 to 20 years,Medical sector,Administration,Supervisor,From 16000 to 20000 S.R,4,Yes,Yes,Yes,Yes,Yes,Yes,From 7  training programs to more,Yes,I do not travel for work,High,Yes,High,Medium,Medium,Easy,Sometimes,Sometimes,Yes,No,High,Very satisfied,No
517,No,Male,21 to 30,Single,Bachelor's,From 5 to 10 years,From 5 to 10 years,Medical sector,Patient Affairs,Nurse,From 5000 to 10000 S.R,4,Yes,Yes,Yes,Yes,Yes,Yes,From 4 to 6 training programs,Yes,Travel rarely,High,Yes,High,Medium,Medium,Medium,No,No,Yes,No,High,Very satisfied,Yes
518,No,Male,31 to 40,Married,Bachelor's,From 5 to 10 years,From 5 to 10 years,Medical sector,Patient Affairs,Doctor,From 11000 to 15000 S.R,4,Yes,Yes,Yes,Yes,Yes,Yes,From 7  training programs to more,Yes,I do not travel for work,High,Yes,Medium,Medium,Close,Easy,Sometimes,No,Yes,No,Medium,Very satisfied,No
519,No,Female,21 to 30,Single,Diploma or secondary,Less than 5 years,Less than 5 years,Medical sector,Patient Affairs,Doctor,From 5000 to 10000 S.R,4,Yes,Yes,Yes,No,No,Yes,From 1 to 3 training programs,Yes,I do not travel for work,High,Yes,High,Easy,Close,Easy,Sometimes,No,Yes,No,Medium,Satisfied,No
520,No,Female,21 to 30,Married,Master's,Less than 5 years,Less than 5 years,Medical sector,Patient Affairs,Pharmacist,From 11000 to 15000 S.R,4,Yes,Yes,Yes,Yes,Yes,Yes,From 1 to 3 training programs,Yes,Travel rarely,High,Yes,High,Difficult,Far,Medium,Sometimes,Sometimes,No,No,High,Satisfied,Yes
521,Yes,Male,31 to 40,Married,Master's,From 5 to 10 years,From 5 to 10 years,Medical sector,Patient Affairs,Nutrition specialist,From 11000 to 15000 S.R,3,Yes,Yes,No,I don't have overtime,No,No,From 4 to 6 training programs,Yes,I do not travel for work,Medium,No,Low,Easy,Close,Easy,Sometimes,Sometimes,No,No,Medium,Not satisfied,Yes
522,Yes,Male,31 to 40,Married,Bachelor's,From 5 to 10 years,Less than 5 years,Transport sector,Processes,Operations Supervisor,From 5000 to 10000 S.R,0,Yes,Yes,No,I don't have overtime,No,No,From 1 to 3 training programs,Yes,I do not travel for work,Medium,Yes,Medium,Medium,Medium,Medium,Sometimes,Sometimes,No,No,Medium,Satisfied,Yes
523,No,Female,31 to 40,Married,Bachelor's,From 5 to 10 years,From 5 to 10 years,Tourism sector,Administration,Manger assistant,From 5000 to 10000 S.R,1,Yes,Yes,No,I don't have overtime,Yes,Yes,From 1 to 3 training programs,Yes,I do not travel for work,High,Yes,High,Easy,Far,Easy,Sometimes,Sometimes,Yes,No,Medium,Very satisfied,No
524,Yes,Female,21 to 30,Single,Diploma or secondary,Less than 5 years,Less than 5 years,Tourism sector,Technical support,Supervisor,Less than 5000 SAR,0,Yes,Yes,Yes,Yes,No,No,I did not receive any training,No,I do not travel for work,High,Yes,Medium,Medium,Medium,Medium,Sometimes,Sometimes,No,No,Medium,Satisfied,No
525,Yes,Male,21 to 30,Married,Master's,From 5 to 10 years,Less than 5 years,Financial sector,Sales,Sales executive,From 5000 to 10000 S.R,2,Yes,Yes,No,I don't have overtime,Yes,Yes,From 1 to 3 training programs,Yes,Travel rarely,Medium,Yes,Medium,Medium,Medium,Easy,No,Sometimes,Yes,No,Medium,Satisfied,Yes
526,Yes,Female,21 to 30,Single,Bachelor's,Less than 5 years,Less than 5 years,Medical sector,Customers service,Customer services representative,Less than 5000 SAR,0,Yes,Yes,No,I don't have overtime,No,No,From 1 to 3 training programs,No,I do not travel for work,Medium,Yes,Medium,Medium,Medium,Medium,Sometimes,Sometimes,No,No,Medium,Satisfied,No
527,No,Female,21 to 30,Single,Bachelor's,Less than 5 years,Less than 5 years,Tourism sector,Administration,Manger assistant,Less than 5000 SAR,1,Yes,No,No,No,Yes,No,From 1 to 3 training programs,Yes,I do not travel for work,Medium,Yes,Medium,Medium,Medium,Medium,Sometimes,Sometimes,Yes,No,Medium,Satisfied,Yes
528,Yes,Male,31 to 40,Married,Master's,From 5 to 10 years,Less than 5 years,Financial sector,Treasury,Head of treasury,From 16000 to 20000 S.R,2,Yes,Yes,No,I don't have overtime,Yes,Yes,From 4 to 6 training programs,Yes,Travel rarely,High,Yes,High,Medium,Medium,Medium,Sometimes,Sometimes,Yes,Yes,High,Very satisfied,Yes
529,Yes,Female,31 to 40,Married,Master's,From 5 to 10 years,Less than 5 years,Education sector,Teaching,Teacher,From 5000 to 10000 S.R,0,Yes,No,No,I don't have overtime,No,No,From 4 to 6 training programs,Yes,I do not travel for work,Medium,Yes,Medium,Medium,Medium,Medium,Sometimes,No,No,No,Medium,Satisfied,No
530,Yes,Male,21 to 30,Single,Diploma or secondary,From 5 to 10 years,Less than 5 years,Food production sector,Safety & Security,Security and safety specialist,Less than 5000 SAR,0,Yes,No,No,I don't have overtime,No,Yes,I did not receive any training,No,I do not travel for work,Medium,Yes,Medium,Medium,Medium,Medium,Sometimes,Sometimes,No,No,Medium,Satisfied,No
531,Yes,Female,31 to 40,Married,Bachelor's,From 5 to 10 years,Less than 5 years,Energy sector,HR,Hiring specialist,From 5000 to 10000 S.R,1,Yes,No,No,I don't have overtime,Yes,Yes,From 1 to 3 training programs,No,I do not travel for work,Medium,Yes,Medium,Medium,Medium,Medium,No,No,Yes,Yes,Medium,Satisfied,No
532,Yes,Male,31 to 40,Married,Master's,From 11 to 15 years,From 5 to 10 years,Medical sector,Patient Affairs,Doctor,From 16000 to 20000 S.R,3,Yes,Yes,Yes,Yes,Yes,Yes,From 7  training programs to more,Yes,Travel frequently,High,Yes,High,Medium,Medium,Difficult,Sometimes,Sometimes,Yes,Yes,High,Very satisfied,Yes
533,Yes,Female,21 to 30,Single,Bachelor's,From 5 to 10 years,Less than 5 years,Communications and IT sector,Relations,Relationships Specialist,From 5000 to 10000 S.R,1,Yes,Yes,Yes,Yes,Yes,Yes,From 1 to 3 training programs,Yes,I do not travel for work,Medium,Yes,High,Medium,Medium,Medium,Sometimes,Sometimes,No,No,Medium,Satisfied,Yes
534,No,Female,21 to 30,Single,Diploma or secondary,Less than 5 years,Less than 5 years,Education sector,Administration,Manger assistant,Less than 5000 SAR,0,Yes,No,No,I don't have overtime,No,No,From 4 to 6 training programs,Yes,I do not travel for work,Medium,Yes,Medium,Medium,Medium,Medium,Yes,Yes,No,No,Low,Satisfied,No
535,Yes,Male,21 to 30,Married,Master's,From 5 to 10 years,Less than 5 years,"Environment, Water, and Agriculture sector",Accounting,Accountant,From 5000 to 10000 S.R,1,Yes,No,No,I don't have overtime,No,Yes,From 1 to 3 training programs,Yes,I do not travel for work,Medium,Yes,Medium,Medium,Medium,Medium,Yes,Yes,No,No,Medium,Satisfied,Yes
536,Yes,Female,31 to 40,Single,Master's,From 5 to 10 years,From 5 to 10 years,Education sector,Teaching,Lecturer,From 5000 to 10000 S.R,1,No,No,No,I don't have overtime,No,No,From 1 to 3 training programs,Yes,I do not travel for work,Medium,Yes,Medium,Difficult,Far,Medium,Yes,Yes,Yes,No,Medium,Satisfied,Yes
537,Yes,Male,21 to 30,Married,Bachelor's,From 5 to 10 years,Less than 5 years,Transport sector,Relations,Relations manager,From 5000 to 10000 S.R,1,Yes,Yes,No,I don't have overtime,Yes,Yes,I did not receive any training,No,I do not travel for work,Medium,Yes,Medium,Medium,Medium,Medium,Sometimes,Sometimes,Yes,No,Medium,Satisfied,Yes
538,Yes,Male,31 to 40,Married,Bachelor's,From 5 to 10 years,Less than 5 years,Food production sector,HR,Hiring specialist,From 11000 to 15000 S.R,2,Yes,No,No,I don't have overtime,Yes,Yes,From 1 to 3 training programs,Yes,I do not travel for work,High,Yes,High,Medium,Close,Medium,Sometimes,Sometimes,Yes,No,High,Very satisfied,Yes
539,Yes,Female,21 to 30,Single,Bachelor's,From 5 to 10 years,Less than 5 years,Medical sector,Customers service,Customer services representative,Less than 5000 SAR,0,Yes,No,No,I don't have overtime,No,Yes,I did not receive any training,No,I do not travel for work,Medium,Yes,Medium,Medium,Medium,Medium,Sometimes,Sometimes,No,No,Medium,Satisfied,Yes
540,Yes,Male,31 to 40,Married,Master's,From 5 to 10 years,Less than 5 years,Communications and IT sector,Sales,Sales executive,From 5000 to 10000 S.R,1,Yes,Yes,No,I don't have overtime,No,Yes,From 4 to 6 training programs,Yes,I do not travel for work,Medium,Yes,Medium,Medium,Medium,Medium,No,Sometimes,No,No,Medium,Satisfied,Yes
541,Yes,Female,21 to 30,Married,Diploma or secondary,Less than 5 years,Less than 5 years,Energy sector,Accounting,Accountant,From 5000 to 10000 S.R,0,Yes,Yes,No,I don't have overtime,No,Yes,From 1 to 3 training programs,Yes,I do not travel for work,Medium,Yes,Medium,Easy,Close,Medium,No,Sometimes,No,No,Medium,Satisfied,Yes
542,Yes,Male,21 to 30,Single,Diploma or secondary,Less than 5 years,Less than 5 years,Financial sector,Sales,Sales representative,From 5000 to 10000 S.R,1,Yes,No,No,No,Yes,Yes,From 1 to 3 training programs,Yes,I do not travel for work,High,Yes,Medium,Medium,Close,Medium,No,Sometimes,No,Yes,High,Satisfied,Yes
543,No,Female,21 to 30,Single,Diploma or secondary,Less than 5 years,Less than 5 years,Financial sector,Sales,Sales representative,From 5000 to 10000 S.R,2,No,No,No,I don't have overtime,No,No,From 1 to 3 training programs,Yes,I do not travel for work,High,Yes,High,Medium,Medium,Medium,Sometimes,Sometimes,No,No,High,Not satisfied,Yes
544,Yes,Male,31 to 40,Married,Diploma or secondary,From 11 to 15 years,Less than 5 years,Financial sector,Safety & Security,Security and safety specialist,Less than 5000 SAR,1,No,No,No,I don't have overtime,Yes,No,I did not receive any training,No,I do not travel for work,High,Yes,High,Medium,Medium,Easy,Yes,No,No,Yes,High,Satisfied,No
545,No,Female,31 to 40,Married,Bachelor's,From 5 to 10 years,From 5 to 10 years,Financial sector,Sales,Sales executive,From 5000 to 10000 S.R,2,Yes,Yes,Yes,Yes,Yes,Yes,From 7  training programs to more,Yes,I do not travel for work,High,Yes,High,Medium,Medium,Easy,Sometimes,No,Yes,No,High,Very satisfied,No
546,Yes,Male,41 to 50,Married,Diploma or secondary,From 5 to 10 years,From 5 to 10 years,Financial sector,Sales,Sales representative,Less than 5000 SAR,2,Yes,Yes,Yes,Yes,Yes,Yes,From 1 to 3 training programs,Yes,I do not travel for work,High,Yes,High,Medium,Far,Difficult,No,Sometimes,No,No,High,Satisfied,Yes
547,No,Female,21 to 30,Single,Bachelor's,From 5 to 10 years,From 5 to 10 years,Financial sector,Customers service,Receptionist,From 5000 to 10000 S.R,3,Yes,Yes,Yes,Yes,Yes,Yes,From 7  training programs to more,Yes,Travel rarely,High,No,High,Medium,Close,Easy,Sometimes,No,Yes,No,High,Very satisfied,No
548,Yes,Male,31 to 40,Married,Bachelor's,From 11 to 15 years,From 5 to 10 years,Financial sector,Administration,Administrative manager,From 5000 to 10000 S.R,3,Yes,Yes,Yes,Yes,Yes,Yes,From 1 to 3 training programs,Yes,I do not travel for work,High,Yes,High,Easy,Far,Difficult,Yes,Yes,No,Yes,High,Not satisfied,Yes
549,No,Female,31 to 40,Married,Bachelor's,From 5 to 10 years,From 5 to 10 years,Financial sector,Marketing,Marketing Specialist,From 5000 to 10000 S.R,3,Yes,Yes,Yes,Yes,Yes,Yes,From 7  training programs to more,Yes,I do not travel for work,High,Yes,High,Medium,Medium,Medium,Sometimes,No,Yes,No,High,Very satisfied,Yes
550,No,Female,21 to 30,Single,Master's,From 5 to 10 years,From 5 to 10 years,Financial sector,Processes,Operations Supervisor,From 5000 to 10000 S.R,3,Yes,Yes,Yes,Yes,Yes,Yes,From 7  training programs to more,Yes,I do not travel for work,High,Yes,High,Easy,Medium,Easy,Sometimes,No,Yes,Yes,High,Very satisfied,No
551,No,Male,31 to 40,Married,Master's,From 5 to 10 years,From 5 to 10 years,Financial sector,Sales,Sales executive,From 5000 to 10000 S.R,4,Yes,Yes,Yes,Yes,Yes,Yes,From 4 to 6 training programs,Yes,Travel frequently,High,Yes,High,Easy,Close,Easy,No,No,Yes,No,High,Satisfied,No
552,Yes,Male,41 to 50,Married,Ph.D,From 11 to 15 years,From 5 to 10 years,Financial sector,Accounting,Financial Analyst,From 11000 to 15000 S.R,4,Yes,Yes,Yes,Yes,Yes,Yes,From 1 to 3 training programs,Yes,I do not travel for work,High,Yes,High,Medium,Far,Difficult,Sometimes,No,Yes,No,High,Very satisfied,Yes
553,No,Female,21 to 30,Single,Bachelor's,Less than 5 years,Less than 5 years,Financial sector,Sales,Sales representative,From 5000 to 10000 S.R,3,Yes,Yes,Yes,Yes,Yes,Yes,From 1 to 3 training programs,Yes,I do not travel for work,High,Yes,High,Medium,Medium,Medium,No,No,Yes,No,Medium,Very satisfied,No
554,No,Male,31 to 40,Married,Master's,From 5 to 10 years,From 5 to 10 years,Financial sector,Administration,Financial Manager,From 11000 to 15000 S.R,4,Yes,Yes,Yes,Yes,Yes,Yes,From 4 to 6 training programs,Yes,Travel rarely,High,Yes,High,Medium,Medium,Medium,No,No,Yes,No,Medium,Satisfied,No
555,No,Female,41 to 50,Married,Master's,From 16 to 20 years,From 16 to 20 years,Financial sector,Treasury,Administrative manager,From 16000 to 20000 S.R,2,Yes,Yes,No,I don't have overtime,Yes,Yes,From 4 to 6 training programs,Yes,I do not travel for work,High,Yes,High,Medium,Medium,Easy,No,No,Yes,No,High,Satisfied,No
556,No,Male,31 to 40,Married,Master's,From 5 to 10 years,From 5 to 10 years,Financial sector,Processes,Operations Supervisor,From 16000 to 20000 S.R,4,Yes,Yes,Yes,Yes,Yes,Yes,From 7  training programs to more,Yes,Travel rarely,High,Yes,Medium,Medium,Medium,Medium,No,No,Yes,Yes,Medium,Very satisfied,Yes
557,No,Male,41 to 50,Married,Ph.D,From 16 to 20 years,From 16 to 20 years,Financial sector,Information technology,IT specialist,From 5000 to 10000 S.R,4,Yes,Yes,Yes,Yes,Yes,Yes,From 7  training programs to more,Yes,I do not travel for work,High,Yes,High,Medium,Medium,Medium,No,No,Yes,Yes,High,Very satisfied,No
558,No,Female,41 to 50,Married,Master's,From 11 to 15 years,From 11 to 15 years,Financial sector,Accounting,Financial Analyst,From 5000 to 10000 S.R,4,Yes,Yes,Yes,Yes,Yes,Yes,From 1 to 3 training programs,Yes,Travel rarely,High,Yes,High,Medium,Close,Easy,Sometimes,Sometimes,Yes,No,Medium,Satisfied,Yes
559,No,Female,31 to 40,Married,Ph.D,From 11 to 15 years,From 11 to 15 years,Financial sector,Relations,Relations manager,From 5000 to 10000 S.R,4,Yes,Yes,Yes,Yes,Yes,Yes,From 7  training programs to more,Yes,Travel frequently,High,Yes,High,Easy,Close,Easy,Sometimes,No,Yes,Yes,High,Very satisfied,Yes
560,No,Male,31 to 40,Married,Ph.D,From 16 to 20 years,From 16 to 20 years,Financial sector,Processes,Head of treasury,From 26000 to 30000 S.R,4,Yes,Yes,Yes,Yes,Yes,Yes,From 1 to 3 training programs,Yes,I do not travel for work,High,Yes,High,Easy,Medium,Medium,No,Sometimes,Yes,Yes,Medium,Very satisfied,No
561,No,Male,51 to 60,Married,Ph.D,From 21 to 25 years,From 21 to 25 years,Financial sector,Administration,Administrative manager,S.R 31000 - and more,4,Yes,Yes,Yes,Yes,Yes,Yes,From 7  training programs to more,Yes,Travel frequently,High,Yes,High,Medium,Far,Medium,No,No,Yes,Yes,High,Very satisfied,No
562,No,Male,41 to 50,Married,Ph.D,From 16 to 20 years,From 16 to 20 years,Financial sector,Administration,Financial Manager,S.R 31000 - and more,4,Yes,Yes,Yes,Yes,Yes,Yes,From 7  training programs to more,Yes,Travel frequently,High,Yes,High,Medium,Medium,Medium,Sometimes,No,Yes,Yes,High,Very satisfied,No
563,No,Female,31 to 40,Married,Master's,From 11 to 15 years,From 11 to 15 years,"Environment, Water, and Agriculture sector",Administration,Administrative manager,From 5000 to 10000 S.R,4,Yes,Yes,Yes,Yes,Yes,Yes,From 4 to 6 training programs,Yes,I do not travel for work,High,Yes,Low,Easy,Close,Easy,No,No,No,No,Medium,Satisfied,No
564,No,Female,41 to 50,Married,Ph.D,From 11 to 15 years,From 11 to 15 years,Medical sector,Patient Affairs,Doctor,From 11000 to 15000 S.R,3,Yes,Yes,Yes,Yes,Yes,Yes,From 4 to 6 training programs,Yes,I do not travel for work,High,Yes,Medium,Medium,Medium,Medium,No,No,Yes,Yes,High,Very satisfied,Yes
565,No,Male,21 to 30,Single,Diploma or secondary,Less than 5 years,Less than 5 years,Transport sector,Processes,Warehouse officer,Less than 5000 SAR,0,No,No,Yes,Yes,No,No,From 1 to 3 training programs,Yes,I do not travel for work,High,Yes,High,Medium,Medium,Easy,Sometimes,Sometimes,No,No,Medium,Satisfied,No
566,No,Male,21 to 30,Single,Diploma or secondary,From 5 to 10 years,From 5 to 10 years,Transport sector,Sales,Salesman,Less than 5000 SAR,0,Yes,No,No,I don't have overtime,Yes,Yes,From 4 to 6 training programs,Yes,I do not travel for work,High,Yes,Medium,Medium,Medium,Difficult,No,No,No,No,Medium,Satisfied,No
567,No,Male,21 to 30,Single,Diploma or secondary,Less than 5 years,Less than 5 years,Transport sector,Relations,Coordinator,Less than 5000 SAR,0,Yes,No,Yes,Yes,No,No,From 1 to 3 training programs,Yes,I do not travel for work,Medium,Yes,Medium,Difficult,Medium,Medium,Sometimes,Sometimes,No,No,Medium,Satisfied,No
568,No,Male,21 to 30,Married,Bachelor's,From 5 to 10 years,From 5 to 10 years,Transport sector,Relations,Relations manager,Less than 5000 SAR,0,Yes,No,No,I don't have overtime,Yes,Yes,From 4 to 6 training programs,Yes,Travel rarely,High,Yes,Medium,Medium,Medium,Medium,No,No,No,Yes,Medium,Satisfied,Yes
569,Yes,Male,21 to 30,Single,Bachelor's,From 5 to 10 years,Less than 5 years,Financial sector,Administration,Financial Manager,From 11000 to 15000 S.R,2,Yes,Yes,No,I don't have overtime,Yes,Yes,From 1 to 3 training programs,Yes,I do not travel for work,High,Yes,Medium,Easy,Far,Medium,Sometimes,Sometimes,Yes,No,Medium,Satisfied,Yes
570,Yes,Female,31 to 40,Married,Bachelor's,From 5 to 10 years,From 5 to 10 years,Medical sector,Administration,Administrative manager,From 11000 to 15000 S.R,1,Yes,Yes,Yes,Yes,Yes,Yes,From 4 to 6 training programs,Yes,Travel rarely,High,Yes,Medium,Medium,Close,Medium,Sometimes,Sometimes,Yes,No,Medium,Satisfied,Yes
571,Yes,Female,21 to 30,Single,Diploma or secondary,Less than 5 years,Less than 5 years,Communications and IT sector,Customers service,Customer services representative,From 5000 to 10000 S.R,0,Yes,Yes,Yes,No,No,No,From 1 to 3 training programs,Yes,I do not travel for work,Medium,Yes,Medium,Medium,Close,Medium,Sometimes,Sometimes,Yes,No,Medium,Satisfied,Yes
572,No,Male,21 to 30,Single,Bachelor's,Less than 5 years,Less than 5 years,Financial sector,Sales,Sales executive,From 5000 to 10000 S.R,1,Yes,No,No,I don't have overtime,Yes,No,From 1 to 3 training programs,Yes,Travel rarely,Medium,Yes,Medium,Difficult,Medium,Easy,No,Sometimes,No,No,Medium,Satisfied,No
573,Yes,Male,21 to 30,Single,Diploma or secondary,From 5 to 10 years,Less than 5 years,Food production sector,Technical support,IT specialist,From 5000 to 10000 S.R,1,Yes,No,Yes,No,No,No,From 1 to 3 training programs,Yes,Travel rarely,Medium,Yes,Medium,Difficult,Medium,Medium,No,Sometimes,No,No,Medium,Satisfied,Yes
574,Yes,Female,21 to 30,Married,Bachelor's,From 5 to 10 years,Less than 5 years,Communications and IT sector,Sales,Sales executive,From 5000 to 10000 S.R,0,Yes,Yes,Yes,Yes,No,No,From 1 to 3 training programs,Yes,Travel rarely,Medium,Yes,Medium,Difficult,Far,Medium,Sometimes,Sometimes,Yes,No,Medium,Satisfied,Yes
575,Yes,Male,31 to 40,Married,Bachelor's,From 5 to 10 years,Less than 5 years,Tourism sector,Accounting,Admin accountant,From 11000 to 15000 S.R,1,Yes,Yes,No,I don't have overtime,Yes,Yes,From 4 to 6 training programs,Yes,Travel rarely,Medium,Yes,High,Medium,Medium,Easy,No,Sometimes,Yes,No,Medium,Satisfied,Yes
576,Yes,Female,21 to 30,Married,Bachelor's,Less than 5 years,Less than 5 years,Education sector,Administration,Manger assistant,Less than 5000 SAR,0,No,No,No,I don't have overtime,No,No,I did not receive any training,No,I do not travel for work,Low,No,Low,Difficult,Far,Medium,Yes,Yes,No,No,Low,Not satisfied,No
577,Yes,Male,31 to 40,Married,Master's,From 5 to 10 years,Less than 5 years,Energy sector,Relations,Relations manager,From 5000 to 10000 S.R,2,Yes,Yes,No,I don't have overtime,Yes,Yes,From 4 to 6 training programs,Yes,I do not travel for work,High,Yes,Medium,Medium,Close,Medium,Sometimes,Sometimes,No,No,Medium,Satisfied,Yes
578,Yes,Female,31 to 40,Married,Bachelor's,From 5 to 10 years,Less than 5 years,Education sector,Teaching,Teacher,From 5000 to 10000 S.R,1,No,No,No,I don't have overtime,No,No,From 7  training programs to more,No,I do not travel for work,Medium,Yes,Medium,Difficult,Medium,Medium,Sometimes,Sometimes,No,No,Medium,Satisfied,Yes
579,Yes,Female,21 to 30,Married,Bachelor's,Less than 5 years,Less than 5 years,Medical sector,Customers service,Customer services representative,Less than 5000 SAR,1,Yes,No,No,I don't have overtime,No,No,From 1 to 3 training programs,Yes,I do not travel for work,High,Yes,Medium,Medium,Close,Medium,Sometimes,Sometimes,No,No,Medium,Satisfied,Yes
580,Yes,Male,31 to 40,Married,Master's,From 5 to 10 years,From 5 to 10 years,Financial sector,HR,Hiring specialist,From 11000 to 15000 S.R,1,Yes,Yes,No,I don't have overtime,Yes,Yes,From 4 to 6 training programs,Yes,Travel rarely,Medium,Yes,Medium,Medium,Close,Medium,No,Sometimes,Yes,No,Medium,Satisfied,Yes
581,Yes,Female,31 to 40,Married,Master's,From 5 to 10 years,From 5 to 10 years,Education sector,Teaching,Lecturer,From 5000 to 10000 S.R,1,No,No,No,I don't have overtime,No,No,From 4 to 6 training programs,Yes,I do not travel for work,Medium,Yes,Medium,Difficult,Medium,Medium,Sometimes,Sometimes,No,No,Medium,Satisfied,Yes
582,Yes,Male,21 to 30,Single,Bachelor's,From 5 to 10 years,Less than 5 years,Medical sector,Accounting,Accountant,From 5000 to 10000 S.R,2,Yes,No,No,I don't have overtime,No,Yes,From 1 to 3 training programs,Yes,I do not travel for work,Medium,Yes,Medium,Difficult,Medium,Medium,Sometimes,Sometimes,No,No,Medium,Satisfied,Yes
583,Yes,Female,21 to 30,Single,Bachelor's,From 5 to 10 years,Less than 5 years,Food production sector,Sales,Relationships Specialist,From 5000 to 10000 S.R,2,Yes,No,No,I don't have overtime,Yes,Yes,From 4 to 6 training programs,Yes,I do not travel for work,Medium,Yes,High,Medium,Medium,Medium,No,No,No,No,Medium,Satisfied,Yes
584,Yes,Female,31 to 40,Divorced,Bachelor's,From 5 to 10 years,From 5 to 10 years,"Environment, Water, and Agriculture sector",HR,Hiring specialist,From 11000 to 15000 S.R,1,Yes,No,No,I don't have overtime,Yes,Yes,From 1 to 3 training programs,Yes,Travel rarely,Medium,Yes,High,Medium,Close,Medium,No,Sometimes,Yes,No,Medium,Satisfied,No
585,No,Male,21 to 30,Single,Diploma or secondary,Less than 5 years,Less than 5 years,Medical sector,Administration,Manger assistant,Less than 5000 SAR,0,Yes,No,Yes,Yes,No,No,From 4 to 6 training programs,Yes,I do not travel for work,Medium,Yes,Medium,Medium,Close,Difficult,No,Sometimes,No,No,Medium,Satisfied,No
586,Yes,Male,41 to 50,Married,Ph.D,From 11 to 15 years,From 5 to 10 years,Medical sector,Patient Affairs,Doctor,From 16000 to 20000 S.R,4,Yes,Yes,Yes,Yes,Yes,Yes,From 7  training programs to more,Yes,Travel frequently,High,Yes,High,Medium,Medium,Medium,Yes,Yes,Yes,Yes,High,Very satisfied,Yes
587,Yes,Male,31 to 40,Married,Bachelor's,From 5 to 10 years,From 5 to 10 years,"Environment, Water, and Agriculture sector",Sales,Purchase specialist,From 11000 to 15000 S.R,1,Yes,No,No,I don't have overtime,Yes,Yes,From 1 to 3 training programs,Yes,Travel rarely,Medium,Yes,Medium,Difficult,Medium,Medium,Sometimes,Sometimes,Yes,No,Medium,Satisfied,Yes
588,Yes,Male,21 to 30,Married,Bachelor's,From 5 to 10 years,From 5 to 10 years,Food production sector,Sales,Sales executive,From 5000 to 10000 S.R,1,Yes,No,No,I don't have overtime,No,No,From 1 to 3 training programs,Yes,Travel rarely,Medium,No,Medium,Difficult,Close,Medium,No,No,Yes,No,Medium,Satisfied,Yes
589,No,Male,31 to 40,Married,Bachelor's,From 5 to 10 years,From 5 to 10 years,Food production sector,Administration,Supervisor,From 11000 to 15000 S.R,4,Yes,Yes,Yes,Yes,Yes,Yes,From 4 to 6 training programs,Yes,Travel frequently,High,Yes,High,Medium,Medium,Medium,No,No,Yes,No,Medium,Satisfied,No
590,No,Male,21 to 30,Married,Diploma or secondary,From 11 to 15 years,From 11 to 15 years,Food production sector,Administration,Supervisor,From 5000 to 10000 S.R,4,Yes,Yes,Yes,Yes,Yes,Yes,From 4 to 6 training programs,Yes,Travel rarely,High,Yes,High,Medium,Medium,Medium,No,No,Yes,No,Medium,Satisfied,No
591,No,Male,31 to 40,Married,Diploma or secondary,Less than 5 years,Less than 5 years,Food production sector,Sales,Sales representative,Less than 5000 SAR,3,Yes,Yes,Yes,Yes,Yes,Yes,From 4 to 6 training programs,Yes,I do not travel for work,Medium,Yes,High,Difficult,Medium,Difficult,No,No,Yes,No,High,Satisfied,No
592,No,Male,31 to 40,Married,Diploma or secondary,From 5 to 10 years,From 5 to 10 years,Food production sector,Sales,Sales representative,Less than 5000 SAR,3,Yes,Yes,Yes,Yes,Yes,Yes,From 4 to 6 training programs,Yes,Travel frequently,High,Yes,High,Easy,Close,Easy,Sometimes,No,Yes,Yes,Medium,Satisfied,Yes
593,No,Male,31 to 40,Married,Diploma or secondary,Less than 5 years,Less than 5 years,Food production sector,Production,Production supervisor,Less than 5000 SAR,3,Yes,Yes,Yes,Yes,Yes,Yes,From 1 to 3 training programs,Yes,Travel rarely,High,Yes,Medium,Easy,Close,Easy,No,No,Yes,No,High,Very satisfied,Yes
594,No,Male,31 to 40,Married,Diploma or secondary,Less than 5 years,Less than 5 years,Food production sector,Technical support,Mechanical engineer,Less than 5000 SAR,3,Yes,Yes,Yes,Yes,Yes,Yes,From 7  training programs to more,Yes,Travel frequently,High,Yes,Medium,Easy,Medium,Medium,Yes,No,Yes,Yes,Medium,Satisfied,No
595,No,Male,31 to 40,Single,Diploma or secondary,From 5 to 10 years,From 5 to 10 years,Food production sector,Technical support,Electrical engineer,Less than 5000 SAR,3,Yes,Yes,Yes,Yes,Yes,Yes,From 4 to 6 training programs,Yes,Travel frequently,High,Yes,High,Medium,Close,Easy,Yes,No,Yes,Yes,Medium,Very satisfied,No
596,No,Male,41 to 50,Married,Diploma or secondary,From 11 to 15 years,From 11 to 15 years,Food production sector,Processes,Driver,Less than 5000 SAR,3,Yes,No,Yes,Yes,Yes,Yes,From 4 to 6 training programs,Yes,Travel frequently,High,Yes,High,Medium,Medium,Medium,No,Yes,Yes,Yes,Medium,Satisfied,Yes
597,No,Male,31 to 40,Single,Bachelor's,From 5 to 10 years,From 5 to 10 years,Education sector,Teaching,Teacher,From 5000 to 10000 S.R,2,Yes,Yes,Yes,Yes,Yes,Yes,From 1 to 3 training programs,Yes,I do not travel for work,High,Yes,High,Medium,Medium,Medium,Yes,No,Yes,No,High,Very satisfied,Yes
598,No,Female,21 to 30,Single,Bachelor's,Less than 5 years,Less than 5 years,Education sector,Teaching,Teacher,Less than 5000 SAR,0,Yes,Yes,No,I don't have overtime,Yes,Yes,From 1 to 3 training programs,Yes,I do not travel for work,High,Yes,High,Easy,Far,Medium,No,No,Yes,No,Medium,Satisfied,No
599,Yes,Male,31 to 40,Married,Bachelor's,From 5 to 10 years,From 5 to 10 years,Financial sector,HR,HR Specialist,From 5000 to 10000 S.R,1,Yes,Yes,No,I don't have overtime,Yes,Yes,From 1 to 3 training programs,Yes,Travel rarely,Medium,Yes,Medium,Medium,Close,Easy,No,No,Yes,No,Medium,Satisfied,Yes
600,Yes,Female,21 to 30,Single,Bachelor's,Less than 5 years,Less than 5 years,Medical sector,Relations,Relationships Specialist,From 5000 to 10000 S.R,1,Yes,No,No,I don't have overtime,No,No,From 1 to 3 training programs,Yes,I do not travel for work,Medium,Yes,Medium,Difficult,Medium,Easy,Sometimes,Sometimes,Yes,No,Medium,Satisfied,Yes
601,Yes,Female,31 to 40,Married,Bachelor's,From 5 to 10 years,Less than 5 years,Education sector,Administration,Manger assistant,From 5000 to 10000 S.R,1,No,No,No,I don't have overtime,No,No,From 1 to 3 training programs,Yes,Travel rarely,High,Yes,Medium,Medium,Close,Medium,Sometimes,Sometimes,Yes,No,Medium,Satisfied,Yes
602,Yes,Male,21 to 30,Married,Bachelor's,From 5 to 10 years,Less than 5 years,Food production sector,Sales,Purchase specialist,From 5000 to 10000 S.R,1,Yes,Yes,No,I don't have overtime,Yes,Yes,From 1 to 3 training programs,Yes,Travel rarely,Medium,Yes,Medium,Medium,Close,Medium,No,No,Yes,Yes,Medium,Satisfied,Yes
603,Yes,Female,21 to 30,Married,Master's,From 5 to 10 years,Less than 5 years,Tourism sector,HR,Hiring specialist,From 5000 to 10000 S.R,1,Yes,Yes,No,I don't have overtime,Yes,Yes,From 1 to 3 training programs,Yes,I do not travel for work,Medium,Yes,High,Difficult,Medium,Medium,No,No,Yes,No,Medium,Satisfied,Yes
604,Yes,Male,31 to 40,Married,Master's,From 5 to 10 years,Less than 5 years,Energy sector,Administration,Administrative manager,From 11000 to 15000 S.R,1,Yes,Yes,Yes,Yes,Yes,Yes,From 1 to 3 training programs,Yes,Travel frequently,High,Yes,High,Easy,Far,Difficult,Yes,Yes,Yes,Yes,High,Very satisfied,Yes
605,Yes,Male,21 to 30,Single,Bachelor's,Less than 5 years,Less than 5 years,Communications and IT sector,Sales,Sales executive,From 5000 to 10000 S.R,1,Yes,Yes,Yes,No,Yes,Yes,From 1 to 3 training programs,No,I do not travel for work,Medium,Yes,Medium,Medium,Close,Medium,No,No,Yes,Yes,Medium,Satisfied,Yes
606,Yes,Male,31 to 40,Married,Master's,From 5 to 10 years,Less than 5 years,Transport sector,Processes,Operations Supervisor,From 11000 to 15000 S.R,1,Yes,Yes,Yes,No,Yes,Yes,From 4 to 6 training programs,Yes,Travel rarely,High,Yes,Medium,Medium,Far,Difficult,Sometimes,Sometimes,No,Yes,Medium,Satisfied,Yes
607,Yes,Female,21 to 30,Single,Bachelor's,Less than 5 years,Less than 5 years,Communications and IT sector,Customers service,Customer services representative,Less than 5000 SAR,0,Yes,No,No,I don't have overtime,No,No,From 1 to 3 training programs,Yes,I do not travel for work,Medium,Yes,High,Difficult,Far,Difficult,No,No,Yes,No,High,Satisfied,Yes
608,Yes,Male,31 to 40,Married,Master's,From 5 to 10 years,From 5 to 10 years,Energy sector,Marketing,Marketing Specialist,From 5000 to 10000 S.R,1,Yes,No,No,I don't have overtime,Yes,Yes,From 1 to 3 training programs,Yes,I do not travel for work,High,Yes,High,Difficult,Medium,Medium,Yes,Yes,Yes,No,Medium,Satisfied,Yes
609,Yes,Male,31 to 40,Married,Bachelor's,From 5 to 10 years,From 5 to 10 years,"Environment, Water, and Agriculture sector",HR,Hiring specialist,From 11000 to 15000 S.R,2,Yes,No,No,I don't have overtime,No,No,From 1 to 3 training programs,Yes,I do not travel for work,High,Yes,Medium,Medium,Medium,Medium,No,No,Yes,No,Medium,Satisfied,Yes
610,Yes,Female,21 to 30,Single,Bachelor's,From 5 to 10 years,Less than 5 years,Communications and IT sector,Technical support,IT specialist,From 5000 to 10000 S.R,1,Yes,No,No,I don't have overtime,Yes,No,From 4 to 6 training programs,Yes,I do not travel for work,Medium,Yes,Medium,Medium,Far,Difficult,Yes,Yes,No,No,Medium,Satisfied,Yes
611,Yes,Female,21 to 30,Single,Bachelor's,Less than 5 years,Less than 5 years,Communications and IT sector,Customers service,Customer services representative,Less than 5000 SAR,0,Yes,No,Yes,No,No,No,From 1 to 3 training programs,Yes,I do not travel for work,Medium,No,Medium,Difficult,Close,Medium,No,No,No,No,Medium,Satisfied,Yes
612,Yes,Male,21 to 30,Single,Bachelor's,Less than 5 years,Less than 5 years,Medical sector,Customers service,Customer services representative,Less than 5000 SAR,0,Yes,No,Yes,No,No,No,From 1 to 3 training programs,Yes,I do not travel for work,Medium,Yes,Medium,Medium,Close,Medium,No,No,No,No,Medium,Satisfied,Yes
613,Yes,Female,31 to 40,Married,Bachelor's,From 5 to 10 years,From 5 to 10 years,Tourism sector,Relations,Relationships Specialist,From 5000 to 10000 S.R,1,Yes,No,No,I don't have overtime,No,No,From 4 to 6 training programs,Yes,I do not travel for work,Low,Yes,High,Medium,Far,Medium,No,No,No,No,Medium,Satisfied,Yes
614,Yes,Male,31 to 40,Married,Bachelor's,From 5 to 10 years,From 5 to 10 years,Transport sector,Marketing,Marketing Specialist,From 5000 to 10000 S.R,2,Yes,No,No,I don't have overtime,No,No,From 1 to 3 training programs,Yes,I do not travel for work,Medium,Yes,High,Difficult,Far,Difficult,Yes,Yes,No,No,Medium,Satisfied,Yes
615,Yes,Female,21 to 30,Married,Bachelor's,From 5 to 10 years,Less than 5 years,Media sector,HR,Hiring specialist,From 11000 to 15000 S.R,1,Yes,Yes,Yes,Yes,Yes,Yes,From 1 to 3 training programs,Yes,I do not travel for work,High,Yes,High,Medium,Medium,Easy,No,No,Yes,Yes,High,Satisfied,Yes
616,Yes,Female,21 to 30,Married,Bachelor's,From 5 to 10 years,From 5 to 10 years,Communications and IT sector,Sales,Sales executive,From 5000 to 10000 S.R,1,Yes,No,No,I don't have overtime,No,No,From 1 to 3 training programs,Yes,I do not travel for work,Medium,Yes,High,Difficult,Medium,Medium,No,No,Yes,No,Medium,Satisfied,Yes
617,Yes,Male,31 to 40,Married,Master's,From 5 to 10 years,From 5 to 10 years,Financial sector,Administration,Financial Manager,From 11000 to 15000 S.R,1,Yes,Yes,Yes,Yes,No,No,From 1 to 3 training programs,Yes,Travel rarely,High,Yes,High,Medium,Far,Difficult,No,No,No,No,Medium,Satisfied,Yes
618,Yes,Male,31 to 40,Single,Bachelor's,From 5 to 10 years,Less than 5 years,Food production sector,Relations,Relationships Specialist,From 5000 to 10000 S.R,2,Yes,No,No,I don't have overtime,No,No,From 1 to 3 training programs,Yes,Travel rarely,High,Yes,Medium,Medium,Medium,Medium,No,No,No,Yes,Medium,Satisfied,Yes
619,No,Male,21 to 30,Single,Diploma or secondary,Less than 5 years,Less than 5 years,Transport sector,Processes,Data entry operator,Less than 5000 SAR,2,Yes,Yes,Yes,Yes,Yes,Yes,From 1 to 3 training programs,Yes,I do not travel for work,High,Yes,High,Medium,Medium,Medium,No,No,Yes,No,High,Very satisfied,Yes
620,No,Male,21 to 30,Single,Diploma or secondary,Less than 5 years,Less than 5 years,Transport sector,Sales,Purchase specialist,Less than 5000 SAR,2,Yes,Yes,Yes,Yes,Yes,Yes,From 1 to 3 training programs,Yes,Travel frequently,High,Yes,High,Medium,Close,Easy,Sometimes,Sometimes,Yes,No,Medium,Very satisfied,No
621,No,Male,21 to 30,Divorced,Diploma or secondary,From 5 to 10 years,From 5 to 10 years,Transport sector,Technical support,Engineer,From 11000 to 15000 S.R,2,Yes,Yes,Yes,Yes,Yes,Yes,From 7  training programs to more,Yes,I do not travel for work,High,Yes,High,Medium,Medium,Medium,Sometimes,Sometimes,Yes,Yes,Medium,Satisfied,Yes
622,No,Male,21 to 30,Single,Diploma or secondary,From 5 to 10 years,From 5 to 10 years,Transport sector,Information technology,IT specialist,Less than 5000 SAR,2,Yes,Yes,Yes,Yes,Yes,Yes,From 4 to 6 training programs,Yes,Travel rarely,Medium,Yes,High,Medium,Medium,Easy,No,No,Yes,No,Medium,Satisfied,No
623,No,Male,21 to 30,Married,Diploma or secondary,Less than 5 years,Less than 5 years,Transport sector,Processes,Warehouse officer,Less than 5000 SAR,2,Yes,Yes,Yes,No,Yes,Yes,From 1 to 3 training programs,Yes,Travel rarely,Medium,Yes,Medium,Medium,Far,Difficult,Yes,Yes,No,Yes,Medium,Not satisfied,Yes
624,No,Male,21 to 30,Married,Diploma or secondary,From 5 to 10 years,From 5 to 10 years,Transport sector,Customers service,Customer services representative,From 5000 to 10000 S.R,2,Yes,Yes,Yes,Yes,Yes,Yes,From 1 to 3 training programs,Yes,I do not travel for work,High,Yes,Medium,Medium,Medium,Medium,Sometimes,Sometimes,No,No,Medium,Satisfied,No
625,No,Female,31 to 40,Married,Bachelor's,From 5 to 10 years,From 5 to 10 years,Education sector,Teaching,Teacher,From 5000 to 10000 S.R,2,Yes,Yes,No,No,Yes,Yes,From 1 to 3 training programs,Yes,I do not travel for work,Medium,Yes,High,Medium,Close,Easy,Sometimes,Sometimes,Yes,No,Medium,Satisfied,No
626,No,Male,21 to 30,Married,Master's,Less than 5 years,Less than 5 years,Medical sector,Customers service,Receptionist,From 5000 to 10000 S.R,2,Yes,Yes,Yes,Yes,Yes,Yes,From 1 to 3 training programs,Yes,I do not travel for work,High,Yes,High,Easy,Close,Easy,Sometimes,Sometimes,Yes,No,Medium,Satisfied,No
627,No,Male,31 to 40,Married,Ph.D,From 11 to 15 years,From 11 to 15 years,Medical sector,Administration,Administrative manager,From 11000 to 15000 S.R,3,Yes,Yes,Yes,Yes,Yes,Yes,From 4 to 6 training programs,Yes,I do not travel for work,High,Yes,High,Medium,Close,Easy,Sometimes,No,Yes,Yes,High,Very satisfied,No
628,No,Female,31 to 40,Married,Master's,From 5 to 10 years,From 5 to 10 years,Education sector,Administration,Administrative manager,From 5000 to 10000 S.R,2,Yes,Yes,Yes,No,Yes,Yes,From 7  training programs to more,Yes,I do not travel for work,High,Yes,High,Medium,Medium,Medium,No,No,Yes,No,Medium,Satisfied,Yes
629,Yes,Male,31 to 40,Married,Bachelor's,From 5 to 10 years,Less than 5 years,Food production sector,HR,Hiring specialist,From 11000 to 15000 S.R,2,Yes,Yes,No,I don't have overtime,Yes,Yes,From 1 to 3 training programs,Yes,I do not travel for work,High,No,Low,Medium,Close,Difficult,Yes,Sometimes,No,Yes,Medium,Satisfied,Yes
630,Yes,Female,21 to 30,Married,Bachelor's,From 5 to 10 years,Less than 5 years,Communications and IT sector,Technical support,IT specialist,From 5000 to 10000 S.R,1,Yes,No,Yes,No,No,No,From 1 to 3 training programs,Yes,I do not travel for work,Medium,Yes,Medium,Difficult,Medium,Medium,Sometimes,Sometimes,No,No,Medium,Satisfied,Yes
631,Yes,Male,21 to 30,Single,Diploma or secondary,From 5 to 10 years,From 5 to 10 years,Communications and IT sector,Customers service,Customer services representative,From 5000 to 10000 S.R,0,Yes,Yes,No,I don't have overtime,Yes,No,From 4 to 6 training programs,Yes,I do not travel for work,Medium,No,Medium,Medium,Close,Difficult,Sometimes,Sometimes,Yes,No,Medium,Satisfied,No
632,Yes,Female,31 to 40,Married,Bachelor's,From 5 to 10 years,From 5 to 10 years,Economic sector,Administration,Manger assistant,From 5000 to 10000 S.R,1,Yes,No,No,I don't have overtime,No,No,From 4 to 6 training programs,Yes,I do not travel for work,Medium,Yes,Low,Difficult,Close,Medium,No,Sometimes,No,No,Medium,Satisfied,No
633,Yes,Female,21 to 30,Married,Bachelor's,From 5 to 10 years,Less than 5 years,Medical sector,Relations,Relationships Specialist,From 5000 to 10000 S.R,1,Yes,No,No,I don't have overtime,No,No,From 1 to 3 training programs,No,I do not travel for work,Medium,No,Low,Difficult,Close,Easy,No,Sometimes,No,No,Medium,Not satisfied,No
634,Yes,Female,21 to 30,Single,Bachelor's,From 5 to 10 years,Less than 5 years,"Environment, Water, and Agriculture sector",Administration,Manger assistant,From 5000 to 10000 S.R,1,Yes,No,No,No,No,No,From 4 to 6 training programs,Yes,I do not travel for work,Medium,Yes,Medium,Medium,Medium,Medium,Sometimes,Sometimes,No,No,Medium,Satisfied,No
635,Yes,Male,31 to 40,Married,Bachelor's,From 5 to 10 years,From 5 to 10 years,Financial sector,Administration,Administrative manager,From 11000 to 15000 S.R,2,Yes,No,No,I don't have overtime,Yes,Yes,From 4 to 6 training programs,Yes,Travel rarely,Medium,Yes,High,Easy,Far,Medium,No,No,Yes,No,Medium,Satisfied,Yes
636,Yes,Female,21 to 30,Married,Bachelor's,From 5 to 10 years,Less than 5 years,Communications and IT sector,Sales,Sales executive,From 5000 to 10000 S.R,1,Yes,No,No,I don't have overtime,No,No,From 1 to 3 training programs,Yes,I do not travel for work,Medium,Yes,Medium,Medium,Far,Difficult,Yes,Sometimes,Yes,Yes,Medium,Satisfied,Yes
637,Yes,Male,31 to 40,Married,Bachelor's,From 5 to 10 years,From 5 to 10 years,Transport sector,Processes,Purchase specialist,From 11000 to 15000 S.R,2,Yes,Yes,Yes,Yes,No,No,From 1 to 3 training programs,Yes,Travel rarely,Medium,Yes,Medium,Difficult,Far,Difficult,Yes,Yes,No,No,High,Satisfied,Yes
638,Yes,Female,21 to 30,Single,Bachelor's,From 5 to 10 years,Less than 5 years,Communications and IT sector,Marketing,Marketing Specialist,From 11000 to 15000 S.R,1,Yes,Yes,No,I don't have overtime,Yes,Yes,From 4 to 6 training programs,Yes,Travel rarely,High,Yes,Medium,Difficult,Medium,Medium,Sometimes,Sometimes,No,No,Medium,Satisfied,Yes
639,Yes,Male,21 to 30,Single,Bachelor's,From 5 to 10 years,Less than 5 years,Medical sector,Customers service,Customer services representative,From 5000 to 10000 S.R,0,Yes,No,No,I don't have overtime,No,No,From 4 to 6 training programs,Yes,I do not travel for work,Medium,Yes,Medium,Difficult,Medium,Medium,No,No,No,No,Medium,Satisfied,Yes
640,Yes,Female,21 to 30,Married,Bachelor's,From 5 to 10 years,Less than 5 years,Medical sector,Relations,Relationships Specialist,From 5000 to 10000 S.R,1,Yes,No,No,I don't have overtime,Yes,No,From 4 to 6 training programs,Yes,I do not travel for work,Medium,Yes,Medium,Medium,Close,Medium,No,No,No,No,Medium,Satisfied,Yes
641,Yes,Female,21 to 30,Single,Bachelor's,From 5 to 10 years,Less than 5 years,Medical sector,Customers service,Customer services representative,From 5000 to 10000 S.R,0,Yes,No,No,I don't have overtime,No,No,From 4 to 6 training programs,Yes,I do not travel for work,Medium,Yes,Medium,Difficult,Far,Difficult,Yes,Sometimes,No,No,Medium,Satisfied,Yes
642,No,Male,21 to 30,Single,Bachelor's,Less than 5 years,Less than 5 years,Economic sector,Administration,Manger assistant,From 5000 to 10000 S.R,1,Yes,Yes,No,I don't have overtime,Yes,No,From 1 to 3 training programs,Yes,I do not travel for work,High,Yes,Medium,Difficult,Medium,Medium,No,No,Yes,Yes,Medium,Satisfied,Yes
643,Yes,Male,31 to 40,Married,Bachelor's,From 5 to 10 years,From 5 to 10 years,"Environment, Water, and Agriculture sector",Processes,Purchase specialist,From 11000 to 15000 S.R,1,Yes,No,No,I don't have overtime,No,No,From 4 to 6 training programs,Yes,Travel rarely,Medium,Yes,High,Medium,Medium,Medium,No,No,No,Yes,Medium,Satisfied,Yes
644,Yes,Male,31 to 40,Married,Bachelor's,From 5 to 10 years,Less than 5 years,Economic sector,Processes,Operations Supervisor,From 5000 to 10000 S.R,0,Yes,No,Yes,Yes,No,No,From 4 to 6 training programs,Yes,I do not travel for work,Medium,Yes,Medium,Medium,Close,Medium,No,Sometimes,No,No,Medium,Satisfied,Yes
645,Yes,Female,21 to 30,Single,Bachelor's,From 5 to 10 years,Less than 5 years,Medical sector,Accounting,Accountant,From 5000 to 10000 S.R,0,Yes,No,No,I don't have overtime,No,No,From 1 to 3 training programs,Yes,I do not travel for work,High,Yes,Medium,Medium,Close,Medium,No,No,No,No,Medium,Satisfied,Yes
646,Yes,Male,31 to 40,Single,Bachelor's,From 5 to 10 years,Less than 5 years,Economic sector,Administration,Administrative manager,From 11000 to 15000 S.R,2,Yes,No,No,I don't have overtime,No,No,From 1 to 3 training programs,Yes,Travel rarely,Medium,No,Medium,Medium,Far,Medium,No,Sometimes,No,No,Medium,Satisfied,Yes
647,Yes,Male,21 to 30,Married,Bachelor's,From 5 to 10 years,Less than 5 years,Energy sector,Processes,Operations Supervisor,From 11000 to 15000 S.R,1,Yes,No,No,I don't have overtime,No,Yes,From 1 to 3 training programs,Yes,I do not travel for work,Medium,Yes,Medium,Medium,Close,Medium,No,Sometimes,No,Yes,High,Satisfied,No
648,Yes,Male,31 to 40,Single,Master's,From 5 to 10 years,From 5 to 10 years,Medical sector,Administration,Administrative manager,From 11000 to 15000 S.R,1,Yes,Yes,Yes,Yes,Yes,Yes,From 1 to 3 training programs,Yes,I do not travel for work,Medium,Yes,Medium,Medium,Close,Medium,No,Sometimes,Yes,No,Medium,Satisfied,Yes
649,Yes,Female,21 to 30,Single,Bachelor's,Less than 5 years,Less than 5 years,Communications and IT sector,Customers service,Customer services representative,From 5000 to 10000 S.R,1,Yes,No,No,I don't have overtime,No,No,From 4 to 6 training programs,Yes,I do not travel for work,Medium,No,Medium,Medium,Medium,Medium,No,No,Yes,Yes,Medium,Satisfied,Yes
650,Yes,Male,21 to 30,Single,Bachelor's,From 5 to 10 years,Less than 5 years,Economic sector,Administration,Secretariat,From 5000 to 10000 S.R,0,Yes,No,No,I don't have overtime,No,No,I did not receive any training,No,Travel rarely,Medium,Yes,High,Difficult,Medium,Medium,No,No,Yes,Yes,High,Satisfied,Yes
651,No,Male,21 to 30,Married,Bachelor's,From 5 to 10 years,From 5 to 10 years,Economic sector,Administration,Administrative manager,From 11000 to 15000 S.R,1,Yes,No,No,I don't have overtime,Yes,Yes,From 1 to 3 training programs,Yes,Travel frequently,High,Yes,High,Medium,Close,Medium,Sometimes,Sometimes,Yes,No,High,Very satisfied,No
652,No,Female,41 to 50,Married,Bachelor's,From 5 to 10 years,From 5 to 10 years,Economic sector,Administration,Administrative manager,From 5000 to 10000 S.R,0,Yes,No,No,I don't have overtime,Yes,Yes,I did not receive any training,No,I do not travel for work,Low,Yes,Low,Medium,Medium,Medium,No,No,Yes,No,Medium,Satisfied,Yes
653,No,Female,31 to 40,Married,Bachelor's,From 11 to 15 years,From 11 to 15 years,Industry sector,Relations,Relationships Specialist,From 5000 to 10000 S.R,2,Yes,Yes,No,I don't have overtime,Yes,Yes,From 4 to 6 training programs,Yes,Travel rarely,High,Yes,High,Medium,Close,Medium,No,Sometimes,Yes,No,High,Very satisfied,No
654,Yes,Male,31 to 40,Divorced,Bachelor's,From 5 to 10 years,From 5 to 10 years,Economic sector,Processes,Scribe,From 5000 to 10000 S.R,1,No,No,Yes,Yes,No,No,I did not receive any training,No,I do not travel for work,Medium,No,Medium,Difficult,Close,Medium,Sometimes,Sometimes,No,No,Low,Not satisfied,Yes
655,No,Male,31 to 40,Married,Bachelor's,From 11 to 15 years,From 11 to 15 years,Transport sector,Administration,Administrative manager,From 11000 to 15000 S.R,1,Yes,Yes,Yes,Yes,Yes,Yes,I did not receive any training,Yes,Travel rarely,High,Yes,High,Medium,Medium,Medium,Sometimes,Sometimes,Yes,No,Medium,Satisfied,Yes
656,No,Male,31 to 40,Married,Bachelor's,From 5 to 10 years,From 5 to 10 years,Industry sector,Administration,Administrative manager,From 5000 to 10000 S.R,1,Yes,Yes,Yes,Yes,Yes,Yes,From 1 to 3 training programs,Yes,Travel rarely,High,Yes,High,Medium,Close,Easy,No,Yes,Yes,No,High,Very satisfied,No
657,No,Male,31 to 40,Single,Bachelor's,From 11 to 15 years,From 11 to 15 years,Industry sector,Processes,Data entry operator,From 11000 to 15000 S.R,1,No,Yes,No,Yes,Yes,Yes,I did not receive any training,No,I do not travel for work,Medium,Yes,Medium,Medium,Medium,Medium,Sometimes,Yes,Yes,No,Medium,Satisfied,No
658,No,Male,21 to 30,Married,Bachelor's,Less than 5 years,Less than 5 years,Transport sector,Administration,Scribe,From 5000 to 10000 S.R,1,No,No,No,I don't have overtime,No,No,From 1 to 3 training programs,Yes,I do not travel for work,Low,No,Medium,Medium,Medium,Medium,No,No,No,Yes,Medium,Satisfied,No
659,No,Male,41 to 50,Married,Bachelor's,From 11 to 15 years,From 11 to 15 years,Education sector,Teaching,Teacher,From 5000 to 10000 S.R,1,No,No,No,I don't have overtime,Yes,Yes,From 1 to 3 training programs,No,I do not travel for work,Medium,No,Medium,Medium,Close,Medium,Sometimes,Sometimes,Yes,No,Medium,Very satisfied,No
660,No,Male,41 to 50,Single,Bachelor's,From 5 to 10 years,From 5 to 10 years,Industry sector,Sales,Consultant,From 5000 to 10000 S.R,1,No,No,Yes,Yes,No,Yes,I did not receive any training,No,I do not travel for work,Medium,Yes,High,Medium,Medium,Medium,Yes,Sometimes,Yes,No,Medium,Satisfied,No
661,No,Male,21 to 30,Single,Diploma or secondary,Less than 5 years,Less than 5 years,Transport sector,Administration,Supervisor,Less than 5000 SAR,4,Yes,Yes,Yes,Yes,Yes,Yes,From 1 to 3 training programs,Yes,Travel rarely,Medium,Yes,High,Medium,Medium,Easy,Sometimes,No,Yes,No,High,Very satisfied,No
662,No,Male,31 to 40,Married,Master's,From 5 to 10 years,From 5 to 10 years,Financial sector,Administration,Financial Manager,Less than 5000 SAR,1,No,No,No,I don't have overtime,Yes,Yes,I did not receive any training,No,I do not travel for work,Medium,Yes,High,Medium,Close,Easy,No,No,Yes,No,Medium,Satisfied,Yes
663,No,Male,21 to 30,Single,Bachelor's,Less than 5 years,Less than 5 years,Medical sector,Patient Affairs,Doctor,S.R 31000 - and more,3,Yes,Yes,Yes,Yes,Yes,Yes,From 1 to 3 training programs,Yes,Travel frequently,High,Yes,High,Medium,Far,Difficult,Yes,No,No,No,Medium,Satisfied,No
664,No,Male,21 to 30,Single,Diploma or secondary,Less than 5 years,Less than 5 years,Transport sector,Administration,supervisor,Less than 5000 SAR,4,Yes,Yes,Yes,Yes,Yes,Yes,From 1 to 3 training programs,Yes,Travel rarely,High,Yes,High,Medium,Medium,Medium,No,No,Yes,No,High,Very satisfied,No
665,Yes,Male,41 to 50,Married,Bachelor's,Less than 5 years,Less than 5 years,Medical sector,Relations,Relations manager,From 5000 to 10000 S.R,2,Yes,No,No,No,No,No,I did not receive any training,No,Travel frequently,Low,No,Low,Medium,Medium,Medium,Sometimes,Sometimes,No,No,Medium,Not satisfied,Yes
666,No,Male,41 to 50,Married,Bachelor's,From 31 to 35 years,From 31 to 35 years,Transport sector,Administration,Administrative manager,S.R 31000 - and more,0,Yes,No,No,I don't have overtime,Yes,Yes,From 7  training programs to more,Yes,Travel rarely,High,Yes,High,Difficult,Medium,Easy,No,No,Yes,No,High,Satisfied,No
667,No,Male,31 to 40,Married,Bachelor's,From 16 to 20 years,From 16 to 20 years,Education sector,Teaching,Teacher,From 5000 to 10000 S.R,0,No,No,No,No,Yes,No,I did not receive any training,No,I do not travel for work,Low,No,Low,Easy,Close,Easy,Sometimes,Sometimes,No,No,Low,Not satisfied,No
668,No,Male,31 to 40,Married,Bachelor's,From 5 to 10 years,From 5 to 10 years,Education sector,Teaching,Teacher,From 5000 to 10000 S.R,0,No,No,No,No,No,No,I did not receive any training,No,I do not travel for work,Low,No,Low,Medium,Medium,Easy,No,Sometimes,Yes,No,Medium,Satisfied,No
669,No,Male,31 to 40,Married,Bachelor's,From 11 to 15 years,From 11 to 15 years,Education sector,Teaching,Teacher,From 5000 to 10000 S.R,1,No,No,No,I don't have overtime,No,No,From 1 to 3 training programs,Yes,I do not travel for work,Low,No,Medium,Medium,Medium,Medium,Yes,Sometimes,No,No,Medium,Satisfied,No
670,Yes,Male,21 to 30,Single,Bachelor's,From 5 to 10 years,Less than 5 years,Food production sector,Technical support,Engineer,From 5000 to 10000 S.R,2,Yes,No,No,No,No,No,I did not receive any training,No,I do not travel for work,Low,No,Low,Difficult,Close,Medium,No,Sometimes,No,No,Low,Satisfied,Yes
671,No,Male,31 to 40,Married,Bachelor's,Less than 5 years,Less than 5 years,Economic sector,HR,Scribe,Less than 5000 SAR,0,Yes,Yes,Yes,Yes,Yes,Yes,From 1 to 3 training programs,Yes,Travel frequently,Medium,Yes,High,Medium,Far,Medium,Yes,Yes,Yes,Yes,High,Very satisfied,Yes
672,No,Female,51 to 60,Married,Diploma or secondary,From 31 to 35 years,From 31 to 35 years,Education sector,Teaching,Teacher,From 5000 to 10000 S.R,1,No,No,No,I don't have overtime,No,No,From 1 to 3 training programs,Yes,I do not travel for work,Low,Yes,Medium,Easy,Medium,Easy,Sometimes,Sometimes,Yes,Yes,High,Satisfied,Yes
673,Yes,Male,21 to 30,Divorced,Bachelor's,Less than 5 years,Less than 5 years,Energy sector,Processes,Electrical engineer,From 16000 to 20000 S.R,0,No,No,No,No,No,No,From 1 to 3 training programs,No,Travel frequently,Low,No,Low,Easy,Close,Easy,Sometimes,Sometimes,No,No,Low,Satisfied,Yes
674,No,Male,21 to 30,Single,Master's,Less than 5 years,Less than 5 years,Energy sector,Information technology,it specialist,From 11000 to 15000 S.R,2,Yes,No,Yes,Yes,No,No,I did not receive any training,No,I do not travel for work,Low,Yes,High,Medium,Medium,Difficult,Sometimes,Yes,No,No,Medium,Satisfied,Yes
675,No,Female,41 to 50,Married,Bachelor's,From 16 to 20 years,From 16 to 20 years,Education sector,Teaching,Teacher,From 5000 to 10000 S.R,0,No,No,No,I don't have overtime,Yes,No,From 7  training programs to more,Yes,I do not travel for work,Low,Yes,High,Medium,Medium,Medium,Yes,Sometimes,Yes,No,Medium,Satisfied,No
676,Yes,Male,31 to 40,Married,Bachelor's,From 16 to 20 years,Less than 5 years,Communications and IT sector,Customers service,Customer services representative,From 5000 to 10000 S.R,2,Yes,Yes,Yes,Yes,No,No,From 7  training programs to more,Yes,Travel rarely,Low,No,Low,Difficult,Medium,Medium,Yes,Yes,No,No,Medium,Not satisfied,No
677,No,Male,31 to 40,Divorced,Bachelor's,Less than 5 years,Less than 5 years,Education sector,Teaching,Teacher,Less than 5000 SAR,0,No,No,Yes,No,Yes,No,I did not receive any training,No,I do not travel for work,Low,Yes,Medium,Difficult,Close,Medium,Sometimes,No,Yes,No,Medium,Satisfied,Yes
678,No,Male,31 to 40,Married,Bachelor's,From 5 to 10 years,From 5 to 10 years,Food production sector,Administration,Administrative manager,From 5000 to 10000 S.R,2,Yes,Yes,No,I don't have overtime,Yes,Yes,From 1 to 3 training programs,Yes,Travel rarely,High,Yes,High,Easy,Close,Medium,Sometimes,No,Yes,No,High,Very satisfied,No
679,No,Female,21 to 30,Married,Bachelor's,From 5 to 10 years,From 5 to 10 years,Education sector,Teaching,Teacher,Less than 5000 SAR,0,Yes,No,No,I don't have overtime,No,No,I did not receive any training,Yes,I do not travel for work,Low,No,Medium,Medium,Far,Medium,Yes,Yes,No,No,Medium,Satisfied,No
680,No,Male,31 to 40,Married,Diploma or secondary,From 11 to 15 years,From 11 to 15 years,Medical sector,Patient Affairs,Nurse,Less than 5000 SAR,1,No,No,No,No,No,No,From 1 to 3 training programs,Yes,Travel rarely,Low,No,Medium,Medium,Medium,Medium,Sometimes,Sometimes,Yes,No,Medium,Satisfied,No
681,Yes,Male,31 to 40,Married,Master's,From 16 to 20 years,Less than 5 years,Food production sector,Administration,Manger assistant,Less than 5000 SAR,0,No,No,No,I don't have overtime,Yes,No,From 1 to 3 training programs,Yes,I do not travel for work,Low,No,Medium,Difficult,Close,Medium,No,No,No,No,Medium,Not satisfied,No
682,No,Female,21 to 30,Single,Master's,Less than 5 years,Less than 5 years,Education sector,Administration,Manger assistant,Less than 5000 SAR,0,No,No,No,No,No,No,From 1 to 3 training programs,No,I do not travel for work,Low,No,Medium,Medium,Medium,Difficult,Yes,Yes,No,No,Medium,Satisfied,Yes
683,No,Female,41 to 50,Married,Bachelor's,From 16 to 20 years,From 16 to 20 years,Education sector,Teaching,Teacher,Less than 5000 SAR,1,No,No,No,I don't have overtime,Yes,No,From 4 to 6 training programs,Yes,I do not travel for work,Medium,Yes,Medium,Easy,Close,Medium,Yes,Sometimes,Yes,No,Medium,Satisfied,No
684,No,Male,41 to 50,Married,Ph.D,Less than 5 years,Less than 5 years,Education sector,Teaching,Teacher,Less than 5000 SAR,1,No,No,No,I don't have overtime,No,No,From 4 to 6 training programs,No,I do not travel for work,Low,No,Low,Difficult,Medium,Easy,Yes,Yes,No,No,Low,Not satisfied,Yes
685,Yes,Female,31 to 40,Single,Bachelor's,From 5 to 10 years,Less than 5 years,Education sector,Safety & Security,Security and safety specialist,Less than 5000 SAR,0,No,No,Yes,No,No,No,I did not receive any training,No,I do not travel for work,Low,No,Low,Medium,Medium,Difficult,Yes,Yes,No,No,Low,Not satisfied,No
686,No,Male,21 to 30,Single,Bachelor's,Less than 5 years,Less than 5 years,Education sector,Information technology,it specialist,From 11000 to 15000 S.R,3,Yes,Yes,Yes,Yes,Yes,Yes,From 4 to 6 training programs,Yes,Travel rarely,Medium,Yes,Medium,Medium,Close,Difficult,No,No,Yes,No,High,Very satisfied,Yes
687,Yes,Female,31 to 40,Single,Diploma or secondary,Less than 5 years,Less than 5 years,Engineering consulting companies,Customers service,Customer services representative,Less than 5000 SAR,0,Yes,Yes,Yes,Yes,No,No,I did not receive any training,No,I do not travel for work,Low,No,Low,Medium,Far,Medium,Yes,Yes,No,Yes,Medium,Not satisfied,Yes
688,No,Female,21 to 30,Single,Master's,Less than 5 years,Less than 5 years,Education sector,Teaching,Teacher,Less than 5000 SAR,0,Yes,No,No,I don't have overtime,No,No,From 1 to 3 training programs,No,I do not travel for work,Low,No,Low,Medium,Medium,Difficult,Yes,Yes,No,No,Low,Not satisfied,No
689,No,Male,31 to 40,Single,Bachelor's,From 11 to 15 years,From 11 to 15 years,Financial sector,HR,HR Specialist,From 11000 to 15000 S.R,1,No,Yes,No,I don't have overtime,Yes,Yes,I did not receive any training,No,I do not travel for work,Medium,Yes,Medium,Medium,Close,Medium,Sometimes,Yes,Yes,No,Medium,Satisfied,No
690,No,Male,41 to 50,Single,Diploma or secondary,From 11 to 15 years,From 11 to 15 years,Financial sector,Processes,Data entry operator,From 11000 to 15000 S.R,0,No,Yes,Yes,Yes,Yes,Yes,I did not receive any training,No,I do not travel for work,Medium,Yes,Medium,Medium,Medium,Medium,Sometimes,Sometimes,Yes,No,Medium,Satisfied,No
691,No,Male,31 to 40,Married,Master's,From 11 to 15 years,From 11 to 15 years,Education sector,Administration,Manger assistant,From 11000 to 15000 S.R,1,No,No,No,No,No,No,From 1 to 3 training programs,No,I do not travel for work,Low,No,Low,Easy,Close,Medium,No,Yes,Yes,No,Low,Not satisfied,No
692,No,Female,41 to 50,Married,Bachelor's,Less than 5 years,Less than 5 years,Education sector,Teaching,Teacher,Less than 5000 SAR,0,No,No,No,No,No,No,I did not receive any training,No,I do not travel for work,Low,No,Low,Medium,Medium,Medium,Yes,Yes,No,No,Low,Very satisfied,No
693,Yes,Female,41 to 50,Married,Bachelor's,From 11 to 15 years,Less than 5 years,Education sector,Administration,Supervisor,Less than 5000 SAR,0,Yes,No,Yes,No,No,Yes,From 4 to 6 training programs,Yes,I do not travel for work,Medium,Yes,High,Medium,Medium,Medium,Sometimes,Yes,No,No,High,Satisfied,Yes
694,No,Male,41 to 50,Married,Bachelor's,From 11 to 15 years,From 11 to 15 years,Education sector,Teaching,Teacher,Less than 5000 SAR,0,No,Yes,No,I don't have overtime,No,No,From 1 to 3 training programs,Yes,I do not travel for work,Low,Yes,High,Medium,Medium,Easy,Yes,Sometimes,Yes,Yes,High,Satisfied,No
695,No,Female,41 to 50,Married,Bachelor's,Less than 5 years,Less than 5 years,Education sector,Administration,Administrative manager,Less than 5000 SAR,0,No,No,No,I don't have overtime,Yes,No,I did not receive any training,No,I do not travel for work,Low,No,High,Medium,Close,Medium,No,Sometimes,No,No,Medium,Not satisfied,Yes
696,No,Female,31 to 40,Married,Bachelor's,From 5 to 10 years,From 5 to 10 years,Education sector,Teaching,Teacher,Less than 5000 SAR,0,No,No,No,I don't have overtime,No,No,From 1 to 3 training programs,Yes,I do not travel for work,Low,No,Medium,Difficult,Medium,Medium,Yes,Yes,No,No,Medium,Not satisfied,No
697,No,Female,21 to 30,Married,Bachelor's,From 26 to 30 years,From 26 to 30 years,Education sector,Administration,Manger assistant,From 11000 to 15000 S.R,0,No,No,No,I don't have overtime,No,No,From 4 to 6 training programs,Yes,I do not travel for work,Low,No,Medium,Medium,Far,Medium,Yes,Yes,Yes,Yes,Medium,Satisfied,No
698,No,Female,41 to 50,Divorced,Bachelor's,From 26 to 30 years,From 26 to 30 years,Education sector,Administration,Administrative manager,From 16000 to 20000 S.R,0,No,No,No,I don't have overtime,No,No,From 4 to 6 training programs,Yes,Travel rarely,Medium,Yes,High,Easy,Close,Easy,No,Sometimes,Yes,No,High,Very satisfied,No
699,Yes,Male,31 to 40,Married,Master's,From 11 to 15 years,Less than 5 years,Financial sector,Accounting,Accountant,From 5000 to 10000 S.R,0,Yes,No,No,I don't have overtime,No,No,From 1 to 3 training programs,No,I do not travel for work,Low,No,Low,Medium,Close,Medium,No,No,No,No,Medium,Satisfied,No
700,No,Male,41 to 50,Married,Bachelor's,From 16 to 20 years,From 16 to 20 years,Education sector,Administration,Manger assistant,From 11000 to 15000 S.R,0,No,No,No,I don't have overtime,Yes,Yes,From 4 to 6 training programs,Yes,I do not travel for work,Low,Yes,High,Medium,Close,Easy,Sometimes,Sometimes,Yes,No,Medium,Satisfied,No
701,No,Male,41 to 50,Married,Master's,From 21 to 25 years,From 21 to 25 years,Education sector,Teaching,Teacher,Less than 5000 SAR,0,No,No,No,No,Yes,No,From 4 to 6 training programs,No,I do not travel for work,Medium,Yes,Medium,Difficult,Close,Medium,No,No,No,No,Medium,Satisfied,No
702,No,Male,31 to 40,Married,Master's,Less than 5 years,Less than 5 years,Economic sector,Administration,Administrative manager,Less than 5000 SAR,0,No,No,No,I don't have overtime,No,No,From 4 to 6 training programs,No,I do not travel for work,Low,Yes,High,Medium,Medium,Medium,No,No,No,No,Medium,Satisfied,No
703,Yes,Female,31 to 40,Divorced,Bachelor's,From 16 to 20 years,Less than 5 years,Education sector,Teaching,Teacher,Less than 5000 SAR,0,No,No,No,Yes,No,No,From 1 to 3 training programs,Yes,I do not travel for work,Low,No,Low,Medium,Close,Medium,Sometimes,Yes,No,Yes,Low,Not satisfied,Yes
704,Yes,Male,21 to 30,Single,Bachelor's,Less than 5 years,Less than 5 years,Education sector,Teaching,Teacher,Less than 5000 SAR,0,No,No,No,I don't have overtime,No,No,From 1 to 3 training programs,No,Travel frequently,High,Yes,High,Difficult,Far,Difficult,No,Yes,Yes,No,High,Very satisfied,Yes
705,No,Male,31 to 40,Single,Bachelor's,From 11 to 15 years,From 11 to 15 years,Education sector,Administration,Administrative manager,From 5000 to 10000 S.R,0,No,No,No,I don't have overtime,No,No,I did not receive any training,No,I do not travel for work,Low,Yes,High,Easy,Medium,Easy,Sometimes,No,No,No,Medium,Satisfied,No
706,Yes,Male,21 to 30,Single,Master's,Less than 5 years,Less than 5 years,Education sector,Administration,Administrative manager,From 5000 to 10000 S.R,0,No,No,No,No,No,No,I did not receive any training,No,Travel rarely,Low,No,Medium,Medium,Medium,Medium,Yes,Yes,No,No,Low,Not satisfied,Yes
707,No,Male,41 to 50,Married,Bachelor's,From 5 to 10 years,From 5 to 10 years,Education sector,Teaching,Teacher,Less than 5000 SAR,2,Yes,No,No,I don't have overtime,Yes,Yes,From 4 to 6 training programs,Yes,I do not travel for work,High,Yes,High,Medium,Close,Easy,Sometimes,No,Yes,No,High,Very satisfied,Yes
708,No,Male,21 to 30,Single,Bachelor's,From 5 to 10 years,From 5 to 10 years,Education sector,Teaching,Teacher,Less than 5000 SAR,0,Yes,No,No,I don't have overtime,Yes,No,From 1 to 3 training programs,Yes,I do not travel for work,Medium,Yes,Medium,Medium,Medium,Medium,Sometimes,Sometimes,No,No,High,Satisfied,No
709,Yes,Male,31 to 40,Married,Bachelor's,From 11 to 15 years,Less than 5 years,Education sector,Teaching,Teacher,Less than 5000 SAR,2,Yes,No,Yes,No,No,No,From 4 to 6 training programs,Yes,Travel rarely,Medium,No,Medium,Easy,Medium,Difficult,Yes,Yes,No,Yes,Medium,Satisfied,Yes
710,No,Male,31 to 40,Married,Bachelor's,From 5 to 10 years,From 5 to 10 years,Education sector,Teaching,Teacher,Less than 5000 SAR,2,Yes,Yes,No,No,Yes,No,From 4 to 6 training programs,Yes,I do not travel for work,High,Yes,High,Easy,Close,Easy,No,No,Yes,No,High,Very satisfied,No
711,Yes,Male,31 to 40,Married,Master's,From 11 to 15 years,Less than 5 years,Transport sector,Customers service,Customer services representative,Less than 5000 SAR,1,Yes,No,No,No,No,No,From 4 to 6 training programs,Yes,I do not travel for work,Low,No,Low,Easy,Medium,Difficult,Yes,Yes,No,No,Low,Satisfied,Yes
712,No,Male,21 to 30,Married,Bachelor's,From 16 to 20 years,From 16 to 20 years,Education sector,Teaching,Teacher,Less than 5000 SAR,1,Yes,Yes,No,I don't have overtime,Yes,Yes,From 1 to 3 training programs,Yes,I do not travel for work,High,Yes,High,Easy,Close,Easy,Yes,No,Yes,No,Medium,Very satisfied,No
713,Yes,Male,21 to 30,Married,Bachelor's,Less than 5 years,Less than 5 years,Energy sector,Customers service,Customer services representative,Less than 5000 SAR,2,Yes,No,Yes,Yes,No,No,From 1 to 3 training programs,Yes,I do not travel for work,Low,No,Low,Medium,Far,Difficult,No,No,No,No,Low,Satisfied,No
714,No,Male,31 to 40,Married,Bachelor's,From 16 to 20 years,From 16 to 20 years,Education sector,Teaching,Teacher,From 5000 to 10000 S.R,1,No,No,No,I don't have overtime,No,No,From 4 to 6 training programs,Yes,I do not travel for work,Low,No,Low,Difficult,Medium,Difficult,Yes,Yes,No,No,Low,Not satisfied,No
715,No,Male,41 to 50,Married,Bachelor's,From 5 to 10 years,From 5 to 10 years,Education sector,Teaching,Teacher,Less than 5000 SAR,0,Yes,No,No,I don't have overtime,No,No,From 1 to 3 training programs,Yes,I do not travel for work,High,Yes,High,Easy,Close,Easy,Sometimes,Sometimes,Yes,No,High,Very satisfied,Yes
716,No,Male,41 to 50,Married,Bachelor's,From 11 to 15 years,From 11 to 15 years,Education sector,Teaching,Teacher,Less than 5000 SAR,2,Yes,No,No,Yes,Yes,Yes,From 4 to 6 training programs,Yes,I do not travel for work,High,Yes,High,Easy,Close,Medium,Yes,No,Yes,No,High,Satisfied,No
717,Yes,Male,21 to 30,Single,Bachelor's,Less than 5 years,Less than 5 years,Education sector,Teaching,Teacher,Less than 5000 SAR,0,No,No,No,I don't have overtime,No,No,I did not receive any training,No,I do not travel for work,Low,No,Low,Medium,Medium,Medium,Sometimes,Sometimes,No,No,Medium,Not satisfied,No
718,No,Male,41 to 50,Married,Bachelor's,From 16 to 20 years,From 16 to 20 years,Education sector,Teaching,Teacher,Less than 5000 SAR,2,Yes,No,No,No,Yes,No,From 1 to 3 training programs,Yes,Travel rarely,Medium,Yes,High,Medium,Close,Easy,Sometimes,No,No,No,High,Satisfied,No
719,No,Male,31 to 40,Married,Bachelor's,From 5 to 10 years,From 5 to 10 years,Education sector,Administration,Administrative manager,From 5000 to 10000 S.R,0,Yes,No,No,I don't have overtime,No,No,From 1 to 3 training programs,Yes,I do not travel for work,Low,No,Medium,Easy,Medium,Medium,Yes,Yes,No,No,Medium,Satisfied,Yes
720,No,Female,41 to 50,Married,Bachelor's,Less than 5 years,Less than 5 years,Education sector,Teaching,Trainer,Less than 5000 SAR,0,No,No,No,I don't have overtime,No,No,From 1 to 3 training programs,Yes,I do not travel for work,Medium,Yes,High,Medium,Far,Difficult,Sometimes,Sometimes,No,No,High,Very satisfied,Yes
721,No,Male,41 to 50,Married,Bachelor's,From 26 to 30 years,From 26 to 30 years,Education sector,Teaching,Teacher,Less than 5000 SAR,0,Yes,Yes,No,I don't have overtime,Yes,No,From 7  training programs to more,Yes,Travel frequently,Medium,Yes,High,Easy,Close,Easy,No,No,Yes,No,High,Very satisfied,No
722,No,Male,41 to 50,Married,Bachelor's,From 16 to 20 years,From 16 to 20 years,Education sector,Teaching,Teacher,Less than 5000 SAR,2,Yes,No,No,I don't have overtime,Yes,No,From 4 to 6 training programs,Yes,I do not travel for work,Medium,No,High,Easy,Close,Easy,No,No,No,No,Medium,Satisfied,No
723,No,Male,21 to 30,Married,Bachelor's,From 21 to 25 years,From 21 to 25 years,Education sector,Administration,Administrative manager,From 16000 to 20000 S.R,1,No,No,No,I don't have overtime,Yes,No,From 1 to 3 training programs,Yes,I do not travel for work,Low,Yes,High,Easy,Close,Easy,Sometimes,Yes,Yes,No,Medium,Very satisfied,No
724,Yes,Female,21 to 30,Single,Bachelor's,Less than 5 years,Less than 5 years,Economic sector,Accounting,Accountant,Less than 5000 SAR,0,No,Yes,No,Yes,No,No,I did not receive any training,No,I do not travel for work,Low,No,Low,Difficult,Medium,Difficult,Sometimes,Yes,No,Yes,Low,Satisfied,Yes
725,No,Male,41 to 50,Married,Bachelor's,From 5 to 10 years,From 5 to 10 years,Education sector,Teaching,Teacher,Less than 5000 SAR,2,Yes,No,No,No,No,No,From 1 to 3 training programs,Yes,I do not travel for work,Medium,Yes,Medium,Medium,Close,Medium,Yes,Yes,No,No,Medium,Satisfied,No
726,Yes,Male,21 to 30,Married,Bachelor's,From 5 to 10 years,Less than 5 years,Education sector,Teaching,Teacher,From 5000 to 10000 S.R,0,Yes,No,No,I don't have overtime,No,No,From 1 to 3 training programs,No,I do not travel for work,Low,No,Low,Easy,Medium,Difficult,Yes,Yes,No,No,Medium,Not satisfied,No
727,No,Male,41 to 50,Married,Bachelor's,From 16 to 20 years,From 16 to 20 years,Education sector,Teaching,Teacher,Less than 5000 SAR,0,Yes,No,Yes,Yes,Yes,No,From 7  training programs to more,Yes,Travel frequently,Low,No,Medium,Difficult,Medium,Medium,Yes,Yes,No,No,Medium,Satisfied,Yes
728,No,Male,21 to 30,Married,Bachelor's,From 21 to 25 years,From 21 to 25 years,Education sector,Teaching,Teacher,Less than 5000 SAR,0,Yes,No,Yes,No,No,No,From 1 to 3 training programs,Yes,I do not travel for work,Medium,No,High,Easy,Medium,Easy,Yes,No,Yes,No,Medium,Satisfied,No
729,Yes,Male,21 to 30,Single,Diploma or secondary,Less than 5 years,Less than 5 years,Food production sector,Sales,Sales executive,Less than 5000 SAR,0,No,No,Yes,Yes,No,No,I did not receive any training,No,I do not travel for work,Low,Yes,Medium,Medium,Close,Medium,Yes,Sometimes,No,No,High,Satisfied,No
730,No,Male,31 to 40,Married,Bachelor's,Less than 5 years,Less than 5 years,Education sector,Teaching,Teacher,Less than 5000 SAR,0,No,Yes,Yes,Yes,No,No,I did not receive any training,No,I do not travel for work,Low,Yes,Medium,Difficult,Far,Difficult,Yes,Yes,No,No,Low,Not satisfied,Yes
731,No,Male,41 to 50,Married,Bachelor's,Less than 5 years,Less than 5 years,Education sector,Teaching,Teacher,Less than 5000 SAR,1,Yes,No,No,I don't have overtime,No,No,From 1 to 3 training programs,Yes,I do not travel for work,Medium,No,High,Difficult,Medium,Medium,Yes,Yes,No,No,High,Satisfied,No
732,No,Male,41 to 50,Married,Bachelor's,From 5 to 10 years,From 5 to 10 years,Education sector,Teaching,Teacher,Less than 5000 SAR,0,No,No,No,I don't have overtime,No,No,I did not receive any training,No,I do not travel for work,Low,No,Low,Difficult,Medium,Difficult,Yes,Yes,No,Yes,Low,Not satisfied,Yes
733,Yes,Male,31 to 40,Married,Bachelor's,From 11 to 15 years,Less than 5 years,Communications and IT sector,Customers service,Customer services representative,Less than 5000 SAR,0,No,No,Yes,Yes,No,No,I did not receive any training,No,I do not travel for work,Low,No,Low,Medium,Far,Difficult,Yes,Yes,No,No,Low,Satisfied,No
734,No,Male,41 to 50,Married,Bachelor's,From 5 to 10 years,From 5 to 10 years,Education sector,Teaching,Teacher,Less than 5000 SAR,1,Yes,No,No,I don't have overtime,No,No,From 7  training programs to more,Yes,Travel rarely,Medium,No,Low,Difficult,Medium,Medium,Yes,Yes,No,No,Low,Not satisfied,Yes
735,No,Female,41 to 50,Married,Bachelor's,From 21 to 25 years,From 21 to 25 years,Education sector,Teaching,Teacher,Less than 5000 SAR,1,No,No,Yes,No,No,No,From 1 to 3 training programs,Yes,I do not travel for work,Medium,Yes,High,Medium,Medium,Easy,Sometimes,Sometimes,No,No,High,Satisfied,Yes
736,No,Female,41 to 50,Married,Bachelor's,From 26 to 30 years,From 26 to 30 years,Education sector,Teaching,Teacher,Less than 5000 SAR,1,No,Yes,No,I don't have overtime,Yes,Yes,From 7  training programs to more,Yes,I do not travel for work,High,Yes,High,Easy,Medium,Easy,Sometimes,No,Yes,No,High,Very satisfied,No
737,No,Male,21 to 30,Married,Bachelor's,From 21 to 25 years,From 21 to 25 years,Education sector,Teaching,Teacher,Less than 5000 SAR,0,Yes,No,No,I don't have overtime,No,No,From 1 to 3 training programs,Yes,I do not travel for work,Medium,No,High,Easy,Medium,Medium,Yes,Yes,No,No,Medium,Satisfied,No
738,No,Male,21 to 30,Married,Bachelor's,From 11 to 15 years,From 11 to 15 years,Education sector,Teaching,Teacher,Less than 5000 SAR,2,Yes,Yes,No,I don't have overtime,Yes,Yes,From 1 to 3 training programs,Yes,Travel rarely,High,Yes,High,Easy,Medium,Easy,No,No,Yes,No,High,Very satisfied,No
739,No,Female,41 to 50,Married,Bachelor's,From 11 to 15 years,From 11 to 15 years,Education sector,Teaching,Teacher,Less than 5000 SAR,0,No,No,No,I don't have overtime,Yes,Yes,I did not receive any training,No,I do not travel for work,Medium,Yes,Medium,Medium,Close,Medium,Yes,Yes,No,No,Medium,Satisfied,No
740,No,Male,41 to 50,Married,Bachelor's,From 21 to 25 years,From 21 to 25 years,Education sector,Teaching,Teacher,Less than 5000 SAR,2,Yes,Yes,No,No,Yes,Yes,From 1 to 3 training programs,Yes,I do not travel for work,Medium,Yes,High,Medium,Close,Medium,Sometimes,Sometimes,Yes,No,High,Satisfied,Yes
741,No,Male,21 to 30,Single,Diploma or secondary,Less than 5 years,Less than 5 years,Food production sector,Processes,Operations Supervisor,Less than 5000 SAR,3,Yes,Yes,Yes,Yes,Yes,Yes,I did not receive any training,No,I do not travel for work,Medium,Yes,High,Medium,Medium,Easy,No,No,No,Yes,Medium,Satisfied,No
742,No,Male,31 to 40,Married,Diploma or secondary,Less than 5 years,Less than 5 years,Food production sector,Processes,Quality Specialist,Less than 5000 SAR,3,Yes,No,No,No,No,Yes,I did not receive any training,No,I do not travel for work,High,Yes,Medium,Medium,Medium,Easy,Sometimes,Yes,No,Yes,Medium,Not satisfied,No
743,No,Female,31 to 40,Married,Master's,From 5 to 10 years,From 5 to 10 years,Education sector,Administration,Manger assistant,From 5000 to 10000 S.R,3,Yes,Yes,Yes,Yes,Yes,Yes,From 4 to 6 training programs,Yes,I do not travel for work,High,Yes,High,Medium,Medium,Medium,Sometimes,Sometimes,Yes,No,Medium,Satisfied,No
744,No,Female,41 to 50,Married,Bachelor's,From 11 to 15 years,From 11 to 15 years,Education sector,Administration,Manger assistant,From 11000 to 15000 S.R,1,Yes,No,No,I don't have overtime,Yes,Yes,From 4 to 6 training programs,Yes,I do not travel for work,Medium,Yes,Medium,Medium,Medium,Medium,Yes,No,Yes,Yes,Low,Very satisfied,No
745,No,Female,31 to 40,Married,Master's,From 5 to 10 years,From 5 to 10 years,Education sector,Teaching,Teacher,Less than 5000 SAR,0,No,Yes,No,No,No,No,From 7  training programs to more,Yes,Travel rarely,Low,Yes,Medium,Medium,Close,Medium,Yes,Yes,No,No,Medium,Satisfied,No
746,No,Male,21 to 30,Single,Diploma or secondary,Less than 5 years,Less than 5 years,Food production sector,Sales,Sales executive,From 5000 to 10000 S.R,2,Yes,Yes,Yes,Yes,No,No,From 1 to 3 training programs,Yes,Travel rarely,Medium,Yes,High,Easy,Medium,Difficult,Yes,Yes,Yes,No,Medium,Satisfied,Yes
747,No,Female,41 to 50,Divorced,Diploma or secondary,From 11 to 15 years,From 11 to 15 years,Education sector,Administration,Manger assistant,From 5000 to 10000 S.R,1,Yes,No,No,No,Yes,No,From 7  training programs to more,Yes,I do not travel for work,High,Yes,High,Easy,Close,Easy,Sometimes,No,Yes,No,High,Very satisfied,No
748,No,Male,31 to 40,Single,Bachelor's,Less than 5 years,Less than 5 years,Transport sector,Processes,Operations Supervisor,Less than 5000 SAR,0,Yes,No,No,I don't have overtime,No,No,I did not receive any training,No,I do not travel for work,Low,No,High,Medium,Close,Medium,Sometimes,Sometimes,No,No,Medium,Satisfied,No
749,No,Male,21 to 30,Divorced,Diploma or secondary,Less than 5 years,Less than 5 years,Transport sector,Processes,Data entry operator,Less than 5000 SAR,2,Yes,No,No,I don't have overtime,Yes,Yes,From 4 to 6 training programs,Yes,I do not travel for work,Medium,Yes,Medium,Medium,Close,Easy,Sometimes,Sometimes,Yes,No,Medium,Satisfied,No
750,No,Female,21 to 30,Single,Diploma or secondary,Less than 5 years,Less than 5 years,Transport sector,Sales,Purchase specialist,Less than 5000 SAR,3,Yes,Yes,Yes,Yes,Yes,Yes,From 7  training programs to more,Yes,Travel rarely,High,Yes,Medium,Easy,Close,Easy,Sometimes,Sometimes,No,No,Medium,Satisfied,Yes
751,No,Male,31 to 40,Married,Diploma or secondary,Less than 5 years,Less than 5 years,Transport sector,Technical support,Engineer,Less than 5000 SAR,3,Yes,Yes,Yes,Yes,Yes,Yes,From 1 to 3 training programs,Yes,Travel rarely,High,Yes,High,Medium,Far,Difficult,No,No,No,No,High,Satisfied,No
752,No,Female,21 to 30,Married,Diploma or secondary,From 5 to 10 years,From 5 to 10 years,Transport sector,Customers service,Customer services representative,Less than 5000 SAR,3,Yes,No,No,I don't have overtime,No,No,I did not receive any training,No,I do not travel for work,Low,No,Low,Difficult,Close,Difficult,Sometimes,Yes,No,No,Medium,Not satisfied,No
753,No,Male,31 to 40,Divorced,Diploma or secondary,From 5 to 10 years,From 5 to 10 years,Transport sector,Processes,Warehouse officer,Less than 5000 SAR,2,No,No,No,I don't have overtime,No,No,I did not receive any training,No,I do not travel for work,Low,No,Low,Difficult,Medium,Medium,Sometimes,Sometimes,No,Yes,Medium,Not satisfied,No
754,No,Female,31 to 40,Married,Bachelor's,From 5 to 10 years,From 5 to 10 years,Transport sector,Customers service,Customer services representative,From 5000 to 10000 S.R,3,Yes,Yes,Yes,Yes,Yes,Yes,From 7  training programs to more,Yes,I do not travel for work,High,Yes,High,Medium,Medium,Medium,Sometimes,No,Yes,No,High,Very satisfied,No
755,No,Female,31 to 40,Married,Bachelor's,From 11 to 15 years,From 11 to 15 years,Transport sector,Administration,Supervisor,From 5000 to 10000 S.R,3,Yes,Yes,Yes,Yes,Yes,Yes,From 7  training programs to more,Yes,Travel rarely,High,Yes,High,Easy,Close,Easy,Sometimes,No,Yes,No,Medium,Very satisfied,No
756,No,Male,21 to 30,Single,Diploma or secondary,From 5 to 10 years,From 5 to 10 years,Transport sector,Administration,Manger assistant,From 5000 to 10000 S.R,3,Yes,Yes,Yes,Yes,Yes,Yes,From 7  training programs to more,Yes,Travel frequently,High,Yes,High,Easy,Close,Easy,Sometimes,No,Yes,No,Medium,Very satisfied,No
757,No,Male,21 to 30,Single,Diploma or secondary,From 5 to 10 years,From 5 to 10 years,Transport sector,Sales,Purchase specialist,From 5000 to 10000 S.R,3,Yes,Yes,Yes,No,Yes,Yes,I did not receive any training,No,I do not travel for work,Medium,No,Medium,Medium,Close,Easy,Sometimes,Sometimes,Yes,No,Medium,Satisfied,No
758,No,Male,31 to 40,Married,Bachelor's,From 5 to 10 years,From 5 to 10 years,Education sector,Teaching,Teacher,Less than 5000 SAR,0,No,No,No,I don't have overtime,No,No,I did not receive any training,No,I do not travel for work,Low,No,Low,Medium,Close,Medium,Sometimes,Sometimes,No,No,Medium,Not satisfied,Yes
759,No,Male,31 to 40,Married,Bachelor's,From 5 to 10 years,From 5 to 10 years,Transport sector,Technical support,Engineer,From 5000 to 10000 S.R,3,Yes,Yes,Yes,Yes,Yes,Yes,From 1 to 3 training programs,Yes,Travel frequently,High,Yes,High,Medium,Medium,Easy,Sometimes,No,Yes,Yes,High,Very satisfied,No
760,No,Male,31 to 40,Married,Bachelor's,From 11 to 15 years,From 11 to 15 years,Transport sector,Sales,Sales executive,From 5000 to 10000 S.R,3,Yes,Yes,Yes,Yes,Yes,Yes,From 4 to 6 training programs,Yes,Travel frequently,High,Yes,High,Easy,Medium,Medium,Yes,Yes,Yes,No,Medium,Very satisfied,Yes
761,No,Male,31 to 40,Married,Bachelor's,Less than 5 years,Less than 5 years,Transport sector,Production,Production supervisor,From 5000 to 10000 S.R,3,Yes,Yes,Yes,Yes,Yes,Yes,From 1 to 3 training programs,Yes,I do not travel for work,High,Yes,High,Medium,Medium,Medium,Sometimes,No,Yes,Yes,Medium,Satisfied,No
762,No,Female,31 to 40,Married,Bachelor's,From 5 to 10 years,From 5 to 10 years,Education sector,Administration,Administrative manager,From 5000 to 10000 S.R,0,Yes,No,No,I don't have overtime,Yes,Yes,From 7  training programs to more,Yes,I do not travel for work,Medium,Yes,High,Easy,Close,Easy,Sometimes,No,Yes,No,Medium,Satisfied,No
763,No,Male,31 to 40,Married,Bachelor's,From 5 to 10 years,From 5 to 10 years,Transport sector,Administration,Supervisor,From 5000 to 10000 S.R,4,Yes,Yes,Yes,Yes,Yes,Yes,From 7  training programs to more,Yes,I do not travel for work,High,Yes,High,Easy,Close,Easy,Sometimes,No,Yes,Yes,Medium,Satisfied,Yes
764,No,Female,31 to 40,Married,Bachelor's,From 5 to 10 years,From 5 to 10 years,Medical sector,Patient Affairs,Nurse,Less than 5000 SAR,4,Yes,Yes,Yes,Yes,Yes,Yes,From 4 to 6 training programs,Yes,I do not travel for work,High,Yes,High,Easy,Medium,Medium,No,Yes,Yes,Yes,Medium,Satisfied,Yes
765,No,Male,21 to 30,Married,Bachelor's,From 5 to 10 years,From 5 to 10 years,Transport sector,Technical support,Engineer,From 5000 to 10000 S.R,4,Yes,Yes,Yes,Yes,Yes,Yes,I did not receive any training,Yes,I do not travel for work,High,Yes,High,Medium,Medium,Medium,No,No,Yes,No,Medium,Very satisfied,No
766,No,Male,31 to 40,Married,Bachelor's,From 16 to 20 years,From 16 to 20 years,Transport sector,Customers service,Customer services representative,From 5000 to 10000 S.R,3,Yes,Yes,Yes,Yes,Yes,Yes,From 1 to 3 training programs,Yes,I do not travel for work,High,Yes,High,Medium,Medium,Medium,No,Sometimes,Yes,Yes,Medium,Satisfied,No
767,No,Female,21 to 30,Married,Bachelor's,From 5 to 10 years,From 5 to 10 years,Transport sector,Customers service,Receptionist,From 5000 to 10000 S.R,4,Yes,Yes,Yes,Yes,Yes,Yes,From 7  training programs to more,Yes,I do not travel for work,High,Yes,High,Easy,Close,Easy,Sometimes,No,Yes,No,Medium,Very satisfied,Yes
768,No,Female,21 to 30,Single,Diploma or secondary,Less than 5 years,Less than 5 years,Transport sector,HR,Coordinator,From 5000 to 10000 S.R,4,Yes,Yes,Yes,Yes,Yes,Yes,From 1 to 3 training programs,Yes,I do not travel for work,High,Yes,High,Medium,Medium,Medium,Yes,No,Yes,No,Medium,Satisfied,No
769,No,Male,21 to 30,Married,Bachelor's,From 5 to 10 years,From 5 to 10 years,Medical sector,Patient Affairs,Nurse,Less than 5000 SAR,3,Yes,Yes,Yes,I don't have overtime,Yes,Yes,From 1 to 3 training programs,Yes,I do not travel for work,High,Yes,High,Medium,Close,Easy,Sometimes,Sometimes,Yes,No,Medium,Very satisfied,No
770,No,Male,31 to 40,Married,Master's,From 5 to 10 years,From 5 to 10 years,Education sector,Teaching,Teacher,Less than 5000 SAR,0,Yes,Yes,No,I don't have overtime,Yes,Yes,From 7  training programs to more,Yes,I do not travel for work,Medium,Yes,High,Difficult,Close,Easy,Sometimes,No,Yes,No,Medium,Very satisfied,No
771,No,Female,21 to 30,Single,Bachelor's,Less than 5 years,Less than 5 years,Medical sector,Customers service,Receptionist,From 5000 to 10000 S.R,0,No,No,No,I don't have overtime,Yes,Yes,I did not receive any training,No,I do not travel for work,Medium,Yes,High,Medium,Medium,Medium,No,No,No,No,Low,Not satisfied,No
772,No,Female,21 to 30,Married,Bachelor's,From 5 to 10 years,From 5 to 10 years,Medical sector,patient Affairs,Nurse,Less than 5000 SAR,4,Yes,Yes,Yes,Yes,Yes,Yes,From 7  training programs to more,Yes,I do not travel for work,High,Yes,High,Medium,Medium,Medium,No,No,Yes,No,Medium,Very satisfied,Yes
773,No,Female,31 to 40,Married,Master's,From 5 to 10 years,From 5 to 10 years,Education sector,Administration,Administrative manager,From 5000 to 10000 S.R,0,Yes,No,No,I don't have overtime,Yes,Yes,From 7  training programs to more,Yes,I do not travel for work,Medium,Yes,High,Medium,Medium,Medium,No,No,Yes,Yes,High,Very satisfied,No
774,No,Male,21 to 30,Married,Bachelor's,Less than 5 years,Less than 5 years,Medical sector,Administration,Administrative manager,From 5000 to 10000 S.R,3,Yes,Yes,Yes,Yes,Yes,Yes,From 7  training programs to more,Yes,Travel rarely,High,Yes,High,Medium,Medium,Medium,No,Sometimes,Yes,No,High,Very satisfied,No
775,No,Female,21 to 30,Single,Bachelor's,Less than 5 years,Less than 5 years,Education sector,Teaching,Teacher,Less than 5000 SAR,0,No,No,No,I don't have overtime,Yes,No,From 7  training programs to more,Yes,I do not travel for work,Medium,Yes,High,Medium,Far,Medium,Yes,No,Yes,No,High,Very satisfied,No
776,No,Male,21 to 30,Married,Ph.D,From 5 to 10 years,From 5 to 10 years,Medical sector,patient Affairs,Doctor,From 11000 to 15000 S.R,3,Yes,Yes,Yes,Yes,Yes,Yes,From 7  training programs to more,Yes,I do not travel for work,Medium,Yes,Medium,Medium,Medium,Easy,No,Sometimes,Yes,No,Medium,Very satisfied,No
777,No,Female,31 to 40,Married,Bachelor's,From 5 to 10 years,From 5 to 10 years,Education sector,Administration,Administrative manager,From 5000 to 10000 S.R,0,Yes,Yes,No,No,Yes,Yes,From 1 to 3 training programs,Yes,I do not travel for work,Medium,Yes,High,Difficult,Medium,Easy,No,No,Yes,No,Medium,Very satisfied,No
778,No,Male,21 to 30,Single,Bachelor's,From 5 to 10 years,From 5 to 10 years,Medical sector,patient Affairs,Nurse,Less than 5000 SAR,3,Yes,Yes,No,I don't have overtime,Yes,No,From 7  training programs to more,Yes,Travel rarely,Medium,Yes,High,Easy,Far,Difficult,No,Sometimes,Yes,No,Medium,Very satisfied,No
779,No,Female,21 to 30,Single,Bachelor's,Less than 5 years,Less than 5 years,Education sector,Accounting,Accountant,From 5000 to 10000 S.R,0,Yes,No,No,I don't have overtime,No,No,I did not receive any training,No,I do not travel for work,Low,No,Low,Medium,Medium,Medium,No,No,No,No,Low,Not satisfied,No
780,No,Male,31 to 40,Married,Bachelor's,Less than 5 years,Less than 5 years,"Environment, Water, and Agriculture sector",Customers service,Receptionist,From 5000 to 10000 S.R,0,No,No,No,I don't have overtime,No,No,I did not receive any training,No,I do not travel for work,Low,Yes,Medium,Medium,Medium,Easy,Sometimes,Sometimes,No,Yes,Medium,Not satisfied,No
781,No,Male,31 to 40,Single,Diploma or secondary,Less than 5 years,Less than 5 years,"Environment, Water, and Agriculture sector",Technical support,it specialist,Less than 5000 SAR,3,Yes,No,No,I don't have overtime,No,No,From 1 to 3 training programs,Yes,I do not travel for work,Low,No,Low,Medium,Medium,Difficult,No,Sometimes,No,No,Medium,Not satisfied,No
782,No,Male,21 to 30,Married,Bachelor's,From 5 to 10 years,From 5 to 10 years,Transport sector,Relations,Relationships Specialist,From 5000 to 10000 S.R,3,Yes,Yes,Yes,Yes,Yes,Yes,From 7  training programs to more,Yes,Travel frequently,High,Yes,High,Easy,Close,Easy,Sometimes,No,Yes,No,Medium,Very satisfied,No
783,No,Male,31 to 40,Married,Bachelor's,From 5 to 10 years,From 5 to 10 years,Transport sector,Relations,Relationships Specialist,From 5000 to 10000 S.R,4,Yes,Yes,Yes,Yes,Yes,Yes,From 1 to 3 training programs,Yes,I do not travel for work,High,Yes,High,Easy,Far,Medium,No,No,Yes,No,Medium,Very satisfied,Yes
784,No,Male,31 to 40,Divorced,Bachelor's,From 11 to 15 years,From 11 to 15 years,Transport sector,Sales,Purchase specialist,From 5000 to 10000 S.R,4,Yes,Yes,Yes,Yes,No,Yes,I did not receive any training,Yes,I do not travel for work,Low,Yes,Medium,Medium,Close,Medium,No,No,No,No,Medium,Satisfied,No
785,No,Male,31 to 40,Married,Master's,Less than 5 years,Less than 5 years,Transport sector,Information technology,it specialist,From 5000 to 10000 S.R,4,Yes,Yes,Yes,Yes,Yes,Yes,From 7  training programs to more,Yes,Travel frequently,High,Yes,High,Medium,Medium,Medium,No,No,Yes,No,Medium,Satisfied,Yes
786,No,Male,31 to 40,Married,Master's,From 5 to 10 years,From 5 to 10 years,Transport sector,Accounting,Accountant,From 11000 to 15000 S.R,4,Yes,Yes,Yes,Yes,Yes,Yes,From 7  training programs to more,Yes,Travel frequently,High,Yes,High,Easy,Medium,Medium,No,No,Yes,No,Medium,Very satisfied,No
787,No,Male,31 to 40,Married,Master's,From 5 to 10 years,From 5 to 10 years,Transport sector,Technical support,Electrical engineer,From 11000 to 15000 S.R,4,Yes,Yes,Yes,Yes,Yes,Yes,From 7  training programs to more,Yes,Travel rarely,Medium,Yes,Medium,Difficult,Medium,Medium,No,No,Yes,No,Medium,Very satisfied,No
788,No,Male,31 to 40,Married,Master's,From 5 to 10 years,From 5 to 10 years,Transport sector,Administration,Administrative manager,From 16000 to 20000 S.R,4,Yes,Yes,Yes,Yes,Yes,Yes,From 7  training programs to more,Yes,Travel rarely,High,Yes,Medium,Medium,Medium,Easy,Yes,No,Yes,No,Medium,Very satisfied,Yes
789,No,Female,21 to 30,Married,Master's,Less than 5 years,Less than 5 years,Medical sector,patient Affairs,Nurse,Less than 5000 SAR,3,Yes,Yes,Yes,Yes,Yes,Yes,From 7  training programs to more,Yes,Travel rarely,High,Yes,Medium,Medium,Close,Medium,Sometimes,Sometimes,Yes,No,Low,Very satisfied,No
790,No,Female,21 to 30,Single,Bachelor's,Less than 5 years,Less than 5 years,Medical sector,Customers service,Receptionist,Less than 5000 SAR,0,No,No,No,I don't have overtime,No,No,I did not receive any training,No,I do not travel for work,Low,No,Low,Medium,Medium,Difficult,No,Sometimes,No,No,Medium,Not satisfied,No
791,No,Female,21 to 30,Married,Bachelor's,From 5 to 10 years,From 5 to 10 years,Education sector,Administration,Administrative manager,From 5000 to 10000 S.R,0,No,No,No,No,Yes,Yes,From 4 to 6 training programs,Yes,I do not travel for work,High,Yes,High,Medium,Medium,Medium,Sometimes,Sometimes,Yes,No,Medium,Satisfied,No
792,No,Female,31 to 40,Single,Bachelor's,Less than 5 years,Less than 5 years,Education sector,Teaching,Teacher,From 5000 to 10000 S.R,0,No,No,No,I don't have overtime,Yes,Yes,I did not receive any training,No,I do not travel for work,Medium,No,Medium,Medium,Close,Medium,No,Sometimes,Yes,No,Medium,Satisfied,No
793,No,Female,21 to 30,Single,Bachelor's,Less than 5 years,Less than 5 years,Education sector,Teaching,Teacher,From 5000 to 10000 S.R,0,No,No,No,I don't have overtime,Yes,Yes,I did not receive any training,No,I do not travel for work,Low,No,Low,Medium,Medium,Easy,No,Sometimes,No,No,Medium,Not satisfied,No
794,No,Female,21 to 30,Married,Bachelor's,From 5 to 10 years,From 5 to 10 years,Education sector,Teaching,Teacher,From 5000 to 10000 S.R,0,No,No,No,I don't have overtime,Yes,Yes,I did not receive any training,No,I do not travel for work,High,Yes,Medium,Easy,Medium,Easy,Sometimes,Sometimes,Yes,No,Medium,Satisfied,No
795,No,Female,21 to 30,Married,Master's,From 5 to 10 years,From 5 to 10 years,Financial sector,Sales,Sales executive,From 5000 to 10000 S.R,0,No,No,No,I don't have overtime,No,No,I did not receive any training,No,I do not travel for work,Medium,Yes,High,Easy,Far,Medium,Sometimes,No,Yes,No,Medium,Satisfied,No
796,No,Male,31 to 40,Married,Bachelor's,From 5 to 10 years,From 5 to 10 years,Education sector,Administration,Administrative manager,From 5000 to 10000 S.R,0,Yes,No,No,I don't have overtime,Yes,Yes,From 7  training programs to more,Yes,I do not travel for work,High,Yes,High,Medium,Medium,Medium,No,No,Yes,No,Medium,Very satisfied,No
797,No,Female,21 to 30,Single,Bachelor's,From 5 to 10 years,From 5 to 10 years,Medical sector,Accounting,Accountant,Less than 5000 SAR,0,Yes,No,No,I don't have overtime,No,No,I did not receive any training,No,I do not travel for work,Low,No,Low,Medium,Medium,Medium,Sometimes,Sometimes,No,No,Low,Not satisfied,No
798,No,Male,21 to 30,Married,Bachelor's,Less than 5 years,Less than 5 years,Education sector,Teaching,Teacher,From 5000 to 10000 S.R,0,No,No,No,I don't have overtime,Yes,No,I did not receive any training,No,I do not travel for work,Medium,Yes,Low,Easy,Close,Easy,Sometimes,Sometimes,Yes,No,Medium,Very satisfied,No
799,No,Female,21 to 30,Married,Master's,From 5 to 10 years,From 5 to 10 years,Education sector,Administration,Administrative manager,From 5000 to 10000 S.R,0,No,No,No,I don't have overtime,Yes,Yes,I did not receive any training,No,I do not travel for work,High,Yes,Medium,Medium,Medium,Easy,Sometimes,Sometimes,Yes,No,Medium,Very satisfied,No
800,No,Female,31 to 40,Married,Master's,Less than 5 years,Less than 5 years,Medical sector,Customers service,Receptionist,From 5000 to 10000 S.R,0,Yes,No,No,I don't have overtime,No,No,I did not receive any training,No,I do not travel for work,Low,No,Low,Difficult,Medium,Difficult,Sometimes,Yes,No,No,Low,Not satisfied,No
801,No,Female,31 to 40,Single,Master's,From 5 to 10 years,From 5 to 10 years,Education sector,Teaching,Teacher,From 5000 to 10000 S.R,0,No,No,No,I don't have overtime,Yes,Yes,I did not receive any training,Yes,I do not travel for work,High,Yes,High,Medium,Medium,Medium,Sometimes,Sometimes,Yes,No,Medium,Satisfied,No
802,No,Female,31 to 40,Married,Bachelor's,From 5 to 10 years,From 5 to 10 years,Education sector,Teaching,Teacher,From 5000 to 10000 S.R,0,Yes,No,No,I don't have overtime,No,Yes,I did not receive any training,No,I do not travel for work,High,Yes,High,Medium,Medium,Medium,Sometimes,Sometimes,Yes,No,Medium,Very satisfied,No
803,No,Female,21 to 30,Single,Bachelor's,Less than 5 years,Less than 5 years,Education sector,Teaching,Teacher,From 5000 to 10000 S.R,0,Yes,No,No,I don't have overtime,Yes,Yes,From 4 to 6 training programs,Yes,I do not travel for work,Medium,Yes,High,Medium,Close,Easy,Sometimes,Sometimes,Yes,No,High,Very satisfied,No
804,No,Male,31 to 40,Married,Master's,From 5 to 10 years,From 5 to 10 years,Education sector,Teaching,Teacher,From 5000 to 10000 S.R,0,Yes,No,No,I don't have overtime,Yes,Yes,From 7  training programs to more,Yes,I do not travel for work,High,Yes,High,Medium,Medium,Medium,Sometimes,No,Yes,No,Medium,Satisfied,No
805,No,Female,21 to 30,Single,Bachelor's,Less than 5 years,Less than 5 years,Education sector,Teaching,Teacher,From 5000 to 10000 S.R,0,Yes,No,No,I don't have overtime,Yes,Yes,I did not receive any training,No,I do not travel for work,High,Yes,High,Medium,Medium,Difficult,No,Sometimes,Yes,Yes,Medium,Very satisfied,Yes
806,No,Male,31 to 40,Married,Master's,From 5 to 10 years,From 5 to 10 years,Medical sector,Patient Affairs,Doctor,From 5000 to 10000 S.R,4,Yes,Yes,Yes,Yes,Yes,Yes,From 7  training programs to more,Yes,I do not travel for work,High,Yes,High,Medium,Medium,Medium,No,No,Yes,No,Medium,Very satisfied,No
807,No,Male,31 to 40,Married,Master's,From 5 to 10 years,From 5 to 10 years,Medical sector,Patient Affairs,Nurse,From 5000 to 10000 S.R,4,Yes,Yes,Yes,Yes,Yes,Yes,From 7  training programs to more,Yes,I do not travel for work,High,Yes,High,Medium,Far,Medium,Sometimes,Sometimes,Yes,Yes,Medium,Very satisfied,No
808,No,Male,21 to 30,Married,Ph.D,From 16 to 20 years,From 16 to 20 years,Medical sector,Patient Affairs,Doctor,From 16000 to 20000 S.R,4,Yes,Yes,Yes,Yes,Yes,Yes,From 7  training programs to more,Yes,I do not travel for work,High,Yes,High,Easy,Close,Medium,No,Sometimes,Yes,No,High,Very satisfied,No
809,No,Female,21 to 30,Single,Diploma or secondary,Less than 5 years,Less than 5 years,Medical sector,Customers service,Receptionist,Less than 5000 SAR,0,No,No,No,I don't have overtime,No,No,I did not receive any training,No,I do not travel for work,Medium,No,Medium,Difficult,Medium,Medium,Sometimes,Yes,No,No,Medium,Not satisfied,No
810,No,Male,31 to 40,Married,Master's,From 5 to 10 years,From 5 to 10 years,Medical sector,Patient Affairs,Nurse,From 5000 to 10000 S.R,3,Yes,Yes,Yes,Yes,Yes,Yes,From 4 to 6 training programs,Yes,I do not travel for work,High,Yes,Medium,Medium,Medium,Medium,No,No,Yes,No,Medium,Very satisfied,No
811,No,Female,31 to 40,Married,Bachelor's,From 5 to 10 years,From 5 to 10 years,Medical sector,Sales,Sales representative,From 5000 to 10000 S.R,2,Yes,No,Yes,No,Yes,Yes,From 4 to 6 training programs,Yes,Travel rarely,Medium,No,High,Medium,Medium,Difficult,No,No,Yes,No,Medium,Satisfied,No
812,No,Male,21 to 30,Married,Bachelor's,From 5 to 10 years,From 5 to 10 years,Education sector,Administration,Administrative manager,From 5000 to 10000 S.R,0,Yes,No,No,I don't have overtime,Yes,Yes,From 7  training programs to more,Yes,I do not travel for work,Medium,Yes,High,Easy,Close,Easy,Sometimes,Sometimes,Yes,No,High,Very satisfied,No
813,No,Female,21 to 30,Single,Bachelor's,From 5 to 10 years,From 5 to 10 years,Education sector,Teaching,Teacher,From 5000 to 10000 S.R,0,Yes,No,No,I don't have overtime,Yes,Yes,From 7  training programs to more,Yes,I do not travel for work,High,Yes,Medium,Medium,Close,Easy,Sometimes,Sometimes,Yes,No,Low,Very satisfied,No
814,No,Male,31 to 40,Married,Diploma or secondary,From 5 to 10 years,From 5 to 10 years,"Environment, Water, and Agriculture sector",Administration,Administrative manager,From 5000 to 10000 S.R,3,Yes,No,No,No,Yes,Yes,From 1 to 3 training programs,Yes,I do not travel for work,High,Yes,High,Medium,Close,Medium,Sometimes,Sometimes,Yes,No,High,Satisfied,No
815,No,Female,21 to 30,Single,Diploma or secondary,Less than 5 years,Less than 5 years,Medical sector,Customers service,Receptionist,Less than 5000 SAR,0,Yes,No,No,I don't have overtime,Yes,Yes,I did not receive any training,Yes,I do not travel for work,High,Yes,Medium,Medium,Medium,Medium,Sometimes,Sometimes,Yes,No,Medium,Satisfied,No
816,No,Male,31 to 40,Divorced,Diploma or secondary,From 5 to 10 years,From 5 to 10 years,Communications and IT sector,Safety & Security,Security and safety specialist,Less than 5000 SAR,0,No,No,No,I don't have overtime,No,No,I did not receive any training,No,I do not travel for work,Low,Yes,Medium,Medium,Medium,Medium,Yes,Yes,No,No,Medium,Not satisfied,No
817,No,Female,21 to 30,Married,Bachelor's,From 11 to 15 years,From 11 to 15 years,Education sector,Teaching,Teacher,From 5000 to 10000 S.R,0,Yes,Yes,Yes,No,Yes,Yes,From 4 to 6 training programs,Yes,I do not travel for work,High,Yes,High,Medium,Medium,Medium,Sometimes,No,Yes,Yes,Medium,Satisfied,Yes
818,No,Female,21 to 30,Married,Master's,From 5 to 10 years,From 5 to 10 years,Medical sector,Patient Affairs,Nurse,Less than 5000 SAR,3,No,No,No,I don't have overtime,Yes,No,From 7  training programs to more,Yes,I do not travel for work,High,Yes,High,Medium,Medium,Medium,No,No,No,No,Medium,Satisfied,No
819,No,Female,21 to 30,Single,Diploma or secondary,From 5 to 10 years,From 5 to 10 years,Education sector,Administration,Manger assistant,From 5000 to 10000 S.R,4,Yes,Yes,Yes,Yes,Yes,Yes,From 4 to 6 training programs,Yes,I do not travel for work,High,Yes,High,Medium,Medium,Medium,No,Sometimes,Yes,No,Medium,Very satisfied,No
820,No,Male,31 to 40,Married,Bachelor's,From 11 to 15 years,From 11 to 15 years,Financial sector,Relations,Relations manager,From 11000 to 15000 S.R,4,Yes,Yes,No,I don't have overtime,Yes,Yes,I did not receive any training,Yes,I do not travel for work,High,Yes,High,Medium,Far,Medium,Sometimes,Yes,Yes,No,High,Very satisfied,Yes
821,Yes,Male,21 to 30,Single,Bachelor's,Less than 5 years,Less than 5 years,Medical sector,Processes,Operations Supervisor,From 5000 to 10000 S.R,2,Yes,No,Yes,No,No,No,From 1 to 3 training programs,Yes,I do not travel for work,Medium,No,High,Medium,Far,Easy,Sometimes,Sometimes,No,No,Low,Not satisfied,Yes
822,Yes,Male,41 to 50,Married,Bachelor's,From 21 to 25 years,Less than 5 years,Energy sector,Administration,Administrative manager,S.R 31000 - and more,2,Yes,Yes,Yes,Yes,Yes,Yes,From 4 to 6 training programs,Yes,Travel frequently,High,Yes,High,Easy,Close,Easy,No,No,No,No,High,Very satisfied,No
823,No,Male,31 to 40,Single,Bachelor's,From 5 to 10 years,From 5 to 10 years,Communications and IT sector,Customers service,it specialist,From 11000 to 15000 S.R,4,Yes,Yes,Yes,Yes,Yes,Yes,From 7  training programs to more,Yes,Travel frequently,High,Yes,High,Easy,Medium,Medium,No,Sometimes,Yes,No,High,Very satisfied,No
824,Yes,Male,31 to 40,Married,Bachelor's,From 11 to 15 years,From 5 to 10 years,Industry sector,Engineering,Project manager,From 21000 to 25000 S.R,4,Yes,Yes,Yes,Yes,No,No,From 4 to 6 training programs,Yes,Travel rarely,Low,No,Medium,Medium,Medium,Medium,Sometimes,Sometimes,No,No,Medium,Satisfied,Yes
825,Yes,Male,41 to 50,Married,Bachelor's,From 21 to 25 years,From 11 to 15 years,Communications and IT sector,Customers service,Customer services representative,From 16000 to 20000 S.R,2,Yes,No,No,I don't have overtime,No,Yes,From 1 to 3 training programs,Yes,Travel rarely,Low,Yes,Medium,Medium,Close,Easy,Yes,Sometimes,No,No,Medium,Satisfied,No
826,Yes,Male,31 to 40,Married,Bachelor's,From 5 to 10 years,Less than 5 years,Industry sector,Processes,Operation and Maintenance Manager (Acting),From 11000 to 15000 S.R,2,Yes,Yes,Yes,Yes,No,No,From 1 to 3 training programs,Yes,Travel frequently,Medium,Yes,High,Medium,Medium,Difficult,Yes,Yes,Yes,No,Medium,Very satisfied,Yes
827,No,Male,21 to 30,Single,Bachelor's,Less than 5 years,Less than 5 years,Communications and IT sector,Processes,Project manager,From 11000 to 15000 S.R,4,Yes,Yes,Yes,Yes,Yes,No,From 1 to 3 training programs,No,Travel rarely,Medium,Yes,Medium,Medium,Medium,Medium,Yes,Yes,Yes,No,Medium,Not satisfied,No
828,Yes,Male,21 to 30,Single,Bachelor's,From 5 to 10 years,From 5 to 10 years,Transport sector,Processes,Passenger services assistant,From 5000 to 10000 S.R,2,Yes,Yes,Yes,Yes,No,No,From 1 to 3 training programs,Yes,Travel frequently,Medium,Yes,High,Easy,Far,Difficult,Yes,Yes,No,No,Medium,Satisfied,Yes
829,No,Female,21 to 30,Married,Bachelor's,Less than 5 years,Less than 5 years,Education sector,Teaching,Teacher,Less than 5000 SAR,0,No,No,No,I don't have overtime,No,No,I did not receive any training,No,I do not travel for work,Medium,Yes,High,Medium,Medium,Medium,Yes,Yes,No,No,High,Satisfied,Yes
830,No,Female,21 to 30,Married,Bachelor's,From 5 to 10 years,From 5 to 10 years,Education sector,Teaching,Teacher,Less than 5000 SAR,0,No,No,No,I don't have overtime,No,No,From 1 to 3 training programs,No,I do not travel for work,High,No,High,Easy,Medium,Difficult,Yes,Sometimes,No,No,Low,Not satisfied,Yes
831,No,Female,21 to 30,Single,Master's,Less than 5 years,Less than 5 years,Education sector,Teaching,Trainer,Less than 5000 SAR,0,Yes,Yes,No,I don't have overtime,No,No,From 1 to 3 training programs,Yes,I do not travel for work,Low,No,Low,Medium,Close,Medium,Sometimes,Sometimes,No,No,High,Not satisfied,No
833,No,Female,31 to 40,Married,Bachelor's,From 5 to 10 years,From 5 to 10 years,Financial sector,Administration,Administrative manager,From 11000 to 15000 S.R,4,Yes,Yes,Yes,Yes,Yes,Yes,From 1 to 3 training programs,Yes,Travel frequently,High,Yes,High,Difficult,Medium,Medium,Sometimes,Sometimes,Yes,No,Medium,Satisfied,No
834,No,Female,41 to 50,Married,Master's,From 11 to 15 years,From 11 to 15 years,"Environment, Water, and Agriculture sector",Accounting,Accountant,From 5000 to 10000 S.R,3,Yes,Yes,Yes,No,Yes,Yes,From 1 to 3 training programs,Yes,Travel rarely,Medium,Yes,High,Medium,Medium,Medium,Sometimes,No,Yes,No,Medium,Satisfied,Yes
835,No,Male,21 to 30,Married,Bachelor's,Less than 5 years,Less than 5 years,Medical sector,Customers service,Receptionist,From 5000 to 10000 S.R,0,No,No,No,I don't have overtime,No,No,I did not receive any training,No,I do not travel for work,Low,No,Low,Easy,Medium,Medium,Sometimes,Yes,No,No,Low,Not satisfied,Yes
836,No,Female,21 to 30,Married,Bachelor's,From 5 to 10 years,From 5 to 10 years,Energy sector,Administration,Secretariat,From 5000 to 10000 S.R,2,Yes,Yes,No,I don't have overtime,Yes,Yes,From 4 to 6 training programs,No,Travel rarely,Medium,Yes,Medium,Medium,Medium,Medium,Sometimes,Sometimes,No,No,Low,Satisfied,No
837,Yes,Male,21 to 30,Divorced,Bachelor's,Less than 5 years,Less than 5 years,Medical sector,Customers service,Receptionist,Less than 5000 SAR,1,No,No,No,I don't have overtime,No,No,I did not receive any training,No,I do not travel for work,Medium,No,Low,Easy,Close,Easy,Sometimes,Sometimes,No,No,Medium,Satisfied,No
838,No,Female,21 to 30,Single,Diploma or secondary,Less than 5 years,Less than 5 years,"Environment, Water, and Agriculture sector",Accounting,Accountant,From 5000 to 10000 S.R,0,No,No,No,I don't have overtime,No,No,I did not receive any training,No,I do not travel for work,Low,No,Low,Easy,Close,Easy,Sometimes,Sometimes,No,No,Low,Satisfied,No
839,No,Female,41 to 50,Married,Master's,Less than 5 years,Less than 5 years,Education sector,Administration,Administrative manager,From 11000 to 15000 S.R,0,Yes,No,No,I don't have overtime,Yes,Yes,From 7  training programs to more,Yes,I do not travel for work,High,Yes,High,Easy,Medium,Medium,No,No,Yes,Yes,Medium,Very satisfied,Yes
840,No,Female,31 to 40,Married,Bachelor's,Less than 5 years,Less than 5 years,Medical sector,HR,Coordinator,From 5000 to 10000 S.R,0,No,No,No,I don't have overtime,No,No,From 7  training programs to more,No,I do not travel for work,Low,No,Low,Medium,Medium,Medium,No,No,Yes,No,Medium,Satisfied,Yes
841,No,Female,21 to 30,Single,Diploma or secondary,Less than 5 years,Less than 5 years,Education sector,Administration,Manger assistant,Less than 5000 SAR,0,No,No,No,I don't have overtime,No,No,I did not receive any training,No,I do not travel for work,Low,No,Low,Medium,Medium,Medium,No,No,No,No,Low,Not satisfied,No
842,No,Female,21 to 30,Married,Diploma or secondary,Less than 5 years,Less than 5 years,Communications and IT sector,Customers service,Customer services representative,Less than 5000 SAR,0,No,No,No,I don't have overtime,No,No,From 7  training programs to more,No,I do not travel for work,Low,Yes,Medium,Medium,Close,Easy,No,No,No,No,Medium,Not satisfied,No
843,No,Female,21 to 30,Single,Diploma or secondary,Less than 5 years,Less than 5 years,Medical sector,Processes,Operations Supervisor,Less than 5000 SAR,0,No,No,No,I don't have overtime,No,No,I did not receive any training,No,I do not travel for work,Low,No,Low,Easy,Close,Medium,Sometimes,Sometimes,No,Yes,Low,Not satisfied,No
844,No,Female,31 to 40,Married,Bachelor's,From 5 to 10 years,From 5 to 10 years,Education sector,Teaching,Teacher,From 5000 to 10000 S.R,0,No,No,No,I don't have overtime,Yes,No,From 7  training programs to more,Yes,I do not travel for work,High,Yes,High,Medium,Medium,Medium,Sometimes,Sometimes,Yes,No,Medium,Satisfied,No
845,No,Female,31 to 40,Married,Master's,From 5 to 10 years,From 5 to 10 years,Transport sector,Administration,Administrative manager,From 11000 to 15000 S.R,0,No,No,No,I don't have overtime,Yes,Yes,From 7  training programs to more,Yes,I do not travel for work,Medium,Yes,Medium,Medium,Medium,Medium,Sometimes,Sometimes,Yes,No,Low,Satisfied,No
846,Yes,Female,31 to 40,Married,Bachelor's,From 11 to 15 years,Less than 5 years,Education sector,Teaching,Teacher,From 5000 to 10000 S.R,0,No,No,No,I don't have overtime,No,No,From 7  training programs to more,Yes,I do not travel for work,Medium,Yes,Low,Medium,Medium,Medium,Sometimes,Sometimes,Yes,No,Medium,Satisfied,No
847,No,Female,21 to 30,Married,Bachelor's,Less than 5 years,Less than 5 years,Education sector,Teaching,Teacher,From 5000 to 10000 S.R,0,No,No,No,I don't have overtime,Yes,Yes,From 7  training programs to more,Yes,I do not travel for work,Low,No,Low,Medium,Close,Easy,No,No,No,Yes,Medium,Not satisfied,No
848,No,Male,31 to 40,Married,Bachelor's,From 5 to 10 years,From 5 to 10 years,Education sector,Teaching,Teacher,From 5000 to 10000 S.R,0,Yes,No,Yes,Yes,Yes,Yes,From 7  training programs to more,Yes,I do not travel for work,High,Yes,High,Medium,Medium,Medium,No,Sometimes,Yes,Yes,High,Very satisfied,Yes
849,No,Female,21 to 30,Single,Bachelor's,Less than 5 years,Less than 5 years,Education sector,Teaching,Teacher,Less than 5000 SAR,0,Yes,Yes,No,I don't have overtime,No,Yes,I did not receive any training,No,I do not travel for work,Low,No,Medium,Difficult,Medium,Difficult,Yes,Yes,No,No,Low,Not satisfied,No
850,No,Male,21 to 30,Single,Bachelor's,Less than 5 years,Less than 5 years,Education sector,Teaching,Teacher,From 5000 to 10000 S.R,2,Yes,Yes,Yes,Yes,Yes,Yes,From 7  training programs to more,Yes,I do not travel for work,High,Yes,High,Medium,Medium,Medium,Sometimes,Sometimes,Yes,No,High,Very satisfied,No
851,No,Female,41 to 50,Married,Bachelor's,From 5 to 10 years,From 5 to 10 years,Medical sector,Patient Affairs,Nurse,From 5000 to 10000 S.R,3,Yes,Yes,Yes,Yes,Yes,Yes,From 7  training programs to more,Yes,I do not travel for work,High,Yes,High,Easy,Medium,Easy,Sometimes,No,Yes,Yes,High,Very satisfied,Yes
852,No,Male,31 to 40,Married,Master's,Less than 5 years,Less than 5 years,Medical sector,Patient Affairs,Nurse,From 5000 to 10000 S.R,4,Yes,Yes,Yes,Yes,Yes,Yes,From 7  training programs to more,Yes,Travel rarely,High,Yes,High,Difficult,Medium,Medium,Sometimes,Sometimes,Yes,Yes,High,Very satisfied,Yes
853,No,Male,31 to 40,Married,Master's,From 5 to 10 years,From 5 to 10 years,Education sector,Teaching,Teacher,From 5000 to 10000 S.R,4,Yes,Yes,Yes,Yes,Yes,Yes,From 7  training programs to more,Yes,I do not travel for work,High,Yes,High,Medium,Medium,Medium,No,No,Yes,No,Medium,Very satisfied,Yes
854,No,Male,31 to 40,Married,Master's,From 5 to 10 years,From 5 to 10 years,Education sector,Teaching,Teacher,From 5000 to 10000 S.R,2,Yes,Yes,Yes,Yes,Yes,Yes,From 7  training programs to more,Yes,I do not travel for work,High,Yes,High,Medium,Medium,Medium,No,Sometimes,Yes,No,Medium,Very satisfied,No
855,No,Female,31 to 40,Married,Bachelor's,From 5 to 10 years,From 5 to 10 years,Education sector,Administration,Administrative manager,From 11000 to 15000 S.R,4,Yes,Yes,Yes,Yes,Yes,Yes,From 7  training programs to more,Yes,I do not travel for work,High,Yes,High,Medium,Medium,Medium,Sometimes,Sometimes,Yes,No,High,Very satisfied,No
856,No,Female,31 to 40,Married,Master's,From 5 to 10 years,From 5 to 10 years,Education sector,Administration,Administrative manager,From 11000 to 15000 S.R,3,Yes,Yes,No,I don't have overtime,Yes,Yes,From 7  training programs to more,Yes,I do not travel for work,High,Yes,Medium,Medium,Medium,Medium,No,No,No,No,Medium,Satisfied,Yes
857,No,Female,31 to 40,Married,Bachelor's,From 5 to 10 years,From 5 to 10 years,Medical sector,Customers service,Receptionist,From 5000 to 10000 S.R,1,No,No,No,I don't have overtime,No,No,From 7  training programs to more,No,I do not travel for work,Low,No,Low,Medium,Far,Medium,Sometimes,Yes,No,No,Medium,Not satisfied,Yes
858,No,Female,21 to 30,Divorced,Master's,From 5 to 10 years,From 5 to 10 years,Medical sector,Administration,Administrative manager,From 11000 to 15000 S.R,3,Yes,Yes,Yes,Yes,Yes,Yes,From 7  training programs to more,Yes,I do not travel for work,High,Yes,High,Medium,Medium,Medium,Sometimes,Yes,No,Yes,Medium,Very satisfied,Yes
859,No,Female,21 to 30,Married,Bachelor's,Less than 5 years,Less than 5 years,Education sector,Teaching,Teacher,From 5000 to 10000 S.R,0,No,No,No,I don't have overtime,Yes,Yes,From 7  training programs to more,Yes,I do not travel for work,Medium,Yes,High,Medium,Far,Difficult,Yes,Yes,Yes,No,High,Satisfied,Yes
860,No,Female,31 to 40,Married,Master's,From 5 to 10 years,From 5 to 10 years,Education sector,Teaching,Teacher,From 5000 to 10000 S.R,0,No,No,No,I don't have overtime,Yes,No,From 1 to 3 training programs,Yes,I do not travel for work,Low,Yes,Medium,Medium,Medium,Medium,Sometimes,Sometimes,Yes,No,Medium,Satisfied,No
861,No,Female,31 to 40,Married,Bachelor's,From 5 to 10 years,From 5 to 10 years,Education sector,Teaching,Teacher,From 5000 to 10000 S.R,0,No,No,No,I don't have overtime,No,Yes,From 7  training programs to more,Yes,I do not travel for work,Low,Yes,High,Medium,Medium,Medium,No,No,No,No,Medium,Satisfied,No
862,No,Female,31 to 40,Married,Bachelor's,Less than 5 years,Less than 5 years,Education sector,Teaching,Teacher,From 5000 to 10000 S.R,0,No,No,No,I don't have overtime,No,No,I did not receive any training,No,I do not travel for work,Low,Yes,Low,Medium,Medium,Medium,No,No,No,No,Medium,Very satisfied,Yes
863,No,Female,31 to 40,Married,Bachelor's,From 5 to 10 years,From 5 to 10 years,Medical sector,Relations,Coordinator,From 5000 to 10000 S.R,0,No,No,No,I don't have overtime,No,No,From 4 to 6 training programs,No,I do not travel for work,Low,Yes,High,Difficult,Medium,Medium,Sometimes,Sometimes,No,No,Medium,Satisfied,No
864,No,Female,31 to 40,Married,Master's,Less than 5 years,Less than 5 years,Medical sector,Administration,Administrative manager,From 11000 to 15000 S.R,0,No,No,No,No,Yes,Yes,From 7  training programs to more,No,I do not travel for work,Low,No,Medium,Medium,Close,Medium,No,Sometimes,Yes,Yes,Medium,Satisfied,No
865,No,Female,21 to 30,Single,Bachelor's,Less than 5 years,Less than 5 years,Education sector,Teaching,Teacher,From 5000 to 10000 S.R,0,No,No,No,I don't have overtime,No,No,From 7  training programs to more,No,I do not travel for work,Low,Yes,Medium,Medium,Medium,Medium,No,No,No,No,Medium,Very satisfied,No
867,No,Female,21 to 30,Single,Diploma or secondary,From 5 to 10 years,From 5 to 10 years,Education sector,Administration,manger assistant,From 5000 to 10000 S.R,0,Yes,No,No,I don't have overtime,Yes,Yes,From 7  training programs to more,Yes,I do not travel for work,High,Yes,High,Medium,Medium,Medium,No,Sometimes,Yes,Yes,High,Very satisfied,Yes
868,No,Male,21 to 30,Single,Bachelor's,Less than 5 years,Less than 5 years,Medical sector,Patient Affairs,Nurse,Less than 5000 SAR,0,Yes,Yes,No,Yes,Yes,Yes,From 4 to 6 training programs,Yes,I do not travel for work,High,Yes,High,Medium,Medium,Medium,Yes,No,Yes,Yes,High,Very satisfied,No
869,No,Female,31 to 40,Married,Bachelor's,From 5 to 10 years,From 5 to 10 years,Education sector,Administration,Administrative manager,From 11000 to 15000 S.R,0,Yes,No,No,No,Yes,Yes,From 7  training programs to more,Yes,I do not travel for work,High,Yes,High,Medium,Medium,Medium,No,No,Yes,No,High,Very satisfied,No
870,No,Male,31 to 40,Married,Bachelor's,From 5 to 10 years,From 5 to 10 years,Education sector,Administration,Administrative manager,From 5000 to 10000 S.R,0,Yes,No,Yes,Yes,Yes,Yes,I did not receive any training,Yes,I do not travel for work,High,Yes,Medium,Medium,Far,Difficult,No,Sometimes,Yes,No,Medium,Satisfied,No
871,No,Male,31 to 40,Married,Bachelor's,From 5 to 10 years,From 5 to 10 years,Medical sector,Patient Affairs,Nurse,From 5000 to 10000 S.R,3,Yes,Yes,Yes,Yes,Yes,Yes,From 4 to 6 training programs,Yes,Travel rarely,High,Yes,High,Easy,Far,Medium,Yes,No,Yes,Yes,High,Satisfied,Yes
872,No,Male,21 to 30,Single,Diploma or secondary,Less than 5 years,Less than 5 years,Medical sector,Customers service,Receptionist,From 5000 to 10000 S.R,0,Yes,No,Yes,Yes,Yes,Yes,From 4 to 6 training programs,Yes,I do not travel for work,High,Yes,High,Medium,Medium,Medium,No,No,Yes,No,Medium,Satisfied,No
873,No,Female,21 to 30,Single,Diploma or secondary,Less than 5 years,Less than 5 years,Medical sector,Customers service,Receptionist,From 5000 to 10000 S.R,0,Yes,Yes,No,No,Yes,Yes,From 7  training programs to more,Yes,I do not travel for work,High,No,Medium,Medium,Medium,Medium,No,No,No,No,Medium,Satisfied,No
874,No,Female,31 to 40,Married,Bachelor's,From 5 to 10 years,From 5 to 10 years,Education sector,Technical support,it specialist,From 5000 to 10000 S.R,0,Yes,No,Yes,Yes,Yes,Yes,From 7  training programs to more,Yes,I do not travel for work,High,Yes,High,Easy,Medium,Medium,Sometimes,Sometimes,Yes,No,Medium,Satisfied,Yes
875,No,Female,41 to 50,Married,Master's,From 5 to 10 years,From 5 to 10 years,Medical sector,Patient Affairs,Nurse,From 5000 to 10000 S.R,3,Yes,Yes,Yes,Yes,Yes,Yes,From 7  training programs to more,Yes,I do not travel for work,High,Yes,High,Medium,Medium,Medium,Sometimes,Sometimes,Yes,No,Medium,Satisfied,Yes
876,No,Female,31 to 40,Married,Bachelor's,Less than 5 years,Less than 5 years,Medical sector,Customers service,Nurse,Less than 5000 SAR,3,Yes,Yes,Yes,Yes,Yes,Yes,From 4 to 6 training programs,Yes,I do not travel for work,High,Yes,Medium,Medium,Medium,Medium,Yes,No,Yes,Yes,High,Satisfied,Yes
877,No,Female,21 to 30,Married,Bachelor's,From 5 to 10 years,From 5 to 10 years,Education sector,Teaching,Teacher,From 5000 to 10000 S.R,0,Yes,Yes,Yes,Yes,Yes,Yes,From 7  training programs to more,Yes,Travel rarely,High,Yes,Medium,Medium,Medium,Medium,No,No,Yes,No,Medium,Satisfied,No
878,No,Female,31 to 40,Married,Bachelor's,Less than 5 years,Less than 5 years,Education sector,Administration,Manger assistant,From 5000 to 10000 S.R,0,No,No,No,I don't have overtime,No,No,I did not receive any training,No,I do not travel for work,Low,No,Low,Difficult,Far,Medium,Yes,Yes,No,No,Low,Not satisfied,No
879,Yes,Female,31 to 40,Married,Bachelor's,Less than 5 years,Less than 5 years,Medical sector,Administration,Administrative manager,From 11000 to 15000 S.R,3,Yes,Yes,Yes,Yes,Yes,Yes,From 7  training programs to more,Yes,Travel frequently,Medium,No,Medium,Difficult,Medium,Difficult,Yes,Yes,No,Yes,Medium,Not satisfied,No
880,Yes,Female,21 to 30,Single,Diploma or secondary,Less than 5 years,Less than 5 years,Education sector,Administration,Manger assistant,Less than 5000 SAR,0,No,No,Yes,No,No,No,I did not receive any training,No,I do not travel for work,Medium,No,Medium,Difficult,Far,Difficult,Yes,Yes,No,No,Low,Not satisfied,No
881,No,Female,31 to 40,Married,Bachelor's,From 5 to 10 years,From 5 to 10 years,Education sector,Teaching,Teacher,From 5000 to 10000 S.R,0,No,No,No,I don't have overtime,No,No,I did not receive any training,No,I do not travel for work,Low,No,Low,Difficult,Close,Medium,Sometimes,Yes,No,No,Low,Not satisfied,No
882,Yes,Female,31 to 40,Married,Bachelor's,Less than 5 years,Less than 5 years,Education sector,Teaching,Teacher,Less than 5000 SAR,0,Yes,Yes,Yes,Yes,Yes,Yes,I did not receive any training,No,I do not travel for work,Medium,Yes,Medium,Medium,Medium,Medium,Sometimes,Sometimes,No,Yes,Medium,Not satisfied,No
883,No,Male,21 to 30,Single,Bachelor's,Less than 5 years,Less than 5 years,Education sector,Teaching,Teacher,Less than 5000 SAR,0,Yes,Yes,Yes,Yes,Yes,Yes,From 7  training programs to more,Yes,I do not travel for work,High,Yes,High,Medium,Medium,Medium,No,No,Yes,Yes,High,Very satisfied,Yes
884,No,Male,31 to 40,Married,Master's,From 5 to 10 years,From 5 to 10 years,Medical sector,Patient Affairs,Nurse,From 5000 to 10000 S.R,4,Yes,Yes,Yes,Yes,Yes,Yes,From 7  training programs to more,Yes,I do not travel for work,High,Yes,High,Medium,Medium,Medium,No,No,Yes,No,High,Very satisfied,No
885,No,Female,41 to 50,Married,Bachelor's,From 11 to 15 years,From 11 to 15 years,Education sector,Administration,Administrative manager,From 11000 to 15000 S.R,2,Yes,Yes,Yes,Yes,Yes,Yes,From 7  training programs to more,Yes,Travel rarely,High,Yes,High,Medium,Medium,Medium,No,No,Yes,No,Medium,Satisfied,Yes
886,No,Male,31 to 40,Married,Bachelor's,From 5 to 10 years,From 5 to 10 years,Education sector,Teaching,Teacher,From 5000 to 10000 S.R,4,Yes,Yes,Yes,No,Yes,Yes,From 7  training programs to more,Yes,Travel rarely,High,Yes,High,Medium,Medium,Medium,No,No,Yes,Yes,Medium,Satisfied,Yes
887,No,Female,21 to 30,Single,Bachelor's,Less than 5 years,Less than 5 years,Education sector,Teaching,Teacher,From 5000 to 10000 S.R,4,Yes,Yes,Yes,Yes,Yes,Yes,From 7  training programs to more,Yes,I do not travel for work,High,Yes,Medium,Medium,Medium,Medium,No,No,Yes,Yes,High,Very satisfied,Yes
888,No,Male,21 to 30,Single,Bachelor's,Less than 5 years,Less than 5 years,Financial sector,Customers service,Receptionist,From 5000 to 10000 S.R,0,Yes,No,No,I don't have overtime,Yes,No,I did not receive any training,No,I do not travel for work,Medium,Yes,Medium,Medium,Close,Medium,Sometimes,No,Yes,No,High,Satisfied,No
889,Yes,Male,31 to 40,Married,Bachelor's,From 5 to 10 years,From 5 to 10 years,Medical sector,Patient Affairs,Nurse,Less than 5000 SAR,0,Yes,Yes,Yes,Yes,No,No,I did not receive any training,No,I do not travel for work,Medium,No,Medium,Medium,Medium,Medium,No,Yes,No,No,Medium,Not satisfied,No
890,No,Female,21 to 30,Single,Bachelor's,Less than 5 years,Less than 5 years,Engineering consulting companies,Customers service,Customer services representative,Less than 5000 SAR,0,No,Yes,No,I don't have overtime,No,No,I did not receive any training,No,I do not travel for work,Medium,Yes,Medium,Medium,Medium,Medium,Sometimes,Yes,Yes,No,High,Satisfied,Yes
891,Yes,Female,21 to 30,Single,Bachelor's,Less than 5 years,Less than 5 years,Food production sector,Customers service,Customer services representative,Less than 5000 SAR,0,Yes,No,Yes,No,No,No,From 1 to 3 training programs,Yes,I do not travel for work,Medium,No,Medium,Medium,Medium,Difficult,Yes,Yes,No,No,Medium,Not satisfied,Yes
892,Yes,Male,21 to 30,Single,Diploma or secondary,Less than 5 years,Less than 5 years,Media sector,Sales,Salesman,Less than 5000 SAR,0,Yes,Yes,Yes,Yes,Yes,Yes,From 1 to 3 training programs,Yes,Travel frequently,High,No,Medium,Medium,Medium,Difficult,Yes,Yes,Yes,Yes,High,Very satisfied,Yes
893,Yes,Male,21 to 30,Single,Diploma or secondary,Less than 5 years,Less than 5 years,Transport sector,Customers service,Receptionist,Less than 5000 SAR,1,Yes,No,Yes,No,No,No,I did not receive any training,No,I do not travel for work,Medium,Yes,High,Easy,Medium,Medium,Sometimes,No,No,No,Medium,Very satisfied,No
894,Yes,Female,21 to 30,Married,Diploma or secondary,From 5 to 10 years,Less than 5 years,Economic sector,Sales,After sales service manager,From 5000 to 10000 S.R,1,Yes,Yes,Yes,No,Yes,No,From 1 to 3 training programs,Yes,I do not travel for work,High,Yes,High,Medium,Medium,Easy,Sometimes,Yes,No,Yes,High,Satisfied,Yes
895,No,Female,21 to 30,Single,Bachelor's,Less than 5 years,Less than 5 years,Economic sector,Sales,Sales representative,Less than 5000 SAR,0,Yes,Yes,Yes,Yes,No,No,From 1 to 3 training programs,Yes,I do not travel for work,Low,No,Low,Easy,Close,Difficult,Yes,Yes,No,Yes,Low,Not satisfied,No
896,Yes,Female,21 to 30,Single,Bachelor's,From 5 to 10 years,Less than 5 years,Media sector,Relations,Relations manager,From 5000 to 10000 S.R,3,Yes,Yes,Yes,Yes,Yes,No,I did not receive any training,No,Travel frequently,Medium,No,Medium,Medium,Medium,Medium,Yes,Yes,No,No,Medium,Satisfied,Yes
897,Yes,Male,21 to 30,Married,Bachelor's,From 5 to 10 years,Less than 5 years,Financial sector,Safety & Security,Security and safety specialist,Less than 5000 SAR,2,Yes,No,No,No,No,No,From 4 to 6 training programs,No,I do not travel for work,Medium,No,Medium,Difficult,Medium,Medium,No,No,Yes,No,Medium,Satisfied,Yes
898,Yes,Male,31 to 40,Divorced,Master's,Less than 5 years,Less than 5 years,Medical sector,Processes,Administrative manager,From 5000 to 10000 S.R,2,Yes,No,Yes,No,No,No,From 1 to 3 training programs,No,I do not travel for work,Medium,No,Medium,Medium,Medium,Medium,Yes,Yes,Yes,Yes,Medium,Satisfied,Yes
899,Yes,Female,21 to 30,Single,Diploma or secondary,Less than 5 years,Less than 5 years,Communications and IT sector,Customers service,Customer services representative,Less than 5000 SAR,0,No,Yes,Yes,No,Yes,Yes,From 4 to 6 training programs,Yes,I do not travel for work,High,Yes,Medium,Medium,Medium,Difficult,Yes,Sometimes,Yes,No,High,Very satisfied,Yes
900,Yes,Male,21 to 30,Single,Diploma or secondary,Less than 5 years,Less than 5 years,Energy sector,Customers service,Customer services representative,From 5000 to 10000 S.R,3,Yes,No,Yes,Yes,Yes,Yes,From 1 to 3 training programs,Yes,I do not travel for work,Low,No,Low,Difficult,Medium,Medium,Yes,Yes,Yes,Yes,Medium,Not satisfied,Yes
901,No,Female,31 to 40,Married,Diploma or secondary,From 5 to 10 years,From 5 to 10 years,Economic sector,Sales,Sales representative,Less than 5000 SAR,2,Yes,No,No,No,No,No,I did not receive any training,No,I do not travel for work,Low,No,High,Easy,Far,Medium,No,Yes,No,Yes,Low,Not satisfied,No
902,Yes,Female,31 to 40,Single,Bachelor's,From 5 to 10 years,Less than 5 years,Food production sector,Sales,Sales executive,Less than 5000 SAR,3,Yes,Yes,Yes,Yes,No,No,From 1 to 3 training programs,Yes,I do not travel for work,High,Yes,High,Easy,Close,Easy,Sometimes,No,No,No,Low,Not satisfied,Yes
903,No,Female,31 to 40,Single,Bachelor's,Less than 5 years,Less than 5 years,Food production sector,Sales,Salesman,Less than 5000 SAR,2,Yes,Yes,No,I don't have overtime,No,No,From 4 to 6 training programs,Yes,I do not travel for work,Low,Yes,High,Easy,Medium,Difficult,Yes,Yes,No,No,Medium,Satisfied,Yes
904,No,Female,21 to 30,Single,Diploma or secondary,Less than 5 years,Less than 5 years,Food production sector,Sales,Salesman,Less than 5000 SAR,2,Yes,Yes,Yes,Yes,Yes,No,From 4 to 6 training programs,Yes,I do not travel for work,Medium,Yes,Medium,Medium,Close,Medium,Yes,Sometimes,Yes,No,Medium,Satisfied,No
905,No,Female,21 to 30,Single,Bachelor's,Less than 5 years,Less than 5 years,Education sector,Administration,Manger assistant,From 5000 to 10000 S.R,1,No,Yes,Yes,Yes,Yes,Yes,From 1 to 3 training programs,Yes,Travel rarely,High,Yes,High,Easy,Medium,Medium,Sometimes,No,Yes,No,High,Very satisfied,No
906,No,Female,21 to 30,Single,Diploma or secondary,Less than 5 years,Less than 5 years,Economic sector,Sales,Sales representative,Less than 5000 SAR,1,Yes,Yes,Yes,Yes,No,No,I did not receive any training,Yes,I do not travel for work,Low,No,Low,Medium,Far,Medium,Yes,Yes,No,No,Low,Not satisfied,No
907,No,Female,21 to 30,Single,Diploma or secondary,Less than 5 years,Less than 5 years,Financial sector,Accounting,Financial Analyst,Less than 5000 SAR,0,Yes,Yes,Yes,Yes,No,No,From 1 to 3 training programs,Yes,Travel rarely,Medium,Yes,Medium,Easy,Medium,Easy,Sometimes,Sometimes,No,No,Medium,Satisfied,Yes
908,No,Female,31 to 40,Divorced,Diploma or secondary,From 5 to 10 years,From 5 to 10 years,Food production sector,Sales,Salesman,Less than 5000 SAR,1,Yes,Yes,Yes,Yes,No,No,From 1 to 3 training programs,No,I do not travel for work,Medium,No,Medium,Medium,Medium,Medium,Yes,Yes,No,No,Medium,Not satisfied,No
909,Yes,Female,21 to 30,Single,Diploma or secondary,Less than 5 years,Less than 5 years,Food production sector,Sales,Sales representative,Less than 5000 SAR,0,Yes,No,No,No,No,No,From 1 to 3 training programs,Yes,I do not travel for work,Medium,No,Medium,Medium,Medium,Medium,Yes,Sometimes,No,No,Medium,Not satisfied,No
910,Yes,Female,31 to 40,Single,Diploma or secondary,Less than 5 years,Less than 5 years,Economic sector,Accounting,Accountant,Less than 5000 SAR,0,No,No,Yes,Yes,No,No,I did not receive any training,No,I do not travel for work,Low,No,Medium,Medium,Medium,Medium,Yes,Yes,No,No,Medium,Not satisfied,No
911,No,Female,21 to 30,Single,Diploma or secondary,From 5 to 10 years,From 5 to 10 years,Food production sector,Sales,Sales representative,Less than 5000 SAR,2,Yes,Yes,Yes,Yes,No,Yes,From 4 to 6 training programs,Yes,I do not travel for work,Medium,Yes,Medium,Medium,Medium,Medium,Yes,Yes,No,No,Low,Satisfied,Yes
912,No,Male,21 to 30,Single,Diploma or secondary,Less than 5 years,Less than 5 years,Education sector,Training,Trainer,From 5000 to 10000 S.R,3,Yes,Yes,No,No,Yes,No,From 4 to 6 training programs,Yes,Travel rarely,Medium,Yes,High,Medium,Far,Easy,Yes,No,Yes,No,High,Very satisfied,Yes
913,Yes,Female,21 to 30,Single,Diploma or secondary,From 5 to 10 years,From 5 to 10 years,Food production sector,Sales,Sales executive,From 5000 to 10000 S.R,3,Yes,Yes,Yes,Yes,Yes,Yes,From 1 to 3 training programs,Yes,Travel rarely,Medium,Yes,Medium,Medium,Medium,Medium,Yes,Yes,Yes,No,Medium,Very satisfied,Yes
914,Yes,Female,21 to 30,Single,Bachelor's,Less than 5 years,Less than 5 years,Food production sector,Sales,Sales representative,Less than 5000 SAR,0,Yes,Yes,No,I don't have overtime,Yes,No,I did not receive any training,No,I do not travel for work,Medium,Yes,Medium,Medium,Medium,Medium,Sometimes,Sometimes,No,No,Medium,Satisfied,Yes
915,No,Female,31 to 40,Married,Diploma or secondary,Less than 5 years,Less than 5 years,Food production sector,Sales,Administrative manager,Less than 5000 SAR,0,No,No,Yes,Yes,Yes,Yes,I did not receive any training,No,I do not travel for work,Low,No,Low,Medium,Close,Medium,Sometimes,Sometimes,Yes,No,Medium,Satisfied,No
916,Yes,Male,31 to 40,Single,Bachelor's,From 5 to 10 years,Less than 5 years,Engineering consulting companies,Processes,Civil engineer,Less than 5000 SAR,0,No,No,No,No,No,No,I did not receive any training,No,I do not travel for work,Low,No,Low,Medium,Medium,Easy,Yes,Sometimes,No,No,Low,Not satisfied,No
917,Yes,Female,41 to 50,Married,Bachelor's,From 21 to 25 years,From 5 to 10 years,Education sector,Teaching,Teacher,Less than 5000 SAR,2,Yes,No,No,I don't have overtime,No,No,I did not receive any training,No,I do not travel for work,High,Yes,Medium,Medium,Medium,Medium,Yes,Yes,Yes,No,Medium,Satisfied,Yes
918,Yes,Male,21 to 30,Single,Diploma or secondary,From 5 to 10 years,Less than 5 years,Education sector,Customers service,Customer services representative,Less than 5000 SAR,0,No,No,No,I don't have overtime,No,No,I did not receive any training,No,I do not travel for work,Low,No,Low,Difficult,Close,Difficult,Sometimes,Yes,No,Yes,Low,Not satisfied,No
919,No,Male,31 to 40,Married,Diploma or secondary,Less than 5 years,Less than 5 years,Financial sector,Accounting,Financial Analyst,Less than 5000 SAR,0,No,No,No,I don't have overtime,No,No,I did not receive any training,No,I do not travel for work,Medium,Yes,Medium,Medium,Medium,Medium,Sometimes,No,No,No,Medium,Satisfied,Yes
920,Yes,Female,21 to 30,Single,Bachelor's,Less than 5 years,Less than 5 years,Communications and IT sector,Customers service,Customer services representative,From 5000 to 10000 S.R,0,Yes,No,No,I don't have overtime,No,No,From 1 to 3 training programs,Yes,I do not travel for work,High,Yes,Medium,Medium,Close,Medium,No,No,No,No,Medium,Satisfied,Yes
921,Yes,Male,31 to 40,Married,Bachelor's,From 5 to 10 years,From 5 to 10 years,Medical sector,HR,HR Specialist,From 11000 to 15000 S.R,2,Yes,Yes,Yes,Yes,Yes,Yes,From 1 to 3 training programs,Yes,Travel rarely,Medium,Yes,High,Medium,Far,Medium,No,No,No,No,Medium,Satisfied,Yes
922,No,Male,21 to 30,Single,Diploma or secondary,Less than 5 years,Less than 5 years,Economic sector,Relations,Relationships Specialist,From 5000 to 10000 S.R,0,Yes,No,No,I don't have overtime,No,No,From 4 to 6 training programs,Yes,I do not travel for work,Medium,Yes,Medium,Medium,Far,Medium,No,Sometimes,No,No,Medium,Satisfied,No
923,Yes,Male,31 to 40,Married,Master's,From 5 to 10 years,From 5 to 10 years,Education sector,Teaching,Lecturer,From 11000 to 15000 S.R,1,No,No,No,I don't have overtime,Yes,Yes,From 4 to 6 training programs,Yes,I do not travel for work,Medium,No,Medium,Medium,Medium,Medium,No,No,Yes,Yes,Medium,Satisfied,No
924,Yes,Male,31 to 40,Married,Bachelor's,From 5 to 10 years,From 5 to 10 years,Communications and IT sector,Sales,Sales executive,From 5000 to 10000 S.R,2,Yes,No,Yes,No,No,No,From 4 to 6 training programs,No,I do not travel for work,Medium,No,Medium,Medium,Medium,Difficult,No,No,No,No,Medium,Satisfied,Yes
925,Yes,Female,31 to 40,Married,Bachelor's,From 5 to 10 years,From 5 to 10 years,Economic sector,Administration,Manger assistant,From 5000 to 10000 S.R,1,Yes,Yes,No,I don't have overtime,Yes,Yes,From 1 to 3 training programs,Yes,I do not travel for work,Medium,Yes,Medium,Medium,Far,Medium,No,No,Yes,No,Medium,Satisfied,Yes
926,Yes,Female,21 to 30,Single,Diploma or secondary,Less than 5 years,Less than 5 years,Communications and IT sector,Customers service,Customer services representative,From 5000 to 10000 S.R,0,Yes,Yes,Yes,Yes,No,No,From 1 to 3 training programs,Yes,I do not travel for work,Medium,No,Low,Difficult,Medium,Medium,No,No,No,No,Medium,Satisfied,No
927,Yes,Male,31 to 40,Married,Bachelor's,From 5 to 10 years,From 5 to 10 years,Financial sector,Administration,Admin accountant,From 11000 to 15000 S.R,2,Yes,Yes,No,I don't have overtime,Yes,Yes,From 4 to 6 training programs,Yes,Travel rarely,Medium,Yes,High,Easy,Far,Medium,No,Sometimes,Yes,Yes,High,Satisfied,Yes
928,Yes,Female,21 to 30,Married,Bachelor's,From 5 to 10 years,Less than 5 years,Food production sector,Administration,Marketing Specialist,From 5000 to 10000 S.R,1,Yes,Yes,No,I don't have overtime,Yes,Yes,From 1 to 3 training programs,Yes,I do not travel for work,Medium,Yes,High,Medium,Close,Medium,No,Sometimes,No,No,Medium,Satisfied,Yes
929,Yes,Male,31 to 40,Married,Master's,From 5 to 10 years,From 5 to 10 years,Energy sector,Accounting,Accountant,From 5000 to 10000 S.R,1,Yes,Yes,No,I don't have overtime,Yes,No,From 1 to 3 training programs,Yes,I do not travel for work,High,Yes,High,Medium,Medium,Medium,No,Sometimes,No,No,Medium,Satisfied,No
930,No,Female,31 to 40,Married,Bachelor's,From 5 to 10 years,From 5 to 10 years,Education sector,Teaching,Teacher,From 5000 to 10000 S.R,0,No,No,No,I don't have overtime,Yes,Yes,From 7  training programs to more,Yes,I do not travel for work,High,Yes,High,Medium,Close,Medium,No,Sometimes,Yes,No,High,Satisfied,No
931,Yes,Female,21 to 30,Single,Bachelor's,From 5 to 10 years,Less than 5 years,Education sector,Teaching,Teacher,From 5000 to 10000 S.R,0,No,No,No,I don't have overtime,No,No,I did not receive any training,No,I do not travel for work,Low,No,Low,Difficult,Close,Easy,Sometimes,Sometimes,No,No,Medium,Not satisfied,Yes
932,No,Male,31 to 40,Married,Master's,From 5 to 10 years,From 5 to 10 years,Medical sector,Patient Affairs,Nurse,Less than 5000 SAR,3,Yes,Yes,Yes,Yes,Yes,Yes,From 4 to 6 training programs,Yes,Travel rarely,High,Yes,High,Medium,Medium,Medium,No,No,Yes,No,Medium,Satisfied,Yes
933,Yes,Male,21 to 30,Single,Diploma or secondary,From 5 to 10 years,From 5 to 10 years,Energy sector,Safety & Security,Security and safety specialist,Less than 5000 SAR,0,No,No,No,I don't have overtime,No,No,I did not receive any training,No,I do not travel for work,Low,No,Low,Difficult,Close,Easy,Sometimes,Sometimes,No,No,Low,Not satisfied,No
934,No,Female,31 to 40,Married,Master's,Less than 5 years,Less than 5 years,Medical sector,Patient Affairs,nurse,From 11000 to 15000 S.R,2,Yes,No,Yes,Yes,Yes,Yes,From 7  training programs to more,Yes,Travel rarely,High,Yes,High,Medium,Medium,Medium,No,No,Yes,No,High,Satisfied,Yes
935,Yes,Female,21 to 30,Married,Bachelor's,From 5 to 10 years,Less than 5 years,Education sector,Teaching,Teacher,From 5000 to 10000 S.R,0,No,No,No,No,No,No,I did not receive any training,No,I do not travel for work,Low,No,Low,Medium,Medium,Medium,Sometimes,Sometimes,No,No,Low,Not satisfied,No
936,No,Male,31 to 40,Married,Master's,From 11 to 15 years,From 11 to 15 years,Financial sector,Administration,Administrative manager,From 16000 to 20000 S.R,3,Yes,Yes,Yes,Yes,Yes,Yes,From 7  training programs to more,Yes,Travel frequently,High,Yes,High,Medium,Medium,Medium,No,No,Yes,No,High,Very satisfied,No
937,No,Female,31 to 40,Married,Bachelor's,From 5 to 10 years,From 5 to 10 years,Education sector,Administration,Administrative manager,From 11000 to 15000 S.R,2,Yes,Yes,Yes,Yes,Yes,Yes,From 7  training programs to more,Yes,Travel rarely,High,Yes,High,Medium,Medium,Medium,Sometimes,No,Yes,No,Medium,Very satisfied,No
938,No,Male,31 to 40,Married,Bachelor's,From 11 to 15 years,From 11 to 15 years,Education sector,Teaching,Teacher,From 5000 to 10000 S.R,0,Yes,Yes,Yes,Yes,Yes,Yes,From 7  training programs to more,Yes,I do not travel for work,High,Yes,High,Medium,Medium,Medium,No,Sometimes,Yes,No,Medium,Very satisfied,Yes
939,Yes,Female,21 to 30,Single,Bachelor's,From 5 to 10 years,Less than 5 years,Medical sector,Customers service,Receptionist,Less than 5000 SAR,1,Yes,Yes,Yes,Yes,Yes,Yes,From 7  training programs to more,Yes,I do not travel for work,High,Yes,Medium,Medium,Medium,Medium,Sometimes,Sometimes,Yes,No,Medium,Satisfied,No
940,No,Female,21 to 30,Single,Bachelor's,From 5 to 10 years,From 5 to 10 years,Medical sector,Patient Affairs,Nurse,Less than 5000 SAR,2,No,No,No,I don't have overtime,No,No,I did not receive any training,No,I do not travel for work,Low,No,Low,Medium,Close,Medium,Sometimes,Yes,No,No,Low,Not satisfied,No
941,Yes,Female,21 to 30,Single,Diploma or secondary,Less than 5 years,Less than 5 years,Medical sector,Customers service,Receptionist,Less than 5000 SAR,0,No,No,No,I don't have overtime,No,No,I did not receive any training,No,I do not travel for work,Low,No,Medium,Medium,Medium,Medium,Sometimes,Sometimes,No,No,Medium,Not satisfied,No
942,No,Female,31 to 40,Married,Bachelor's,From 5 to 10 years,From 5 to 10 years,Education sector,Teaching,Teacher,From 5000 to 10000 S.R,0,Yes,Yes,No,I don't have overtime,Yes,Yes,From 7  training programs to more,Yes,I do not travel for work,Medium,No,Medium,Medium,Medium,Medium,No,Sometimes,Yes,No,Medium,Satisfied,No
943,No,Male,31 to 40,Single,Master's,From 5 to 10 years,From 5 to 10 years,Medical sector,Patient Affairs,Nurse,Less than 5000 SAR,3,No,No,No,I don't have overtime,No,Yes,I did not receive any training,No,I do not travel for work,Medium,Yes,Medium,Difficult,Medium,Difficult,No,No,Yes,No,High,Satisfied,No
944,No,Female,21 to 30,Married,Bachelor's,Less than 5 years,Less than 5 years,Medical sector,Patient Affairs,Supervisor,From 11000 to 15000 S.R,2,Yes,No,Yes,I don't have overtime,Yes,Yes,I did not receive any training,Yes,Travel rarely,High,Yes,High,Medium,Medium,Medium,Sometimes,Sometimes,Yes,Yes,High,Very satisfied,Yes
945,Yes,Female,21 to 30,Married,Bachelor's,Less than 5 years,Less than 5 years,Medical sector,Customers service,Receptionist,Less than 5000 SAR,0,No,No,No,I don't have overtime,No,No,I did not receive any training,No,I do not travel for work,Low,No,Low,Medium,Close,Easy,Sometimes,Yes,No,No,Low,Not satisfied,No
946,No,Female,21 to 30,Married,Bachelor's,Less than 5 years,Less than 5 years,Medical sector,HR,Coordinator,Less than 5000 SAR,0,No,No,No,I don't have overtime,No,No,I did not receive any training,No,I do not travel for work,Low,Yes,High,Medium,Medium,Medium,No,No,No,No,Medium,Satisfied,No
947,Yes,Female,21 to 30,Single,Diploma or secondary,From 5 to 10 years,Less than 5 years,Education sector,Administration,Manger assistant,Less than 5000 SAR,0,No,No,No,I don't have overtime,No,No,I did not receive any training,No,I do not travel for work,Low,No,Low,Difficult,Medium,Medium,Sometimes,Sometimes,No,No,Low,Not satisfied,No
948,No,Female,31 to 40,Married,Bachelor's,From 5 to 10 years,From 5 to 10 years,Education sector,Teaching,Teacher,From 5000 to 10000 S.R,0,Yes,No,No,I don't have overtime,No,Yes,I did not receive any training,Yes,I do not travel for work,Low,Yes,Medium,Medium,Medium,Medium,No,No,Yes,No,Medium,Satisfied,No
949,No,Female,31 to 40,Married,Bachelor's,Less than 5 years,Less than 5 years,Education sector,Teaching,Teacher,From 5000 to 10000 S.R,0,No,No,No,I don't have overtime,No,No,I did not receive any training,No,I do not travel for work,Low,No,Low,Medium,Close,Easy,Sometimes,Yes,No,No,Low,Not satisfied,No
950,Yes,Male,21 to 30,Single,Diploma or secondary,From 5 to 10 years,Less than 5 years,Medical sector,Relations,Relationships Specialist,Less than 5000 SAR,0,No,No,No,I don't have overtime,No,No,I did not receive any training,No,I do not travel for work,Low,No,Low,Medium,Medium,Medium,No,No,No,No,Medium,Not satisfied,No
951,Yes,Male,21 to 30,Single,Diploma or secondary,From 5 to 10 years,Less than 5 years,Communications and IT sector,Customers service,Customer services representative,Less than 5000 SAR,0,No,No,No,I don't have overtime,No,No,I did not receive any training,No,I do not travel for work,Low,No,Low,Medium,Medium,Medium,Sometimes,No,No,No,Medium,Not satisfied,No
952,Yes,Male,21 to 30,Single,Bachelor's,From 5 to 10 years,Less than 5 years,Medical sector,Relations,Relationships Specialist,From 5000 to 10000 S.R,1,Yes,Yes,Yes,Yes,Yes,Yes,From 1 to 3 training programs,Yes,I do not travel for work,High,Yes,High,Difficult,Far,Difficult,Yes,Yes,Yes,Yes,High,Satisfied,Yes
953,Yes,Male,31 to 40,Married,Bachelor's,From 5 to 10 years,From 5 to 10 years,Energy sector,Processes,Electrical engineer,From 11000 to 15000 S.R,1,Yes,Yes,No,I don't have overtime,No,No,From 1 to 3 training programs,Yes,I do not travel for work,Medium,Yes,Medium,Medium,Medium,Medium,No,Sometimes,No,Yes,Medium,Satisfied,Yes
954,Yes,Female,21 to 30,Single,Bachelor's,Less than 5 years,Less than 5 years,Medical sector,Customers service,Customer services representative,From 5000 to 10000 S.R,0,Yes,Yes,No,I don't have overtime,Yes,No,From 1 to 3 training programs,Yes,I do not travel for work,Low,Yes,Medium,Difficult,Medium,Medium,No,Sometimes,No,No,Medium,Satisfied,Yes
955,Yes,Male,31 to 40,Married,Bachelor's,From 11 to 15 years,From 5 to 10 years,Financial sector,Administration,Financial Manager,From 16000 to 20000 S.R,1,Yes,Yes,Yes,Yes,Yes,Yes,From 1 to 3 training programs,Yes,Travel frequently,High,Yes,High,Easy,Far,Difficult,Yes,Yes,Yes,Yes,High,Very satisfied,Yes
956,Yes,Female,21 to 30,Single,Bachelor's,From 5 to 10 years,From 5 to 10 years,Economic sector,HR,Hiring specialist,From 11000 to 15000 S.R,1,Yes,Yes,Yes,Yes,Yes,No,I did not receive any training,No,I do not travel for work,Medium,Yes,Medium,Medium,Far,Difficult,Yes,Yes,Yes,No,Medium,Satisfied,Yes
957,Yes,Male,21 to 30,Single,Diploma or secondary,Less than 5 years,Less than 5 years,Communications and IT sector,Processes,Operations Supervisor,From 5000 to 10000 S.R,0,Yes,Yes,No,I don't have overtime,Yes,Yes,From 1 to 3 training programs,No,I do not travel for work,Medium,Yes,Medium,Medium,Medium,Medium,No,No,Yes,Yes,Medium,Satisfied,Yes
958,Yes,Male,31 to 40,Married,Bachelor's,From 5 to 10 years,From 5 to 10 years,Medical sector,Administration,Administrative manager,From 11000 to 15000 S.R,1,Yes,Yes,Yes,Yes,Yes,No,From 4 to 6 training programs,Yes,I do not travel for work,High,Yes,High,Medium,Medium,Medium,No,No,No,No,Medium,Satisfied,Yes
959,Yes,Female,21 to 30,Single,Bachelor's,Less than 5 years,Less than 5 years,Energy sector,Accounting,Accountant,From 5000 to 10000 S.R,0,Yes,Yes,No,I don't have overtime,No,No,From 1 to 3 training programs,Yes,I do not travel for work,Medium,Yes,Medium,Medium,Medium,Difficult,No,No,No,No,Medium,Satisfied,Yes
960,Yes,Male,41 to 50,Married,Bachelor's,From 11 to 15 years,From 11 to 15 years,Economic sector,Administration,Administrative manager,From 11000 to 15000 S.R,0,Yes,Yes,Yes,Yes,Yes,Yes,From 4 to 6 training programs,Yes,Travel frequently,Medium,Yes,Medium,Medium,Medium,Medium,No,No,Yes,Yes,Medium,Satisfied,Yes
961,Yes,Female,21 to 30,Married,Bachelor's,From 5 to 10 years,From 5 to 10 years,Communications and IT sector,Sales,Sales executive,From 5000 to 10000 S.R,0,Yes,Yes,Yes,Yes,Yes,No,From 1 to 3 training programs,Yes,I do not travel for work,Medium,Yes,Low,Difficult,Medium,Medium,No,Sometimes,Yes,No,Medium,Satisfied,Yes
962,Yes,Male,31 to 40,Single,Bachelor's,From 5 to 10 years,From 5 to 10 years,Financial sector,Administration,Financial Manager,From 11000 to 15000 S.R,1,Yes,Yes,Yes,Yes,Yes,Yes,From 1 to 3 training programs,Yes,Travel rarely,High,Yes,High,Medium,Medium,Difficult,Yes,Sometimes,Yes,Yes,Medium,Very satisfied,Yes
963,Yes,Male,21 to 30,Single,Bachelor's,Less than 5 years,Less than 5 years,Medical sector,Customers service,Customer services representative,From 5000 to 10000 S.R,0,Yes,No,No,I don't have overtime,No,No,From 1 to 3 training programs,Yes,I do not travel for work,Medium,No,Medium,Difficult,Far,Difficult,Yes,Yes,No,Yes,Low,Satisfied,Yes
964,Yes,Female,21 to 30,Single,Bachelor's,From 5 to 10 years,From 5 to 10 years,Food production sector,Accounting,Accountant,From 5000 to 10000 S.R,0,Yes,No,No,I don't have overtime,No,No,From 4 to 6 training programs,Yes,I do not travel for work,High,No,Medium,Medium,Far,Medium,Yes,Yes,Yes,No,Medium,Satisfied,No
965,Yes,Female,31 to 40,Married,Bachelor's,From 5 to 10 years,From 5 to 10 years,Economic sector,Administration,Marketing Specialist,From 5000 to 10000 S.R,0,Yes,Yes,Yes,Yes,Yes,Yes,From 1 to 3 training programs,Yes,Travel rarely,Medium,Yes,High,Medium,Medium,Medium,No,No,Yes,Yes,Medium,Satisfied,Yes
966,Yes,Male,31 to 40,Single,Master's,From 5 to 10 years,From 5 to 10 years,Financial sector,Accounting,Admin accountant,From 11000 to 15000 S.R,1,Yes,Yes,No,I don't have overtime,Yes,Yes,From 7  training programs to more,Yes,Travel rarely,Medium,Yes,High,Medium,Far,Medium,No,No,Yes,No,Medium,Satisfied,Yes
967,Yes,Male,31 to 40,Married,Bachelor's,From 5 to 10 years,From 5 to 10 years,Food production sector,HR,Hiring specialist,From 11000 to 15000 S.R,0,Yes,No,No,I don't have overtime,Yes,No,From 1 to 3 training programs,Yes,I do not travel for work,Medium,Yes,Medium,Medium,Medium,Medium,No,No,No,No,Medium,Satisfied,Yes
968,Yes,Female,21 to 30,Single,Bachelor's,Less than 5 years,Less than 5 years,Medical sector,Technical support,it specialist,From 5000 to 10000 S.R,0,Yes,No,No,I don't have overtime,No,No,From 1 to 3 training programs,Yes,I do not travel for work,Medium,Yes,Medium,Medium,Medium,Medium,No,No,No,No,Medium,Satisfied,Yes
969,Yes,Male,31 to 40,Married,Master's,From 5 to 10 years,From 5 to 10 years,Education sector,Teaching,Lecturer,From 11000 to 15000 S.R,1,Yes,Yes,No,I don't have overtime,Yes,Yes,From 1 to 3 training programs,Yes,I do not travel for work,Medium,Yes,Medium,Medium,Far,Medium,No,Sometimes,Yes,No,Medium,Satisfied,Yes
970,Yes,Male,21 to 30,Single,Bachelor's,Less than 5 years,Less than 5 years,"Environment, Water, and Agriculture sector",Sales,Sales executive,From 5000 to 10000 S.R,0,Yes,Yes,Yes,No,No,No,From 1 to 3 training programs,No,Travel rarely,Medium,Yes,Low,Medium,Close,Medium,No,Sometimes,No,No,Medium,Satisfied,No
971,Yes,Female,21 to 30,Single,Master's,From 5 to 10 years,From 5 to 10 years,Communications and IT sector,Relations,Relationships Specialist,From 5000 to 10000 S.R,0,Yes,Yes,Yes,Yes,Yes,Yes,From 1 to 3 training programs,Yes,I do not travel for work,High,Yes,Medium,Medium,Medium,Difficult,No,Yes,Yes,Yes,Medium,Satisfied,Yes
972,Yes,Female,31 to 40,Married,Bachelor's,From 5 to 10 years,From 5 to 10 years,Media sector,Administration,Administrative manager,From 11000 to 15000 S.R,1,Yes,Yes,Yes,Yes,Yes,Yes,From 1 to 3 training programs,Yes,Travel frequently,High,Yes,Medium,Easy,Far,Difficult,No,Sometimes,Yes,Yes,High,Very satisfied,Yes
973,Yes,Male,31 to 40,Married,Bachelor's,From 5 to 10 years,Less than 5 years,Energy sector,HR,Hiring specialist,From 11000 to 15000 S.R,0,Yes,Yes,Yes,Yes,Yes,Yes,From 1 to 3 training programs,Yes,Travel rarely,Medium,Yes,Medium,Medium,Close,Medium,No,Sometimes,Yes,No,Medium,Satisfied,Yes
974,Yes,Male,31 to 40,Married,Bachelor's,From 5 to 10 years,Less than 5 years,Financial sector,Administration,Financial Manager,From 16000 to 20000 S.R,1,Yes,Yes,No,I don't have overtime,Yes,Yes,From 4 to 6 training programs,Yes,Travel rarely,Medium,Yes,Medium,Medium,Close,Difficult,No,Yes,Yes,Yes,Medium,Satisfied,Yes
975,Yes,Female,21 to 30,Married,Bachelor's,From 5 to 10 years,Less than 5 years,Food production sector,HR,Hiring specialist,From 11000 to 15000 S.R,1,Yes,Yes,Yes,Yes,Yes,Yes,From 1 to 3 training programs,Yes,I do not travel for work,High,Yes,Medium,Medium,Close,Medium,Sometimes,Sometimes,Yes,No,High,Very satisfied,Yes
976,Yes,Female,21 to 30,Married,Bachelor's,From 5 to 10 years,Less than 5 years,Transport sector,Processes,Purchase specialist,From 11000 to 15000 S.R,0,Yes,Yes,Yes,Yes,Yes,Yes,From 1 to 3 training programs,Yes,Travel rarely,Medium,Yes,Medium,Medium,Medium,Medium,No,Sometimes,Yes,Yes,High,Satisfied,Yes
977,No,Male,21 to 30,Married,Bachelor's,From 5 to 10 years,From 5 to 10 years,Energy sector,Processes,Operations Supervisor,From 5000 to 10000 S.R,2,Yes,Yes,Yes,Yes,Yes,Yes,From 7  training programs to more,Yes,I do not travel for work,High,Yes,High,Medium,Medium,Easy,Sometimes,No,Yes,No,High,Very satisfied,Yes
978,No,Female,31 to 40,Married,Bachelor's,From 5 to 10 years,From 5 to 10 years,Education sector,Teaching,Teacher,From 5000 to 10000 S.R,0,No,No,No,I don't have overtime,Yes,Yes,From 7  training programs to more,Yes,I do not travel for work,High,Yes,High,Medium,Medium,Medium,Sometimes,Sometimes,Yes,No,Medium,Satisfied,No
979,No,Female,31 to 40,Married,Bachelor's,Less than 5 years,Less than 5 years,Medical sector,Patient Affairs,Nurse,Less than 5000 SAR,3,No,Yes,Yes,I don't have overtime,Yes,Yes,From 7  training programs to more,Yes,I do not travel for work,High,Yes,High,Medium,Medium,Medium,Sometimes,Sometimes,Yes,No,Medium,Satisfied,No
980,No,Male,31 to 40,Married,Bachelor's,From 5 to 10 years,From 5 to 10 years,Medical sector,Administration,Supervisor,From 5000 to 10000 S.R,2,Yes,Yes,Yes,Yes,Yes,Yes,From 7  training programs to more,Yes,Travel rarely,High,Yes,High,Medium,Medium,Medium,No,No,Yes,Yes,High,Satisfied,Yes
981,No,Female,31 to 40,Married,Bachelor's,From 5 to 10 years,From 5 to 10 years,Education sector,Teaching,Teacher,From 5000 to 10000 S.R,0,Yes,Yes,Yes,Yes,Yes,Yes,From 7  training programs to more,Yes,Travel rarely,High,Yes,High,Medium,Medium,Medium,Sometimes,Sometimes,Yes,Yes,High,Satisfied,Yes
982,No,Female,31 to 40,Married,Bachelor's,From 5 to 10 years,From 5 to 10 years,Education sector,Teaching,Teacher,From 5000 to 10000 S.R,0,Yes,Yes,No,No,Yes,Yes,From 7  training programs to more,Yes,Travel rarely,Medium,No,Medium,Medium,Medium,Medium,No,No,Yes,Yes,Medium,Not satisfied,Yes
983,Yes,Female,31 to 40,Married,Master's,From 5 to 10 years,Less than 5 years,Financial sector,technical support,Data entry operator,From 5000 to 10000 S.R,2,Yes,No,No,No,No,No,I did not receive any training,No,I do not travel for work,Low,No,Low,Medium,Medium,Medium,No,No,No,Yes,Medium,Not satisfied,No
984,No,Female,31 to 40,Married,Bachelor's,Less than 5 years,Less than 5 years,Communications and IT sector,Customers service,Customer services representative,From 5000 to 10000 S.R,2,Yes,Yes,Yes,Yes,Yes,Yes,From 1 to 3 training programs,Yes,Travel rarely,High,Yes,High,Medium,Close,Medium,Sometimes,Sometimes,Yes,No,Medium,Satisfied,No
985,No,Female,21 to 30,Married,Diploma or secondary,From 5 to 10 years,From 5 to 10 years,Education sector,Administration,Manger assistant,From 5000 to 10000 S.R,0,Yes,No,No,No,Yes,No,From 1 to 3 training programs,Yes,I do not travel for work,High,Yes,High,Medium,Close,Difficult,No,Sometimes,Yes,No,Medium,Satisfied,No
986,No,Female,31 to 40,Married,Master's,From 5 to 10 years,From 5 to 10 years,Education sector,Administration,Administrative manager,From 5000 to 10000 S.R,0,Yes,Yes,No,No,Yes,Yes,From 7  training programs to more,Yes,Travel rarely,High,Yes,High,Medium,Medium,Medium,Sometimes,Sometimes,Yes,Yes,High,Very satisfied,Yes
987,No,Female,21 to 30,Single,Diploma or secondary,Less than 5 years,Less than 5 years,Medical sector,Customers service,Receptionist,From 5000 to 10000 S.R,0,Yes,Yes,Yes,Yes,Yes,Yes,From 1 to 3 training programs,Yes,I do not travel for work,High,Yes,High,Medium,Far,Difficult,Yes,Yes,No,No,Medium,Not satisfied,Yes
988,Yes,Female,31 to 40,Married,Bachelor's,From 5 to 10 years,From 5 to 10 years,Medical sector,Patient Affairs,Pharmacist,From 5000 to 10000 S.R,2,Yes,Yes,Yes,No,Yes,Yes,I did not receive any training,No,I do not travel for work,Medium,Yes,Medium,Medium,Medium,Medium,No,No,No,Yes,Medium,Satisfied,Yes
989,No,Male,31 to 40,Divorced,Bachelor's,Less than 5 years,Less than 5 years,Medical sector,Patient Affairs,Nurse,Less than 5000 SAR,3,Yes,Yes,Yes,Yes,Yes,Yes,From 4 to 6 training programs,Yes,Travel rarely,High,Yes,High,Medium,Medium,Medium,No,No,Yes,No,Medium,Satisfied,No
990,No,Female,21 to 30,Single,Diploma or secondary,Less than 5 years,Less than 5 years,Education sector,Relations,Coordinator,From 5000 to 10000 S.R,0,Yes,Yes,Yes,Yes,Yes,Yes,From 7  training programs to more,Yes,Travel rarely,High,Yes,High,Medium,Medium,Difficult,No,No,Yes,Yes,High,Satisfied,Yes
991,No,Female,21 to 30,Married,Bachelor's,Less than 5 years,Less than 5 years,Medical sector,Customers service,Receptionist,From 5000 to 10000 S.R,0,Yes,No,Yes,No,Yes,Yes,From 7  training programs to more,Yes,Travel rarely,Medium,Yes,Medium,Medium,Medium,Medium,No,No,No,No,Medium,Satisfied,Yes
992,No,Female,21 to 30,Married,Bachelor's,Less than 5 years,Less than 5 years,Medical sector,Patient Affairs,Nurse,Less than 5000 SAR,3,Yes,Yes,Yes,No,Yes,Yes,From 1 to 3 training programs,Yes,Travel frequently,High,Yes,High,Medium,Medium,Medium,No,No,Yes,No,High,Satisfied,No
993,No,Female,21 to 30,Married,Diploma or secondary,Less than 5 years,Less than 5 years,Medical sector,Customers service,Receptionist,Less than 5000 SAR,0,Yes,Yes,Yes,Yes,Yes,Yes,From 4 to 6 training programs,Yes,I do not travel for work,Medium,Yes,Medium,Easy,Close,Medium,Yes,No,Yes,No,Medium,Satisfied,No
994,No,Female,31 to 40,Married,Bachelor's,From 5 to 10 years,From 5 to 10 years,Medical sector,Patient Affairs,Nurse,From 5000 to 10000 S.R,3,Yes,Yes,Yes,Yes,Yes,Yes,From 4 to 6 training programs,Yes,Travel rarely,Medium,Yes,High,Medium,Medium,Medium,No,Yes,Yes,No,High,Satisfied,Yes
995,Yes,Female,21 to 30,Married,Bachelor's,From 5 to 10 years,Less than 5 years,Education sector,Teaching,Teacher,From 5000 to 10000 S.R,0,No,No,No,I don't have overtime,No,No,I did not receive any training,No,I do not travel for work,Low,No,Low,Medium,Close,Medium,Sometimes,Yes,No,No,Low,Not satisfied,Yes
996,No,Female,21 to 30,Single,Bachelor's,Less than 5 years,Less than 5 years,Financial sector,Customers service,Receptionist,From 5000 to 10000 S.R,0,Yes,Yes,Yes,No,Yes,Yes,From 7  training programs to more,Yes,I do not travel for work,High,Yes,High,Medium,Medium,Medium,No,No,Yes,Yes,Medium,Satisfied,No
997,No,Female,31 to 40,Married,Bachelor's,Less than 5 years,Less than 5 years,Medical sector,Patient Affairs,Nurse,Less than 5000 SAR,2,Yes,Yes,Yes,No,Yes,Yes,From 4 to 6 training programs,Yes,Travel rarely,High,Yes,High,Medium,Medium,Medium,No,No,Yes,Yes,Medium,Satisfied,Yes
998,Yes,Female,21 to 30,Single,Bachelor's,From 5 to 10 years,Less than 5 years,Medical sector,Customers service,Receptionist,Less than 5000 SAR,0,No,No,No,I don't have overtime,No,No,From 4 to 6 training programs,Yes,I do not travel for work,Medium,No,Medium,Medium,Medium,Medium,No,Yes,No,No,Medium,Not satisfied,No
999,No,Female,31 to 40,Married,Bachelor's,Less than 5 years,Less than 5 years,Communications and IT sector,Customers service,Customer services representative,From 5000 to 10000 S.R,0,Yes,Yes,Yes,Yes,Yes,Yes,From 1 to 3 training programs,Yes,I do not travel for work,High,Yes,Low,Difficult,Far,Difficult,No,No,No,Yes,Low,Not satisfied,No
1000,No,Female,21 to 30,Married,Bachelor's,Less than 5 years,Less than 5 years,"Environment, Water, and Agriculture sector",Accounting,Accountant,From 5000 to 10000 S.R,0,No,No,Yes,Yes,Yes,Yes,From 7  training programs to more,Yes,I do not travel for work,Medium,Yes,High,Medium,Medium,Medium,No,No,No,No,Medium,Satisfied,No
1001,No,Female,31 to 40,Married,Bachelor's,From 5 to 10 years,From 5 to 10 years,Medical sector,Customers service,Receptionist,From 5000 to 10000 S.R,0,Yes,Yes,Yes,Yes,Yes,Yes,From 1 to 3 training programs,Yes,I do not travel for work,Medium,Yes,High,Medium,Close,Medium,No,No,Yes,No,Medium,Satisfied,Yes
1002,No,Female,21 to 30,Married,Bachelor's,From 5 to 10 years,From 5 to 10 years,Medical sector,Patient Affairs,Nurse,Less than 5000 SAR,2,Yes,Yes,Yes,Yes,Yes,Yes,From 1 to 3 training programs,Yes,Travel frequently,High,Yes,High,Difficult,Far,Difficult,No,No,No,No,Medium,Not satisfied,No
1003,No,Female,21 to 30,Single,Bachelor's,Less than 5 years,Less than 5 years,Financial sector,Customers service,Receptionist,From 5000 to 10000 S.R,0,Yes,Yes,Yes,Yes,Yes,Yes,From 1 to 3 training programs,Yes,Travel rarely,Medium,Yes,High,Medium,Close,Medium,Sometimes,Sometimes,Yes,No,Medium,Very satisfied,Yes
1004,No,Female,31 to 40,Married,Bachelor's,From 5 to 10 years,From 5 to 10 years,Energy sector,Customers service,Customer services representative,From 5000 to 10000 S.R,0,Yes,Yes,Yes,I don't have overtime,Yes,No,From 7  training programs to more,Yes,Travel rarely,Medium,Yes,High,Medium,Medium,Medium,No,No,No,Yes,Medium,Not satisfied,No
1005,No,Female,21 to 30,Married,Bachelor's,From 5 to 10 years,From 5 to 10 years,Food production sector,Sales,Sales representative,From 5000 to 10000 S.R,0,No,No,Yes,Yes,Yes,Yes,From 4 to 6 training programs,Yes,Travel frequently,High,Yes,High,Medium,Medium,Medium,No,No,No,No,Medium,Satisfied,No
1006,Yes,Female,21 to 30,Married,Diploma or secondary,From 5 to 10 years,From 5 to 10 years,Medical sector,Customers service,Receptionist,From 5000 to 10000 S.R,0,Yes,No,No,I don't have overtime,Yes,Yes,I did not receive any training,No,I do not travel for work,Medium,No,Medium,Medium,Medium,Medium,Sometimes,Sometimes,No,Yes,Medium,Not satisfied,Yes
1007,Yes,Male,21 to 30,Single,Bachelor's,Less than 5 years,Less than 5 years,Communications and IT sector,Sales,Sales executive,From 5000 to 10000 S.R,0,Yes,Yes,No,I don't have overtime,No,No,From 1 to 3 training programs,Yes,I do not travel for work,High,Yes,High,Medium,Medium,Medium,Sometimes,Sometimes,Yes,No,High,Satisfied,Yes
1008,Yes,Male,31 to 40,Married,Bachelor's,From 5 to 10 years,From 5 to 10 years,"Environment, Water, and Agriculture sector",Processes,Purchase specialist,From 11000 to 15000 S.R,1,Yes,Yes,No,I don't have overtime,Yes,No,From 1 to 3 training programs,Yes,Travel rarely,High,Yes,High,Medium,Medium,Difficult,Yes,Yes,Yes,No,High,Satisfied,Yes
1009,Yes,Female,31 to 40,Single,Bachelor's,From 5 to 10 years,From 5 to 10 years,Financial sector,Administration,Financial Manager,From 11000 to 15000 S.R,1,Yes,Yes,Yes,Yes,Yes,Yes,From 1 to 3 training programs,Yes,Travel rarely,High,Yes,High,Medium,Close,Medium,No,Sometimes,Yes,No,Medium,Satisfied,Yes
1010,Yes,Male,21 to 30,Single,Diploma or secondary,Less than 5 years,Less than 5 years,Food production sector,Processes,Quality controller,From 5000 to 10000 S.R,0,Yes,No,No,I don't have overtime,No,No,From 1 to 3 training programs,No,I do not travel for work,Medium,No,Medium,Difficult,Medium,Medium,Sometimes,Sometimes,No,No,Medium,Satisfied,Yes
1011,Yes,Female,21 to 30,Married,Master's,Less than 5 years,Less than 5 years,Education sector,Administration,Manger assistant,Less than 5000 SAR,0,Yes,No,No,I don't have overtime,No,No,From 7  training programs to more,Yes,I do not travel for work,Medium,Yes,Medium,Medium,Medium,Medium,Sometimes,Sometimes,Yes,No,Medium,Satisfied,Yes
1012,Yes,Male,31 to 40,Married,Bachelor's,From 5 to 10 years,From 5 to 10 years,Economic sector,Administration,Administrative manager,From 11000 to 15000 S.R,1,Yes,Yes,No,I don't have overtime,Yes,Yes,From 4 to 6 training programs,Yes,Travel rarely,High,Yes,High,Medium,Medium,Medium,Sometimes,Sometimes,Yes,No,Medium,Satisfied,Yes
1013,Yes,Female,21 to 30,Single,Bachelor's,From 5 to 10 years,Less than 5 years,Transport sector,Marketing,Marketing Specialist,From 5000 to 10000 S.R,1,Yes,Yes,Yes,Yes,Yes,Yes,From 1 to 3 training programs,Yes,Travel rarely,High,Yes,High,Easy,Medium,Medium,No,Sometimes,Yes,No,Medium,Satisfied,Yes
1014,Yes,Female,31 to 40,Married,Bachelor's,From 5 to 10 years,From 5 to 10 years,Medical sector,Relations,Relationships Specialist,From 11000 to 15000 S.R,1,Yes,Yes,No,I don't have overtime,No,No,From 4 to 6 training programs,Yes,Travel rarely,Medium,Yes,High,Medium,Medium,Medium,Yes,Yes,Yes,Yes,High,Satisfied,Yes
1015,Yes,Male,31 to 40,Married,Master's,From 5 to 10 years,From 5 to 10 years,Economic sector,Administration,Administrative manager,From 11000 to 15000 S.R,2,Yes,Yes,Yes,Yes,Yes,Yes,From 1 to 3 training programs,Yes,Travel frequently,High,Yes,Medium,Medium,Medium,Medium,No,Sometimes,Yes,Yes,Medium,Satisfied,Yes
1016,Yes,Female,21 to 30,Single,Diploma or secondary,From 5 to 10 years,Less than 5 years,Medical sector,Customers service,Customer services representative,From 5000 to 10000 S.R,0,Yes,Yes,No,I don't have overtime,No,No,From 1 to 3 training programs,Yes,I do not travel for work,Medium,Yes,Medium,Difficult,Medium,Difficult,Sometimes,Sometimes,No,No,Medium,Satisfied,Yes
1017,Yes,Male,31 to 40,Married,Bachelor's,From 5 to 10 years,From 5 to 10 years,Financial sector,HR,Hiring specialist,From 16000 to 20000 S.R,2,Yes,Yes,No,I don't have overtime,Yes,No,From 1 to 3 training programs,Yes,Travel rarely,Medium,Yes,Medium,Medium,Close,Medium,Sometimes,Sometimes,No,No,Medium,Satisfied,Yes
1018,Yes,Female,21 to 30,Single,Bachelor's,Less than 5 years,Less than 5 years,Financial sector,Accounting,Financial Analyst,From 5000 to 10000 S.R,1,Yes,Yes,No,I don't have overtime,Yes,Yes,From 4 to 6 training programs,Yes,I do not travel for work,High,Yes,Medium,Medium,Close,Medium,No,Sometimes,No,No,Medium,Satisfied,Yes
1019,Yes,Male,21 to 30,Married,Bachelor's,From 5 to 10 years,Less than 5 years,Communications and IT sector,Sales,Sales executive,From 5000 to 10000 S.R,0,Yes,Yes,Yes,Yes,Yes,Yes,From 1 to 3 training programs,Yes,Travel rarely,Medium,Yes,Medium,Medium,Medium,Medium,Sometimes,Sometimes,Yes,Yes,Medium,Satisfied,Yes
1020,Yes,Female,31 to 40,Married,Bachelor's,From 5 to 10 years,Less than 5 years,Economic sector,HR,Hiring specialist,From 11000 to 15000 S.R,1,Yes,Yes,Yes,No,Yes,Yes,From 1 to 3 training programs,Yes,Travel rarely,Medium,Yes,Medium,Medium,Medium,Medium,No,Sometimes,Yes,Yes,Medium,Satisfied,Yes
1021,Yes,Female,21 to 30,Single,Bachelor's,From 5 to 10 years,Less than 5 years,Energy sector,Sales,Purchase specialist,From 11000 to 15000 S.R,0,Yes,Yes,Yes,Yes,Yes,Yes,From 1 to 3 training programs,No,Travel rarely,Medium,Yes,Medium,Medium,Medium,Medium,Yes,Yes,Yes,No,High,Satisfied,Yes
1022,No,Male,31 to 40,Married,Bachelor's,Less than 5 years,Less than 5 years,Medical sector,Patient Affairs,Pharmacist,From 5000 to 10000 S.R,0,No,No,Yes,Yes,No,No,I did not receive any training,No,I do not travel for work,Low,No,High,Difficult,Far,Difficult,Yes,Yes,No,No,Low,Not satisfied,Yes
1023,No,Male,31 to 40,Single,Diploma or secondary,Less than 5 years,Less than 5 years,Medical sector,Customers service,Receptionist,Less than 5000 SAR,0,Yes,No,Yes,Yes,No,No,I did not receive any training,Yes,I do not travel for work,Medium,Yes,Medium,Easy,Far,Easy,Sometimes,Sometimes,No,Yes,High,Satisfied,No
1024,Yes,Female,21 to 30,Single,Bachelor's,Less than 5 years,Less than 5 years,Medical sector,Customers service,Receptionist,Less than 5000 SAR,0,Yes,Yes,Yes,Yes,No,No,From 1 to 3 training programs,No,I do not travel for work,Low,No,Low,Easy,Close,Medium,Yes,Yes,No,No,Low,Not satisfied,Yes
1025,No,Female,21 to 30,Single,Bachelor's,Less than 5 years,Less than 5 years,Food production sector,Sales,Salesman,Less than 5000 SAR,2,Yes,No,No,I don't have overtime,Yes,No,From 1 to 3 training programs,Yes,I do not travel for work,Medium,Yes,Medium,Medium,Medium,Medium,Sometimes,Sometimes,Yes,No,Medium,Satisfied,Yes
1026,No,Female,21 to 30,Single,Bachelor's,Less than 5 years,Less than 5 years,Transport sector,Administration,Manger assistant,From 5000 to 10000 S.R,3,Yes,No,No,No,Yes,Yes,From 7  training programs to more,No,Travel rarely,Medium,Yes,High,Medium,Medium,Medium,No,No,Yes,No,High,Very satisfied,Yes
1027,No,Female,31 to 40,Single,Bachelor's,Less than 5 years,Less than 5 years,Medical sector,Patient Affairs,Nurse,Less than 5000 SAR,1,Yes,No,No,No,No,No,From 1 to 3 training programs,Yes,I do not travel for work,Medium,Yes,Medium,Medium,Medium,Medium,Sometimes,Sometimes,Yes,No,High,Satisfied,Yes
1028,No,Female,21 to 30,Single,Bachelor's,Less than 5 years,Less than 5 years,Medical sector,Patient Affairs,Nurse,From 5000 to 10000 S.R,1,No,No,Yes,Yes,No,No,From 1 to 3 training programs,No,I do not travel for work,Medium,No,Medium,Easy,Far,Medium,Sometimes,Sometimes,Yes,No,Medium,Satisfied,No
1029,No,Female,31 to 40,Married,Bachelor's,Less than 5 years,Less than 5 years,Medical sector,Patient Affairs,nurse,Less than 5000 SAR,3,Yes,Yes,No,No,No,No,I did not receive any training,No,I do not travel for work,Medium,No,Medium,Medium,Medium,Medium,Yes,Sometimes,No,No,Medium,Satisfied,Yes
1030,No,Female,21 to 30,Single,Bachelor's,Less than 5 years,Less than 5 years,Food production sector,Sales,Sales representative,Less than 5000 SAR,2,Yes,No,Yes,Yes,No,No,From 1 to 3 training programs,Yes,I do not travel for work,Medium,No,Medium,Difficult,Medium,Difficult,Sometimes,Yes,No,No,Medium,Not satisfied,Yes
1031,Yes,Male,21 to 30,Single,Diploma or secondary,Less than 5 years,Less than 5 years,"Environment, Water, and Agriculture sector",Customers service,Customer services representative,Less than 5000 SAR,0,Yes,No,No,I don't have overtime,No,No,I did not receive any training,Yes,I do not travel for work,Medium,No,Medium,Difficult,Far,Medium,Yes,Sometimes,No,No,Medium,Satisfied,No
1032,No,Female,21 to 30,Single,Bachelor's,Less than 5 years,Less than 5 years,Medical sector,Customers service,Social worker,Less than 5000 SAR,0,Yes,Yes,No,I don't have overtime,No,No,I did not receive any training,No,I do not travel for work,Medium,Yes,Medium,Medium,Close,Medium,Sometimes,Sometimes,No,No,Medium,Satisfied,Yes
1033,Yes,Female,21 to 30,Single,Bachelor's,Less than 5 years,Less than 5 years,Food production sector,Accounting,Accountant,Less than 5000 SAR,0,No,No,Yes,No,No,No,I did not receive any training,No,I do not travel for work,Low,No,Low,Difficult,Close,Difficult,Yes,Yes,No,No,Medium,Not satisfied,No
1034,No,Male,21 to 30,Single,Diploma or secondary,Less than 5 years,Less than 5 years,Medical sector,Customers service,Receptionist,Less than 5000 SAR,0,Yes,No,No,I don't have overtime,Yes,Yes,I did not receive any training,Yes,I do not travel for work,Medium,Yes,Medium,Medium,Medium,Medium,No,No,Yes,No,High,Satisfied,No
1035,No,Female,21 to 30,Single,Bachelor's,Less than 5 years,Less than 5 years,Medical sector,Patient Affairs,Nurse,Less than 5000 SAR,2,Yes,Yes,No,I don't have overtime,No,No,From 1 to 3 training programs,Yes,I do not travel for work,Low,Yes,Medium,Medium,Medium,Easy,Yes,Yes,No,No,High,Satisfied,Yes
1036,No,Male,21 to 30,Single,Bachelor's,Less than 5 years,Less than 5 years,Medical sector,Patient Affairs,Pharmacist,From 11000 to 15000 S.R,1,Yes,No,Yes,Yes,Yes,No,From 1 to 3 training programs,Yes,I do not travel for work,Medium,No,High,Medium,Close,Difficult,Yes,Yes,No,Yes,Medium,Satisfied,No
1037,Yes,Male,31 to 40,Married,Bachelor's,From 5 to 10 years,Less than 5 years,Medical sector,Patient Affairs,Pharmacist,From 5000 to 10000 S.R,1,Yes,Yes,Yes,Yes,No,No,From 1 to 3 training programs,Yes,I do not travel for work,Medium,No,High,Medium,Far,Medium,Yes,Yes,Yes,No,Medium,Not satisfied,Yes
1038,No,Female,21 to 30,Married,Bachelor's,Less than 5 years,Less than 5 years,Industry sector,Processes,Quality Specialist,From 5000 to 10000 S.R,2,No,No,No,I don't have overtime,No,No,From 1 to 3 training programs,Yes,I do not travel for work,Medium,No,High,Difficult,Far,Difficult,Yes,Yes,No,No,Medium,Not satisfied,No
1039,Yes,Female,31 to 40,Married,Bachelor's,Less than 5 years,Less than 5 years,Medical sector,Patient Affairs,Nurse,Less than 5000 SAR,0,Yes,Yes,Yes,Yes,Yes,No,From 1 to 3 training programs,Yes,I do not travel for work,Medium,Yes,Medium,Medium,Medium,Medium,Sometimes,Sometimes,No,No,Medium,Satisfied,Yes
1040,Yes,Female,31 to 40,Married,Master's,From 5 to 10 years,From 5 to 10 years,Medical sector,Patient Affairs,Nutrition specialist,Less than 5000 SAR,2,Yes,Yes,Yes,Yes,Yes,No,From 1 to 3 training programs,Yes,I do not travel for work,Medium,Yes,Medium,Easy,Medium,Easy,Sometimes,Yes,Yes,No,High,Very satisfied,Yes
1041,No,Male,31 to 40,Married,Master's,From 5 to 10 years,From 5 to 10 years,Medical sector,Patient Affairs,Pharmacist,From 5000 to 10000 S.R,1,Yes,No,Yes,Yes,No,No,From 1 to 3 training programs,Yes,I do not travel for work,Medium,No,Medium,Medium,Close,Difficult,Yes,Yes,No,No,Medium,Not satisfied,Yes
1042,No,Female,21 to 30,Single,Bachelor's,Less than 5 years,Less than 5 years,Medical sector,Patient Affairs,Lab specialist,From 5000 to 10000 S.R,3,No,No,No,I don't have overtime,Yes,Yes,From 1 to 3 training programs,Yes,Travel rarely,Medium,Yes,Medium,Medium,Medium,Difficult,No,No,Yes,No,High,Very satisfied,No
1043,No,Male,31 to 40,Married,Bachelor's,From 5 to 10 years,From 5 to 10 years,Medical sector,Patient Affairs,pharmacist,From 5000 to 10000 S.R,1,Yes,No,Yes,Yes,Yes,No,From 4 to 6 training programs,Yes,I do not travel for work,Medium,No,Low,Medium,Far,Difficult,Yes,Yes,Yes,No,Low,Satisfied,Yes
1044,Yes,Female,21 to 30,Single,Master's,Less than 5 years,Less than 5 years,Medical sector,HR,HR Specialist,From 5000 to 10000 S.R,2,Yes,No,No,I don't have overtime,No,Yes,From 1 to 3 training programs,Yes,I do not travel for work,Medium,No,Low,Medium,Far,Difficult,Sometimes,Sometimes,No,No,Medium,Satisfied,Yes
1045,No,Female,31 to 40,Single,Bachelor's,Less than 5 years,Less than 5 years,Medical sector,Patient Affairs,nurse,Less than 5000 SAR,0,Yes,Yes,No,No,Yes,No,From 1 to 3 training programs,Yes,I do not travel for work,Medium,Yes,Medium,Medium,Medium,Medium,Sometimes,Sometimes,Yes,No,Medium,Satisfied,No
1046,No,Male,31 to 40,Married,Bachelor's,From 5 to 10 years,From 5 to 10 years,Medical sector,Patient Affairs,Pharmacist,From 5000 to 10000 S.R,1,Yes,No,Yes,Yes,No,No,From 7  training programs to more,Yes,I do not travel for work,Low,No,Low,Medium,Medium,Difficult,Yes,Yes,No,No,Low,Not satisfied,No
1047,Yes,Female,31 to 40,Single,Bachelor's,From 11 to 15 years,Less than 5 years,Industry sector,Administration,Manger assistant,From 5000 to 10000 S.R,2,No,No,Yes,No,No,No,From 1 to 3 training programs,No,I do not travel for work,Low,No,Low,Difficult,Close,Difficult,Yes,Yes,No,No,Low,Not satisfied,Yes
1048,No,Female,21 to 30,Single,Bachelor's,Less than 5 years,Less than 5 years,Tourism sector,Customers service,Customer services representative,From 5000 to 10000 S.R,3,Yes,Yes,Yes,Yes,No,No,From 1 to 3 training programs,Yes,I do not travel for work,Medium,Yes,Medium,Medium,Medium,Medium,Yes,Yes,Yes,No,Low,Satisfied,No
1049,Yes,Male,21 to 30,Single,Bachelor's,Less than 5 years,Less than 5 years,Food production sector,Processes,Operations Supervisor,Less than 5000 SAR,0,No,No,No,No,Yes,No,From 1 to 3 training programs,Yes,I do not travel for work,Low,No,Low,Medium,Close,Easy,Sometimes,No,No,No,High,Not satisfied,No
1050,Yes,Male,21 to 30,Married,Bachelor's,Less than 5 years,Less than 5 years,Medical sector,Patient Affairs,Pharmacist,Less than 5000 SAR,0,Yes,No,Yes,No,Yes,Yes,From 1 to 3 training programs,Yes,Travel rarely,Medium,Yes,Medium,Medium,Close,Difficult,Yes,Yes,No,No,Medium,Satisfied,Yes
1051,Yes,Male,21 to 30,Single,Bachelor's,Less than 5 years,Less than 5 years,Economic sector,Sales,Sales representative,Less than 5000 SAR,1,No,No,No,I don't have overtime,No,No,I did not receive any training,No,I do not travel for work,Low,No,Low,Difficult,Far,Difficult,Yes,Yes,No,Yes,Low,Not satisfied,No
1053,No,Female,21 to 30,Single,Bachelor's,Less than 5 years,Less than 5 years,Medical sector,Customers service,Customer services representative,Less than 5000 SAR,0,Yes,Yes,No,I don't have overtime,No,No,I did not receive any training,No,I do not travel for work,Medium,Yes,Medium,Medium,Close,Medium,Sometimes,Sometimes,Yes,No,Medium,Satisfied,No
1054,Yes,Female,21 to 30,Married,Diploma or secondary,Less than 5 years,Less than 5 years,Medical sector,Patient Affairs,Nurse,Less than 5000 SAR,2,Yes,No,No,I don't have overtime,No,No,I did not receive any training,No,I do not travel for work,Low,No,Medium,Medium,Medium,Medium,No,No,No,No,Medium,Satisfied,Yes
1055,No,Male,21 to 30,Single,Bachelor's,From 5 to 10 years,From 5 to 10 years,Industry sector,Processes,Quality Specialist,From 5000 to 10000 S.R,3,Yes,Yes,Yes,Yes,Yes,Yes,From 4 to 6 training programs,Yes,Travel rarely,Medium,Yes,Medium,Medium,Medium,Medium,Sometimes,Sometimes,Yes,No,Medium,Satisfied,Yes
1056,No,Male,21 to 30,Married,Bachelor's,Less than 5 years,Less than 5 years,Medical sector,Patient Affairs,Pharmacist,From 11000 to 15000 S.R,3,Yes,Yes,Yes,Yes,Yes,No,From 7  training programs to more,Yes,Travel frequently,High,Yes,High,Medium,Close,Easy,No,No,Yes,No,High,Satisfied,Yes
1058,No,Female,41 to 50,Married,Bachelor's,From 26 to 30 years,From 26 to 30 years,Medical sector,Patient Affairs,Doctor,Less than 5000 SAR,0,Yes,Yes,Yes,Yes,No,No,From 7  training programs to more,Yes,I do not travel for work,Low,No,Low,Easy,Close,Difficult,Yes,Yes,No,No,Low,Satisfied,Yes
1059,No,Female,21 to 30,Single,Bachelor's,Less than 5 years,Less than 5 years,Medical sector,Patient Affairs,Doctor,Less than 5000 SAR,1,No,Yes,Yes,Yes,No,Yes,From 1 to 3 training programs,Yes,Travel rarely,Medium,Yes,Medium,Medium,Far,Medium,Yes,Yes,Yes,Yes,Medium,Satisfied,Yes
1061,Yes,Female,21 to 30,Single,Bachelor's,Less than 5 years,Less than 5 years,Medical sector,Processes,Insurance officer,Less than 5000 SAR,0,No,No,No,No,No,No,I did not receive any training,No,I do not travel for work,Low,No,Low,Difficult,Far,Difficult,Yes,Yes,No,No,Low,Not satisfied,No
1062,Yes,Male,41 to 50,Married,Bachelor's,From 11 to 15 years,From 5 to 10 years,Medical sector,Patient Affairs,Pharmacist,Less than 5000 SAR,1,Yes,Yes,Yes,Yes,Yes,No,From 1 to 3 training programs,Yes,Travel frequently,High,Yes,Medium,Medium,Medium,Medium,No,No,Yes,No,Medium,Satisfied,Yes
1063,Yes,Female,21 to 30,Single,Diploma or secondary,From 5 to 10 years,Less than 5 years,Medical sector,Customers service,Receptionist,Less than 5000 SAR,0,No,No,No,I don't have overtime,No,No,I did not receive any training,No,I do not travel for work,Low,No,Low,Difficult,Close,Difficult,Sometimes,Yes,No,No,Low,Not satisfied,No
1064,No,Male,21 to 30,Single,Bachelor's,Less than 5 years,Less than 5 years,Communications and IT sector,Sales,Sales representative,From 5000 to 10000 S.R,1,No,No,Yes,No,No,No,From 7  training programs to more,No,I do not travel for work,Low,No,Medium,Medium,Medium,Easy,Sometimes,Yes,No,No,Medium,Satisfied,No
1065,Yes,Female,21 to 30,Married,Bachelor's,From 5 to 10 years,From 5 to 10 years,Medical sector,Patient Affairs,Nurse,Less than 5000 SAR,0,No,No,No,I don't have overtime,No,No,I did not receive any training,No,I do not travel for work,Low,No,Low,Difficult,Far,Medium,No,No,No,Yes,Medium,Satisfied,No
1066,Yes,Male,21 to 30,Single,Bachelor's,Less than 5 years,Less than 5 years,Medical sector,Patient Affairs,Doctor,Less than 5000 SAR,1,Yes,No,Yes,Yes,No,No,I did not receive any training,No,Travel frequently,Low,No,Low,Medium,Medium,Medium,Yes,Yes,No,No,Medium,Not satisfied,Yes
1067,No,Female,21 to 30,Single,Bachelor's,From 5 to 10 years,From 5 to 10 years,Education sector,Teaching,Teacher,From 5000 to 10000 S.R,0,No,No,No,I don't have overtime,Yes,No,I did not receive any training,No,I do not travel for work,Medium,No,Medium,Medium,Far,Medium,No,No,No,No,Low,Satisfied,No
1068,Yes,Female,21 to 30,Single,Master's,Less than 5 years,Less than 5 years,Communications and IT sector,Customers service,Customer services representative,From 5000 to 10000 S.R,0,No,Yes,Yes,Yes,Yes,No,From 1 to 3 training programs,Yes,I do not travel for work,Medium,Yes,Medium,Easy,Close,Medium,Sometimes,Sometimes,No,No,Medium,Satisfied,Yes
1069,No,Female,31 to 40,Single,Diploma or secondary,Less than 5 years,Less than 5 years,Medical sector,Processes,Insurance officer,Less than 5000 SAR,0,No,No,No,Yes,No,No,I did not receive any training,No,I do not travel for work,Low,No,Low,Difficult,Medium,Difficult,Yes,Yes,No,No,Low,Not satisfied,No
1070,Yes,Male,21 to 30,Married,Bachelor's,From 5 to 10 years,Less than 5 years,Energy sector,Sales,Sales representative,From 5000 to 10000 S.R,4,Yes,No,No,I don't have overtime,Yes,No,I did not receive any training,No,I do not travel for work,Medium,Yes,High,Medium,Far,Medium,Yes,Yes,Yes,No,High,Very satisfied,Yes
1071,No,Female,21 to 30,Single,Bachelor's,From 11 to 15 years,From 11 to 15 years,Medical sector,technical support,IT specialist,Less than 5000 SAR,0,Yes,No,No,Yes,Yes,Yes,From 1 to 3 training programs,No,I do not travel for work,Medium,Yes,Medium,Medium,Close,Medium,Sometimes,Sometimes,Yes,No,Medium,Satisfied,No
1072,No,Female,21 to 30,Married,Bachelor's,Less than 5 years,Less than 5 years,Medical sector,Customers service,Receptionist,From 5000 to 10000 S.R,0,No,No,No,I don't have overtime,No,No,I did not receive any training,No,I do not travel for work,Low,No,Low,Medium,Close,Difficult,Yes,Yes,No,Yes,Low,Not satisfied,No
1073,Yes,Female,21 to 30,Single,Diploma or secondary,Less than 5 years,Less than 5 years,Education sector,Sales,Sales executive,From 5000 to 10000 S.R,2,Yes,Yes,Yes,Yes,No,No,I did not receive any training,Yes,I do not travel for work,Medium,Yes,High,Medium,Medium,Easy,Sometimes,No,No,No,Medium,Satisfied,Yes
1074,Yes,Female,21 to 30,Single,Diploma or secondary,Less than 5 years,Less than 5 years,Medical sector,Customers service,Sales representative,Less than 5000 SAR,0,No,No,No,No,No,No,I did not receive any training,No,I do not travel for work,Low,No,Low,Medium,Close,Easy,Sometimes,Yes,No,No,Medium,Not satisfied,No
1075,No,Female,21 to 30,Single,Bachelor's,Less than 5 years,Less than 5 years,Medical sector,Administration,Administrative manager,From 5000 to 10000 S.R,1,Yes,Yes,No,I don't have overtime,Yes,Yes,From 1 to 3 training programs,Yes,Travel rarely,High,Yes,Medium,Medium,Medium,Medium,No,Yes,Yes,No,Medium,Satisfied,Yes
1076,Yes,Female,31 to 40,Married,Bachelor's,From 5 to 10 years,Less than 5 years,Education sector,Teaching,Trainer,Less than 5000 SAR,0,No,No,No,I don't have overtime,No,No,I did not receive any training,No,I do not travel for work,Low,No,Low,Easy,Medium,Medium,No,No,No,Yes,Medium,Satisfied,Yes
1077,No,Female,21 to 30,Single,Bachelor's,Less than 5 years,Less than 5 years,Medical sector,Patient Affairs,Nurse,Less than 5000 SAR,2,No,Yes,Yes,Yes,Yes,Yes,From 7  training programs to more,Yes,Travel rarely,High,Yes,High,Medium,Medium,Medium,Sometimes,Sometimes,Yes,No,Medium,Satisfied,No
1078,No,Male,41 to 50,Married,Bachelor's,From 11 to 15 years,From 11 to 15 years,Medical sector,Patient Affairs,Doctor,From 11000 to 15000 S.R,1,Yes,No,No,Yes,No,No,From 4 to 6 training programs,Yes,I do not travel for work,Low,No,Medium,Medium,Medium,Medium,No,No,No,No,Medium,Satisfied,Yes
1079,Yes,Male,21 to 30,Married,Bachelor's,From 5 to 10 years,Less than 5 years,Medical sector,Administration,Administrative manager,From 5000 to 10000 S.R,1,Yes,Yes,Yes,Yes,Yes,Yes,From 1 to 3 training programs,Yes,I do not travel for work,Medium,No,High,Medium,Medium,Medium,Yes,No,No,No,Medium,Satisfied,Yes
1080,Yes,Female,21 to 30,Married,Diploma or secondary,Less than 5 years,Less than 5 years,Medical sector,Patient Affairs,Nurse,Less than 5000 SAR,1,Yes,Yes,No,Yes,No,Yes,From 1 to 3 training programs,Yes,Travel rarely,Medium,Yes,Medium,Medium,Medium,Medium,No,Yes,Yes,No,Low,Satisfied,Yes
1081,Yes,Female,21 to 30,Single,Diploma or secondary,From 5 to 10 years,From 5 to 10 years,Medical sector,Processes,Supervisor,Less than 5000 SAR,0,Yes,No,No,Yes,No,No,From 1 to 3 training programs,Yes,I do not travel for work,Low,No,High,Medium,Close,Difficult,Yes,Yes,No,No,High,Very satisfied,Yes
1082,No,Male,21 to 30,Single,Bachelor's,Less than 5 years,Less than 5 years,Medical sector,Patient Affairs,Pharmacist,Less than 5000 SAR,2,Yes,No,Yes,Yes,No,No,From 1 to 3 training programs,Yes,I do not travel for work,Medium,No,Low,Medium,Close,Difficult,Yes,Yes,No,Yes,Medium,Not satisfied,No
1083,No,Female,31 to 40,Married,Bachelor's,Less than 5 years,Less than 5 years,Medical sector,Customers service,Sales representative,Less than 5000 SAR,0,No,No,No,I don't have overtime,No,No,I did not receive any training,No,I do not travel for work,Low,No,Low,Difficult,Close,Easy,No,No,No,No,Medium,Satisfied,No
1084,No,Male,21 to 30,Single,Bachelor's,Less than 5 years,Less than 5 years,Education sector,Teaching,HR Specialist,Less than 5000 SAR,0,No,No,No,I don't have overtime,Yes,Yes,From 1 to 3 training programs,Yes,I do not travel for work,Medium,Yes,Medium,Difficult,Medium,Medium,Sometimes,Sometimes,No,No,Medium,Satisfied,Yes
1085,No,Female,21 to 30,Single,Diploma or secondary,Less than 5 years,Less than 5 years,Medical sector,Patient Affairs,Nurse,Less than 5000 SAR,1,Yes,Yes,Yes,Yes,No,Yes,I did not receive any training,No,I do not travel for work,High,Yes,Medium,Medium,Medium,Medium,Sometimes,Sometimes,Yes,No,Medium,Satisfied,No
1086,Yes,Male,31 to 40,Married,Diploma or secondary,From 5 to 10 years,Less than 5 years,Food production sector,Sales,salesman,Less than 5000 SAR,1,Yes,Yes,Yes,Yes,Yes,No,From 1 to 3 training programs,Yes,Travel frequently,Medium,Yes,High,Easy,Close,Difficult,No,Sometimes,Yes,No,Medium,Satisfied,Yes
1087,No,Female,31 to 40,Married,Bachelor's,From 5 to 10 years,From 5 to 10 years,Energy sector,Processes,Operations Supervisor,From 11000 to 15000 S.R,2,Yes,Yes,Yes,Yes,Yes,Yes,From 4 to 6 training programs,Yes,Travel rarely,High,Yes,High,Medium,Medium,Medium,Yes,Sometimes,Yes,No,High,Very satisfied,No
1088,No,Female,21 to 30,Single,Diploma or secondary,Less than 5 years,Less than 5 years,Education sector,Safety & Security,Security and safety specialist,Less than 5000 SAR,0,No,No,No,I don't have overtime,No,No,I did not receive any training,No,I do not travel for work,Low,No,Low,Difficult,Close,Easy,Sometimes,Sometimes,No,No,Medium,Not satisfied,No
1089,No,Female,21 to 30,Single,Bachelor's,Less than 5 years,Less than 5 years,Economic sector,Sales,salesman,Less than 5000 SAR,2,Yes,No,Yes,Yes,No,No,From 1 to 3 training programs,Yes,Travel rarely,Low,No,Low,Easy,Far,Medium,No,Sometimes,No,No,Medium,Satisfied,No
1090,Yes,Male,31 to 40,Married,Bachelor's,From 5 to 10 years,From 5 to 10 years,Energy sector,Processes,Mechanical engineer,From 11000 to 15000 S.R,1,Yes,No,Yes,No,No,No,I did not receive any training,No,I do not travel for work,Medium,Yes,Medium,Easy,Medium,Easy,No,Sometimes,No,No,Medium,Not satisfied,Yes
1091,Yes,Male,21 to 30,Single,Bachelor's,Less than 5 years,Less than 5 years,Engineering consulting companies,Studies and design,Civil engineer,Less than 5000 SAR,2,Yes,Yes,Yes,No,Yes,Yes,From 1 to 3 training programs,Yes,I do not travel for work,Medium,Yes,Medium,Medium,Medium,Difficult,Yes,Yes,Yes,No,Medium,Satisfied,Yes
1092,No,Female,21 to 30,Married,Bachelor's,Less than 5 years,Less than 5 years,Financial sector,Customers service,Customer services representative,From 5000 to 10000 S.R,2,Yes,Yes,Yes,Yes,Yes,Yes,From 7  training programs to more,Yes,Travel rarely,Medium,Yes,High,Medium,Medium,Medium,No,No,Yes,No,High,Very satisfied,No
1093,Yes,Female,21 to 30,Married,Bachelor's,Less than 5 years,Less than 5 years,Economic sector,Administration,Secretariat,Less than 5000 SAR,0,No,No,No,I don't have overtime,Yes,No,I did not receive any training,No,I do not travel for work,Low,No,High,Easy,Close,Easy,No,Yes,Yes,Yes,High,Not satisfied,Yes
1094,No,Female,31 to 40,Divorced,Bachelor's,From 5 to 10 years,From 5 to 10 years,Medical sector,Patient Affairs,Nurse,Less than 5000 SAR,2,Yes,Yes,Yes,Yes,Yes,Yes,From 4 to 6 training programs,Yes,Travel rarely,Medium,Yes,Medium,Medium,Medium,Difficult,No,No,Yes,Yes,High,Very satisfied,Yes
1095,No,Female,31 to 40,Single,Bachelor's,From 5 to 10 years,From 5 to 10 years,Medical sector,Patient Affairs,Nurse,Less than 5000 SAR,0,No,No,No,No,No,No,I did not receive any training,No,Travel rarely,Low,No,Low,Difficult,Far,Difficult,Yes,No,Yes,Yes,High,Very satisfied,Yes
1096,No,Male,21 to 30,Single,Bachelor's,Less than 5 years,Less than 5 years,Medical sector,Patient Affairs,Pharmacist,From 5000 to 10000 S.R,2,Yes,Yes,Yes,Yes,Yes,Yes,From 7  training programs to more,Yes,Travel frequently,High,Yes,High,Easy,Close,Medium,Sometimes,Sometimes,Yes,No,High,Very satisfied,No
1097,No,Female,21 to 30,Married,Bachelor's,From 11 to 15 years,From 11 to 15 years,"Environment, Water, and Agriculture sector",HR,HR Specialist,From 5000 to 10000 S.R,2,Yes,Yes,No,I don't have overtime,Yes,Yes,From 4 to 6 training programs,Yes,I do not travel for work,High,Yes,High,Medium,Medium,Medium,Sometimes,No,Yes,No,High,Very satisfied,No
1098,No,Female,21 to 30,Single,Bachelor's,Less than 5 years,Less than 5 years,Medical sector,Patient Affairs,Pharmacist,Less than 5000 SAR,0,Yes,No,Yes,I don't have overtime,No,No,I did not receive any training,No,I do not travel for work,Low,No,High,Medium,Far,Difficult,Yes,Yes,No,No,Medium,Not satisfied,No
1099,No,Male,21 to 30,Single,Diploma or secondary,Less than 5 years,Less than 5 years,Medical sector,Safety & Security,Security and safety specialist,Less than 5000 SAR,0,Yes,No,No,Yes,No,No,I did not receive any training,No,I do not travel for work,Medium,No,Medium,Medium,Medium,Medium,Sometimes,Yes,No,No,Medium,Not satisfied,No
1100,No,Male,21 to 30,Married,Bachelor's,Less than 5 years,Less than 5 years,Transport sector,Sales,Sales representative,From 5000 to 10000 S.R,0,No,No,No,I don't have overtime,No,No,I did not receive any training,No,Travel rarely,Medium,No,Medium,Medium,Medium,Medium,No,Yes,No,No,Medium,Satisfied,No
1101,No,Male,41 to 50,Married,Diploma or secondary,From 16 to 20 years,From 16 to 20 years,Medical sector,Administration,Administrative manager,From 11000 to 15000 S.R,3,No,Yes,No,I don't have overtime,Yes,Yes,From 1 to 3 training programs,Yes,I do not travel for work,High,Yes,High,Medium,Medium,Medium,No,No,Yes,No,High,Very satisfied,Yes
1102,No,Male,21 to 30,Single,Bachelor's,Less than 5 years,Less than 5 years,Education sector,Teaching,Teacher,Less than 5000 SAR,1,Yes,No,No,No,No,No,From 1 to 3 training programs,Yes,Travel rarely,Medium,No,Medium,Medium,Medium,Medium,Yes,Yes,Yes,No,Medium,Satisfied,No
1103,Yes,Female,41 to 50,Married,Bachelor's,From 5 to 10 years,Less than 5 years,Medical sector,Safety & Security,Security and safety specialist,Less than 5000 SAR,0,No,No,No,Yes,No,No,From 1 to 3 training programs,Yes,Travel frequently,Low,No,Low,Medium,Medium,Difficult,Yes,Sometimes,No,Yes,Medium,Satisfied,Yes
1104,Yes,Male,41 to 50,Married,Master's,From 11 to 15 years,Less than 5 years,Medical sector,Administration,Administrative manager,From 5000 to 10000 S.R,1,Yes,No,No,No,No,No,I did not receive any training,No,I do not travel for work,Medium,Yes,High,Easy,Far,Medium,No,Yes,No,No,Medium,Satisfied,No
1105,Yes,Male,21 to 30,Single,Bachelor's,Less than 5 years,Less than 5 years,Financial sector,Safety & Security,Security and safety specialist,From 5000 to 10000 S.R,2,Yes,No,No,I don't have overtime,Yes,No,From 1 to 3 training programs,No,I do not travel for work,Medium,Yes,Medium,Medium,Medium,Medium,Sometimes,Sometimes,No,No,Medium,Satisfied,No
1106,Yes,Male,31 to 40,Married,Bachelor's,From 11 to 15 years,From 11 to 15 years,Engineering consulting companies,Relations,Relationships Specialist,From 5000 to 10000 S.R,2,Yes,No,Yes,Yes,Yes,Yes,From 4 to 6 training programs,Yes,Travel rarely,Medium,No,Medium,Medium,Far,Medium,Yes,Sometimes,No,No,Medium,Satisfied,Yes
1107,No,Male,21 to 30,Single,Bachelor's,Less than 5 years,Less than 5 years,Medical sector,Patient Affairs,Dentist,From 5000 to 10000 S.R,1,No,No,No,I don't have overtime,No,No,I did not receive any training,No,I do not travel for work,Medium,No,Medium,Medium,Far,Medium,Sometimes,Yes,No,No,High,Satisfied,No
1108,No,Male,21 to 30,Married,Diploma or secondary,From 5 to 10 years,From 5 to 10 years,Medical sector,Patient Affairs,Nurse,Less than 5000 SAR,1,Yes,Yes,No,I don't have overtime,Yes,Yes,From 1 to 3 training programs,Yes,I do not travel for work,High,Yes,High,Easy,Close,Easy,No,No,Yes,No,High,Very satisfied,No
1109,Yes,Male,21 to 30,Single,Bachelor's,Less than 5 years,Less than 5 years,Financial sector,Processes,Financial Manager,Less than 5000 SAR,0,No,No,No,Yes,No,No,From 1 to 3 training programs,No,I do not travel for work,High,No,Medium,Medium,Medium,Medium,Yes,No,No,No,Medium,Satisfied,Yes
1110,No,Female,21 to 30,Single,Bachelor's,Less than 5 years,Less than 5 years,Medical sector,Patient Affairs,Nurse,Less than 5000 SAR,0,Yes,No,No,Yes,No,No,From 1 to 3 training programs,No,I do not travel for work,Low,Yes,Medium,Medium,Close,Difficult,Yes,Sometimes,Yes,No,Medium,Satisfied,Yes
1111,Yes,Female,31 to 40,Single,Diploma or secondary,Less than 5 years,Less than 5 years,Economic sector,Sales,Sales representative,Less than 5000 SAR,0,Yes,Yes,Yes,Yes,Yes,No,I did not receive any training,No,I do not travel for work,Medium,No,Medium,Difficult,Far,Medium,Yes,No,No,No,Low,Not satisfied,No
1112,Yes,Female,41 to 50,Divorced,Bachelor's,From 5 to 10 years,Less than 5 years,Medical sector,Administration,Secretariat,Less than 5000 SAR,0,Yes,No,No,I don't have overtime,No,No,I did not receive any training,No,I do not travel for work,Low,No,Low,Medium,Far,Easy,No,No,No,No,Medium,Not satisfied,No
1113,Yes,Female,31 to 40,Married,Diploma or secondary,Less than 5 years,Less than 5 years,Food production sector,Sales,Sales representative,Less than 5000 SAR,0,Yes,No,Yes,Yes,No,No,I did not receive any training,No,I do not travel for work,Low,Yes,Medium,Medium,Close,Difficult,Sometimes,Yes,No,No,Low,Satisfied,No
1114,No,Male,21 to 30,Single,Bachelor's,Less than 5 years,Less than 5 years,Medical sector,Patient Affairs,Dentist,From 5000 to 10000 S.R,0,Yes,Yes,Yes,Yes,No,No,I did not receive any training,No,I do not travel for work,Medium,Yes,Medium,Medium,Medium,Medium,Sometimes,Sometimes,No,No,Medium,Satisfied,No
1115,No,Male,21 to 30,Married,Bachelor's,Less than 5 years,Less than 5 years,Medical sector,Patient Affairs,Pharmacist,Less than 5000 SAR,1,Yes,No,Yes,Yes,No,No,From 1 to 3 training programs,No,I do not travel for work,Medium,No,Medium,Medium,Medium,Medium,Yes,Yes,No,No,Medium,Satisfied,No
1116,No,Male,31 to 40,Married,Bachelor's,Less than 5 years,Less than 5 years,Medical sector,Administration,Administrative manager,From 5000 to 10000 S.R,2,Yes,No,Yes,No,No,No,I did not receive any training,No,I do not travel for work,Low,Yes,Medium,Medium,Close,Medium,Sometimes,Yes,No,No,Medium,Satisfied,No
1117,No,Male,21 to 30,Married,Bachelor's,Less than 5 years,Less than 5 years,Medical sector,Patient Affairs,Pharmacist,From 5000 to 10000 S.R,2,Yes,Yes,Yes,Yes,Yes,Yes,From 4 to 6 training programs,Yes,Travel rarely,High,No,High,Medium,Medium,Easy,Yes,Yes,No,No,Medium,Satisfied,No
1118,No,Female,31 to 40,Married,Bachelor's,Less than 5 years,Less than 5 years,Medical sector,HR,HR Specialist,From 5000 to 10000 S.R,2,Yes,No,No,I don't have overtime,Yes,Yes,From 1 to 3 training programs,Yes,I do not travel for work,Low,Yes,High,Medium,Far,Medium,Sometimes,Sometimes,Yes,No,High,Satisfied,No
1119,No,Male,21 to 30,Single,Bachelor's,Less than 5 years,Less than 5 years,Medical sector,Patient Affairs,Dentist,From 5000 to 10000 S.R,1,Yes,No,Yes,No,No,No,From 1 to 3 training programs,Yes,Travel rarely,Medium,No,High,Medium,Medium,Medium,Yes,Yes,No,No,Medium,Not satisfied,Yes
1120,No,Male,21 to 30,Single,Master's,Less than 5 years,Less than 5 years,Law firm,Legal Affairs,Lawyer,From 5000 to 10000 S.R,0,Yes,No,No,No,Yes,Yes,I did not receive any training,Yes,Travel rarely,Medium,Yes,Medium,Medium,Medium,Medium,No,Sometimes,Yes,No,Medium,Satisfied,No
1121,Yes,Male,21 to 30,Single,Bachelor's,Less than 5 years,Less than 5 years,Medical sector,Patient Affairs,Receptionist,From 5000 to 10000 S.R,2,Yes,No,No,I don't have overtime,No,No,From 1 to 3 training programs,No,I do not travel for work,Medium,No,Medium,Difficult,Close,Difficult,Yes,Yes,No,No,Low,Not satisfied,Yes
1122,No,Male,21 to 30,Single,Bachelor's,Less than 5 years,Less than 5 years,Medical sector,Patient Affairs,Dentist,Less than 5000 SAR,1,No,No,No,I don't have overtime,No,No,I did not receive any training,No,I do not travel for work,Medium,No,Medium,Medium,Far,Difficult,Yes,Yes,No,No,Medium,Not satisfied,Yes
1123,Yes,Male,31 to 40,Single,Bachelor's,Less than 5 years,Less than 5 years,Medical sector,Patient Affairs,Doctor,From 5000 to 10000 S.R,1,No,No,No,No,No,No,From 1 to 3 training programs,No,Travel rarely,Low,Yes,Low,Easy,Medium,Medium,Yes,Yes,No,No,Low,Very satisfied,No
1124,Yes,Male,21 to 30,Single,Master's,From 5 to 10 years,Less than 5 years,Energy sector,Processes,Mechanical engineer,From 11000 to 15000 S.R,2,Yes,Yes,Yes,Yes,Yes,No,I did not receive any training,No,Travel frequently,Low,No,High,Medium,Far,Medium,Yes,Yes,Yes,No,High,Not satisfied,Yes
1125,Yes,Female,21 to 30,Single,Bachelor's,Less than 5 years,Less than 5 years,Food production sector,Sales,Sales representative,Less than 5000 SAR,2,Yes,Yes,Yes,Yes,No,No,From 1 to 3 training programs,No,I do not travel for work,Low,Yes,Medium,Medium,Medium,Medium,Sometimes,Sometimes,No,No,Medium,Satisfied,Yes
1126,Yes,Female,21 to 30,Married,Bachelor's,From 5 to 10 years,Less than 5 years,Economic sector,Sales,salesman,Less than 5000 SAR,2,Yes,Yes,Yes,Yes,No,No,I did not receive any training,No,I do not travel for work,Low,No,Medium,Medium,Medium,Medium,Yes,Sometimes,No,Yes,Medium,Satisfied,Yes
1127,No,Male,21 to 30,Single,Bachelor's,Less than 5 years,Less than 5 years,Medical sector,Patient Affairs,Dentist,Less than 5000 SAR,0,No,No,No,I don't have overtime,No,Yes,From 1 to 3 training programs,No,I do not travel for work,Medium,Yes,Low,Medium,Medium,Medium,Yes,Yes,No,Yes,Medium,Satisfied,Yes
1128,Yes,Female,21 to 30,Single,Bachelor's,From 5 to 10 years,Less than 5 years,Food production sector,Sales,salesman,Less than 5000 SAR,2,Yes,Yes,Yes,Yes,No,No,From 1 to 3 training programs,Yes,I do not travel for work,Medium,No,Medium,Medium,Close,Medium,Yes,Yes,No,No,Medium,Not satisfied,Yes
1129,No,Male,21 to 30,Single,Bachelor's,Less than 5 years,Less than 5 years,Medical sector,Patient Affairs,Pharmacist,From 5000 to 10000 S.R,1,Yes,No,Yes,Yes,No,No,From 7  training programs to more,Yes,I do not travel for work,High,No,High,Easy,Far,Easy,Yes,Yes,Yes,No,High,Very satisfied,Yes
1130,Yes,Female,21 to 30,Single,Bachelor's,Less than 5 years,Less than 5 years,Food production sector,Sales,salesman,Less than 5000 SAR,1,Yes,No,Yes,Yes,No,No,I did not receive any training,No,I do not travel for work,Medium,No,Low,Difficult,Medium,Medium,Yes,Sometimes,Yes,No,Medium,Satisfied,No
1131,No,Male,21 to 30,Married,Bachelor's,From 5 to 10 years,From 5 to 10 years,Medical sector,Patient Affairs,Pharmacist,From 5000 to 10000 S.R,1,Yes,No,No,I don't have overtime,Yes,No,From 1 to 3 training programs,Yes,Travel rarely,Medium,Yes,Medium,Medium,Medium,Medium,Sometimes,Sometimes,Yes,No,Medium,Satisfied,No
1132,Yes,Male,21 to 30,Single,Bachelor's,Less than 5 years,Less than 5 years,Food production sector,Administration,Administrative manager,From 5000 to 10000 S.R,2,Yes,No,No,I don't have overtime,No,No,I did not receive any training,No,I do not travel for work,Low,No,Medium,Difficult,Far,Difficult,Sometimes,Yes,No,No,Low,Not satisfied,No
1133,Yes,Male,31 to 40,Married,Bachelor's,From 11 to 15 years,From 5 to 10 years,Medical sector,Patient Affairs,Doctor,Less than 5000 SAR,1,Yes,No,Yes,Yes,Yes,Yes,From 1 to 3 training programs,Yes,Travel rarely,Medium,Yes,Medium,Medium,Medium,Medium,Sometimes,Sometimes,No,No,Medium,Satisfied,Yes
1134,Yes,Female,21 to 30,Single,Bachelor's,Less than 5 years,Less than 5 years,Medical sector,technical support,IT specialist,Less than 5000 SAR,0,No,No,Yes,No,No,No,From 1 to 3 training programs,Yes,I do not travel for work,Low,No,Low,Easy,Far,Difficult,Yes,Yes,No,Yes,Low,Satisfied,No
1135,No,Female,31 to 40,Married,Bachelor's,From 5 to 10 years,From 5 to 10 years,Medical sector,Patient Affairs,Nurse,Less than 5000 SAR,1,Yes,No,Yes,Yes,Yes,Yes,From 1 to 3 training programs,Yes,I do not travel for work,Medium,Yes,Medium,Medium,Close,Easy,Sometimes,Sometimes,Yes,No,High,Satisfied,Yes
1136,Yes,Female,21 to 30,Married,Bachelor's,Less than 5 years,Less than 5 years,Medical sector,Patient Affairs,Pharmacist,From 5000 to 10000 S.R,0,No,Yes,No,No,No,Yes,I did not receive any training,No,I do not travel for work,Low,No,Medium,Medium,Close,Difficult,Yes,Yes,No,No,Low,Not satisfied,Yes
1137,No,Female,31 to 40,Married,Bachelor's,Less than 5 years,Less than 5 years,Medical sector,Patient Affairs,Dentist,From 5000 to 10000 S.R,2,No,Yes,No,I don't have overtime,Yes,Yes,I did not receive any training,No,I do not travel for work,High,Yes,High,Easy,Close,Medium,Sometimes,No,Yes,No,High,Very satisfied,Yes
1138,Yes,Male,21 to 30,Single,Bachelor's,Less than 5 years,Less than 5 years,"Environment, Water, and Agriculture sector",Customers service,Customer services representative,Less than 5000 SAR,2,Yes,No,Yes,Yes,No,No,From 1 to 3 training programs,Yes,I do not travel for work,Low,Yes,Low,Difficult,Close,Difficult,Sometimes,Yes,No,No,Low,Not satisfied,No
1139,Yes,Female,21 to 30,Married,Bachelor's,Less than 5 years,Less than 5 years,Communications and IT sector,Customers service,Customer services representative,Less than 5000 SAR,0,Yes,No,No,I don't have overtime,No,No,I did not receive any training,No,I do not travel for work,Low,No,Low,Difficult,Close,Medium,No,Sometimes,No,No,Low,Not satisfied,No
1140,No,Male,21 to 30,Single,Bachelor's,Less than 5 years,Less than 5 years,Industry sector,Sales,Purchase specialist,From 5000 to 10000 S.R,3,Yes,Yes,Yes,No,No,No,From 1 to 3 training programs,Yes,Travel rarely,Medium,No,Medium,Medium,Far,Medium,Sometimes,No,Yes,No,Medium,Satisfied,No
1141,Yes,Male,21 to 30,Single,Bachelor's,Less than 5 years,Less than 5 years,Financial sector,Administration,Manger assistant,From 5000 to 10000 S.R,2,No,No,No,I don't have overtime,No,No,From 4 to 6 training programs,Yes,I do not travel for work,Medium,No,Low,Easy,Close,Medium,Yes,Yes,No,No,Low,Very satisfied,Yes
1142,Yes,Male,31 to 40,Married,Diploma or secondary,From 11 to 15 years,Less than 5 years,Communications and IT sector,Customers service,Customer services representative,Less than 5000 SAR,2,Yes,No,No,I don't have overtime,No,No,From 1 to 3 training programs,Yes,I do not travel for work,Medium,No,Low,Difficult,Far,Difficult,Yes,Yes,No,No,Low,Not satisfied,No
1143,Yes,Male,41 to 50,Married,Bachelor's,From 16 to 20 years,Less than 5 years,Food production sector,Processes,Quality controller,From 5000 to 10000 S.R,0,No,No,No,No,No,No,I did not receive any training,No,Travel rarely,Low,No,High,Difficult,Medium,Difficult,Yes,Yes,No,No,Low,Not satisfied,No
1144,Yes,Male,31 to 40,Married,Bachelor's,From 11 to 15 years,Less than 5 years,Energy sector,Administration,Supervisor,From 5000 to 10000 S.R,2,Yes,No,Yes,Yes,No,No,I did not receive any training,No,I do not travel for work,Low,No,Medium,Medium,Far,Medium,Yes,Yes,No,No,Low,Not satisfied,Yes
1145,No,Female,21 to 30,Married,Bachelor's,Less than 5 years,Less than 5 years,Engineering consulting companies,Processes,Project Manager,From 5000 to 10000 S.R,3,Yes,No,Yes,No,No,No,From 4 to 6 training programs,Yes,Travel frequently,High,Yes,High,Easy,Medium,Easy,Sometimes,Sometimes,Yes,No,High,Satisfied,Yes
1146,Yes,Male,21 to 30,Single,Bachelor's,Less than 5 years,Less than 5 years,Medical sector,Patient Affairs,Lab specialist,From 5000 to 10000 S.R,0,Yes,No,Yes,Yes,No,No,I did not receive any training,No,I do not travel for work,Low,No,Medium,Medium,Far,Difficult,Sometimes,Yes,No,No,Low,Not satisfied,No
1147,No,Female,31 to 40,Married,Diploma or secondary,Less than 5 years,Less than 5 years,Medical sector,Patient Affairs,Nurse,Less than 5000 SAR,0,Yes,No,Yes,Yes,Yes,No,From 1 to 3 training programs,Yes,I do not travel for work,Medium,Yes,Medium,Medium,Close,Easy,No,No,Yes,No,High,Very satisfied,Yes
1148,Yes,Male,21 to 30,Single,Bachelor's,Less than 5 years,Less than 5 years,Financial sector,technical support,IT specialist,From 5000 to 10000 S.R,2,Yes,Yes,No,I don't have overtime,No,No,I did not receive any training,No,I do not travel for work,Low,No,High,Medium,Medium,Difficult,Sometimes,Sometimes,Yes,No,High,Not satisfied,No
1149,No,Female,41 to 50,Married,Bachelor's,From 5 to 10 years,From 5 to 10 years,Medical sector,Administration,Manger assistant,From 5000 to 10000 S.R,1,Yes,No,No,I don't have overtime,No,No,From 1 to 3 training programs,Yes,Travel rarely,Medium,Yes,Medium,Medium,Close,Medium,Yes,Yes,No,No,Medium,Satisfied,Yes
1150,Yes,Female,31 to 40,Married,Master's,Less than 5 years,Less than 5 years,Education sector,Administration,Manger assistant,Less than 5000 SAR,0,Yes,No,No,I don't have overtime,No,No,I did not receive any training,No,I do not travel for work,Medium,No,High,Medium,Far,Medium,Yes,Sometimes,No,No,Low,Very satisfied,No
1151,No,Male,41 to 50,Married,Master's,Less than 5 years,Less than 5 years,Medical sector,Patient Affairs,Doctor,From 11000 to 15000 S.R,1,Yes,Yes,No,Yes,Yes,Yes,From 1 to 3 training programs,Yes,Travel rarely,High,Yes,High,Easy,Close,Easy,No,No,Yes,No,High,Very satisfied,No
1152,Yes,Female,21 to 30,Single,Master's,From 5 to 10 years,Less than 5 years,Medical sector,Administration,Supervisor,From 5000 to 10000 S.R,1,No,Yes,Yes,Yes,Yes,Yes,From 1 to 3 training programs,Yes,Travel rarely,High,Yes,High,Medium,Medium,Difficult,No,Sometimes,Yes,No,High,Very satisfied,Yes
1153,Yes,Male,21 to 30,Single,Bachelor's,Less than 5 years,Less than 5 years,Medical sector,Processes,Sales representative,Less than 5000 SAR,0,Yes,No,Yes,Yes,No,No,From 1 to 3 training programs,No,I do not travel for work,Low,No,Low,Medium,Far,Medium,No,Yes,Yes,Yes,Medium,Very satisfied,No
1154,No,Male,31 to 40,Single,Diploma or secondary,Less than 5 years,Less than 5 years,Medical sector,Safety & Security,Security and safety specialist,Less than 5000 SAR,0,No,No,No,I don't have overtime,Yes,Yes,From 1 to 3 training programs,Yes,I do not travel for work,Low,Yes,Medium,Easy,Close,Easy,No,No,Yes,No,High,Very satisfied,No
1155,No,Female,21 to 30,Single,Diploma or secondary,Less than 5 years,Less than 5 years,Medical sector,Patient Affairs,Radiographer,Less than 5000 SAR,0,Yes,No,No,Yes,No,No,I did not receive any training,No,I do not travel for work,Medium,No,Low,Difficult,Far,Medium,Yes,Yes,No,No,High,Satisfied,Yes
1156,No,Female,41 to 50,Single,Master's,From 21 to 25 years,From 21 to 25 years,Energy sector,HR,HR Specialist,From 11000 to 15000 S.R,1,Yes,Yes,No,I don't have overtime,Yes,Yes,From 7  training programs to more,Yes,Travel rarely,Medium,Yes,High,Medium,Medium,Medium,No,No,Yes,No,Medium,Very satisfied,Yes
1157,Yes,Male,31 to 40,Married,Master's,From 5 to 10 years,Less than 5 years,Medical sector,Patient Affairs,Doctor,From 16000 to 20000 S.R,1,Yes,No,Yes,No,No,No,From 1 to 3 training programs,No,Travel frequently,Low,No,Medium,Medium,Close,Difficult,Yes,Yes,No,No,Medium,Satisfied,Yes
1158,No,Female,31 to 40,Divorced,Bachelor's,From 21 to 25 years,From 21 to 25 years,Energy sector,Relations,Coordinator,From 11000 to 15000 S.R,2,Yes,No,No,I don't have overtime,Yes,Yes,From 1 to 3 training programs,Yes,Travel rarely,High,Yes,High,Medium,Close,Medium,No,Sometimes,Yes,No,High,Very satisfied,No
1159,No,Male,31 to 40,Single,Bachelor's,Less than 5 years,Less than 5 years,Medical sector,Patient Affairs,Dentist,From 5000 to 10000 S.R,0,Yes,No,No,I don't have overtime,No,No,From 1 to 3 training programs,Yes,I do not travel for work,Medium,Yes,Medium,Medium,Far,Medium,Sometimes,Sometimes,No,No,Medium,Satisfied,No
1160,No,Female,31 to 40,Married,Bachelor's,Less than 5 years,Less than 5 years,Medical sector,Patient Affairs,Doctor,S.R 31000 - and more,2,No,No,Yes,Yes,Yes,Yes,From 1 to 3 training programs,Yes,I do not travel for work,Medium,Yes,Medium,Medium,Far,Medium,Sometimes,Sometimes,Yes,No,Medium,Satisfied,Yes
1161,Yes,Female,21 to 30,Married,Diploma or secondary,From 5 to 10 years,Less than 5 years,Medical sector,Patient Affairs,Nurse,Less than 5000 SAR,3,Yes,Yes,Yes,Yes,Yes,Yes,From 1 to 3 training programs,Yes,Travel frequently,High,Yes,High,Difficult,Medium,Easy,No,Yes,Yes,Yes,High,Very satisfied,Yes
1162,No,Female,41 to 50,Married,Diploma or secondary,From 5 to 10 years,From 5 to 10 years,Medical sector,Patient Affairs,Nurse,Less than 5000 SAR,0,No,No,No,Yes,Yes,Yes,From 1 to 3 training programs,No,I do not travel for work,High,Yes,Medium,Easy,Close,Difficult,Sometimes,Yes,Yes,No,Medium,Satisfied,No
1163,Yes,Female,31 to 40,Married,Bachelor's,Less than 5 years,Less than 5 years,Medical sector,Sales,Sales representative,From 5000 to 10000 S.R,2,Yes,No,No,I don't have overtime,Yes,No,I did not receive any training,No,I do not travel for work,Low,No,Low,Easy,Close,Medium,Yes,Yes,No,No,Medium,Very satisfied,Yes
1164,No,Female,41 to 50,Married,Bachelor's,From 5 to 10 years,From 5 to 10 years,Financial sector,Accounting,Financial Analyst,From 16000 to 20000 S.R,2,Yes,Yes,No,I don't have overtime,No,No,I did not receive any training,Yes,I do not travel for work,Medium,Yes,High,Medium,Medium,Easy,No,Sometimes,Yes,No,Medium,Satisfied,Yes
1165,Yes,Male,21 to 30,Single,Bachelor's,From 5 to 10 years,Less than 5 years,Financial sector,Administration,Financial Manager,Less than 5000 SAR,0,No,Yes,No,No,Yes,Yes,I did not receive any training,No,Travel rarely,High,Yes,High,Easy,Medium,Easy,Sometimes,No,No,No,High,Very satisfied,Yes
1166,Yes,Female,41 to 50,Married,Master's,From 16 to 20 years,Less than 5 years,Medical sector,Patient Affairs,Lab specialist,From 11000 to 15000 S.R,2,Yes,Yes,No,I don't have overtime,Yes,Yes,From 1 to 3 training programs,Yes,I do not travel for work,Medium,Yes,High,Easy,Close,Easy,Sometimes,No,Yes,No,High,Very satisfied,Yes
1167,Yes,Female,21 to 30,Married,Bachelor's,From 5 to 10 years,Less than 5 years,Medical sector,Administration,Supervisor,Less than 5000 SAR,1,No,Yes,Yes,Yes,Yes,No,From 1 to 3 training programs,Yes,I do not travel for work,Medium,No,Medium,Medium,Far,Difficult,Yes,Yes,No,No,Medium,Satisfied,Yes
1168,No,Female,41 to 50,Married,Bachelor's,From 5 to 10 years,From 5 to 10 years,Medical sector,Patient Affairs,Doctor,From 5000 to 10000 S.R,0,No,No,No,I don't have overtime,No,No,I did not receive any training,No,I do not travel for work,Low,No,Low,Difficult,Close,Medium,Yes,Yes,No,No,Low,Not satisfied,No
1169,No,Female,31 to 40,Married,Bachelor's,From 5 to 10 years,From 5 to 10 years,Medical sector,Patient Affairs,nurse,Less than 5000 SAR,1,Yes,No,Yes,Yes,Yes,Yes,From 4 to 6 training programs,Yes,I do not travel for work,High,Yes,High,Easy,Medium,Easy,Sometimes,Sometimes,Yes,No,High,Very satisfied,Yes
1170,No,Male,31 to 40,Married,Bachelor's,From 11 to 15 years,From 11 to 15 years,Education sector,Teaching,Teacher,From 11000 to 15000 S.R,1,No,No,Yes,Yes,Yes,Yes,From 7  training programs to more,Yes,I do not travel for work,High,Yes,High,Easy,Close,Easy,Sometimes,No,Yes,No,High,Satisfied,No
1171,Yes,Female,21 to 30,Married,Bachelor's,From 5 to 10 years,Less than 5 years,Financial sector,Accounting,Scribe,Less than 5000 SAR,0,Yes,No,No,I don't have overtime,Yes,No,From 4 to 6 training programs,Yes,I do not travel for work,Medium,No,Medium,Difficult,Medium,Easy,Yes,Yes,No,No,Medium,Very satisfied,No
1172,Yes,Male,31 to 40,Married,Bachelor's,From 21 to 25 years,From 5 to 10 years,Financial sector,Accounting,Financial Analyst,From 5000 to 10000 S.R,3,Yes,Yes,Yes,No,Yes,No,From 1 to 3 training programs,Yes,I do not travel for work,Medium,Yes,High,Medium,Medium,Medium,Sometimes,Sometimes,No,No,Medium,Satisfied,No
1173,Yes,Male,41 to 50,Married,Bachelor's,From 16 to 20 years,Less than 5 years,Financial sector,Accounting,Financial Analyst,From 11000 to 15000 S.R,1,Yes,No,No,No,Yes,Yes,I did not receive any training,No,I do not travel for work,Medium,Yes,Medium,Medium,Close,Medium,Sometimes,Sometimes,No,No,Medium,Satisfied,Yes
1174,No,Male,41 to 50,Married,Master's,From 5 to 10 years,From 5 to 10 years,Medical sector,Patient Affairs,Doctor,From 11000 to 15000 S.R,1,Yes,Yes,Yes,Yes,Yes,Yes,I did not receive any training,No,I do not travel for work,Low,No,Medium,Medium,Close,Medium,Sometimes,Sometimes,Yes,No,Medium,Satisfied,Yes
1175,No,Female,31 to 40,Married,Bachelor's,From 5 to 10 years,From 5 to 10 years,Medical sector,Patient Affairs,Dentist,From 16000 to 20000 S.R,1,Yes,Yes,No,Yes,Yes,No,I did not receive any training,No,Travel rarely,Medium,Yes,High,Medium,Medium,Difficult,Yes,Yes,Yes,Yes,Medium,Satisfied,Yes
1176,Yes,Female,21 to 30,Married,Bachelor's,From 5 to 10 years,Less than 5 years,Medical sector,Patient Affairs,Nurse,Less than 5000 SAR,0,No,No,Yes,Yes,No,No,I did not receive any training,No,Travel rarely,High,Yes,High,Medium,Far,Difficult,Yes,Yes,Yes,Yes,Medium,Satisfied,Yes
1177,No,Female,21 to 30,Married,Bachelor's,Less than 5 years,Less than 5 years,Medical sector,Patient Affairs,nurse,Less than 5000 SAR,0,Yes,Yes,No,No,No,No,From 1 to 3 training programs,Yes,Travel rarely,Medium,Yes,Medium,Medium,Medium,Medium,No,Sometimes,Yes,No,Low,Satisfied,Yes
1178,No,Female,31 to 40,Single,Diploma or secondary,Less than 5 years,Less than 5 years,Medical sector,Patient Affairs,nurse,Less than 5000 SAR,0,No,No,Yes,Yes,Yes,Yes,I did not receive any training,Yes,I do not travel for work,High,Yes,Medium,Medium,Close,Easy,No,Sometimes,No,No,Low,Not satisfied,Yes
1179,No,Male,21 to 30,Married,Bachelor's,From 5 to 10 years,From 5 to 10 years,Medical sector,technical support,IT specialist,Less than 5000 SAR,0,Yes,No,No,I don't have overtime,No,No,I did not receive any training,No,I do not travel for work,Low,No,Medium,Easy,Close,Easy,Yes,Yes,No,Yes,Medium,Not satisfied,Yes
1180,Yes,Male,31 to 40,Single,Master's,From 11 to 15 years,From 5 to 10 years,Medical sector,Patient Affairs,Nurse,Less than 5000 SAR,1,Yes,Yes,Yes,Yes,No,Yes,From 1 to 3 training programs,Yes,Travel rarely,Medium,Yes,Medium,Medium,Medium,Medium,Sometimes,No,No,No,Medium,Satisfied,Yes
1181,Yes,Female,31 to 40,Married,Diploma or secondary,From 11 to 15 years,Less than 5 years,Medical sector,Patient Affairs,Nurse,Less than 5000 SAR,3,Yes,Yes,Yes,Yes,Yes,Yes,From 1 to 3 training programs,Yes,I do not travel for work,High,Yes,High,Medium,Close,Easy,No,No,Yes,No,High,Very satisfied,Yes
1182,Yes,Female,31 to 40,Married,Bachelor's,From 11 to 15 years,Less than 5 years,Medical sector,Patient Affairs,Radiographer,Less than 5000 SAR,0,Yes,No,No,Yes,Yes,Yes,From 7  training programs to more,Yes,I do not travel for work,High,Yes,High,Difficult,Medium,Medium,No,No,No,No,High,Very satisfied,Yes
1183,No,Female,21 to 30,Single,Bachelor's,Less than 5 years,Less than 5 years,Financial sector,Administration,Manger assistant,Less than 5000 SAR,0,No,Yes,Yes,I don't have overtime,No,No,From 1 to 3 training programs,Yes,I do not travel for work,Medium,Yes,Medium,Medium,Medium,Medium,Yes,Yes,Yes,No,Medium,Satisfied,No
1184,No,Female,41 to 50,Married,Bachelor's,From 5 to 10 years,From 5 to 10 years,Medical sector,Patient Affairs,Nurse,Less than 5000 SAR,1,Yes,No,Yes,Yes,No,No,From 1 to 3 training programs,Yes,I do not travel for work,Medium,Yes,High,Medium,Close,Easy,Sometimes,No,Yes,No,High,Satisfied,No
1185,No,Male,21 to 30,Single,Bachelor's,Less than 5 years,Less than 5 years,Medical sector,Administration,Administrative manager,Less than 5000 SAR,0,Yes,No,Yes,Yes,No,No,From 1 to 3 training programs,Yes,Travel rarely,Low,No,Low,Medium,Medium,Medium,Yes,Yes,No,No,Medium,Not satisfied,No
1186,No,Female,21 to 30,Single,Bachelor's,Less than 5 years,Less than 5 years,Food production sector,Sales,salesman,Less than 5000 SAR,2,Yes,No,Yes,Yes,No,No,From 1 to 3 training programs,No,I do not travel for work,Low,No,Medium,Difficult,Medium,Medium,Yes,Yes,No,No,Medium,Not satisfied,Yes
1187,Yes,Male,31 to 40,Single,Bachelor's,From 11 to 15 years,Less than 5 years,Financial sector,Customers service,Customer services representative,Less than 5000 SAR,2,Yes,No,Yes,Yes,No,No,I did not receive any training,No,I do not travel for work,Low,No,Low,Easy,Medium,Medium,Yes,Sometimes,No,No,Medium,Not satisfied,Yes
1188,No,Female,21 to 30,Married,Bachelor's,Less than 5 years,Less than 5 years,Medical sector,Patient Affairs,Nurse,Less than 5000 SAR,2,Yes,Yes,Yes,Yes,Yes,Yes,From 7  training programs to more,Yes,I do not travel for work,High,Yes,High,Medium,Medium,Medium,Sometimes,Sometimes,Yes,No,High,Satisfied,No
1189,No,Female,31 to 40,Married,Bachelor's,From 5 to 10 years,From 5 to 10 years,Medical sector,Patient Affairs,Nurse,Less than 5000 SAR,0,No,No,No,I don't have overtime,No,No,I did not receive any training,No,I do not travel for work,Low,No,Low,Medium,Medium,Medium,Sometimes,Sometimes,No,No,Low,Not satisfied,No
1190,No,Male,21 to 30,Single,Bachelor's,From 5 to 10 years,From 5 to 10 years,Education sector,Teaching,Teacher,Less than 5000 SAR,1,Yes,Yes,No,I don't have overtime,Yes,Yes,From 4 to 6 training programs,Yes,I do not travel for work,High,Yes,High,Medium,Medium,Medium,Sometimes,Sometimes,Yes,No,Medium,Satisfied,Yes
1191,No,Female,21 to 30,Single,Diploma or secondary,From 5 to 10 years,From 5 to 10 years,Medical sector,Customers service,Receptionist,From 5000 to 10000 S.R,0,No,No,No,I don't have overtime,Yes,Yes,I did not receive any training,Yes,I do not travel for work,High,Yes,Medium,Medium,Close,Medium,Sometimes,No,Yes,Yes,Medium,Satisfied,No
1192,No,Male,31 to 40,Married,Bachelor's,From 5 to 10 years,From 5 to 10 years,Education sector,Teaching,Teacher,Less than 5000 SAR,0,No,No,No,I don't have overtime,Yes,No,I did not receive any training,No,I do not travel for work,Medium,No,Medium,Medium,Medium,Medium,No,No,Yes,No,Medium,Satisfied,No
1193,No,Female,21 to 30,Married,Diploma or secondary,From 5 to 10 years,From 5 to 10 years,Education sector,Administration,Manger assistant,Less than 5000 SAR,0,No,No,No,I don't have overtime,No,No,I did not receive any training,No,I do not travel for work,Low,No,Low,Medium,Close,Medium,Sometimes,No,No,No,Medium,Satisfied,No
1194,No,Female,31 to 40,Married,Bachelor's,From 5 to 10 years,From 5 to 10 years,Medical sector,Customers service,Receptionist,Less than 5000 SAR,0,No,No,No,I don't have overtime,No,No,I did not receive any training,No,I do not travel for work,Low,No,Medium,Medium,Medium,Medium,Sometimes,Sometimes,No,No,Medium,Satisfied,No
1195,No,Female,21 to 30,Single,Bachelor's,From 5 to 10 years,From 5 to 10 years,Education sector,Teaching,Teacher,Less than 5000 SAR,0,No,No,No,I don't have overtime,No,No,I did not receive any training,No,I do not travel for work,Low,No,Low,Medium,Medium,Medium,Sometimes,Sometimes,No,No,Low,Not satisfied,No
1196,No,Female,31 to 40,Married,Master's,From 5 to 10 years,From 5 to 10 years,Education sector,Teaching,Trainer,Less than 5000 SAR,0,Yes,Yes,Yes,Yes,Yes,Yes,I did not receive any training,Yes,I do not travel for work,High,Yes,High,Medium,Close,Medium,Sometimes,No,Yes,No,Medium,Satisfied,No
1197,No,Female,31 to 40,Married,Bachelor's,From 5 to 10 years,From 5 to 10 years,Medical sector,Patient Affairs,Nurse,Less than 5000 SAR,3,Yes,Yes,No,I don't have overtime,Yes,Yes,I did not receive any training,Yes,Travel rarely,Medium,Yes,High,Medium,Close,Easy,No,No,Yes,No,Medium,Satisfied,Yes
1198,No,Male,21 to 30,Married,Diploma or secondary,Less than 5 years,Less than 5 years,Economic sector,Safety & Security,Security and safety specialist,Less than 5000 SAR,0,No,No,No,I don't have overtime,No,No,I did not receive any training,No,I do not travel for work,Low,No,Medium,Medium,Medium,Medium,No,No,No,No,Low,Satisfied,No
1199,No,Female,21 to 30,Married,Bachelor's,Less than 5 years,Less than 5 years,Medical sector,Patient Affairs,Nurse,Less than 5000 SAR,1,Yes,Yes,Yes,I don't have overtime,Yes,Yes,I did not receive any training,Yes,I do not travel for work,Medium,Yes,High,Medium,Close,Easy,Sometimes,No,Yes,No,Medium,Satisfied,No
1200,No,Male,21 to 30,Single,Diploma or secondary,From 5 to 10 years,From 5 to 10 years,Medical sector,Customers service,Receptionist,From 5000 to 10000 S.R,0,Yes,No,No,I don't have overtime,Yes,Yes,From 4 to 6 training programs,Yes,I do not travel for work,Medium,Yes,Medium,Medium,Medium,Medium,No,No,Yes,No,Medium,Satisfied,No
1201,No,Female,31 to 40,Married,Bachelor's,From 5 to 10 years,From 5 to 10 years,Communications and IT sector,Customers service,Customer services representative,From 5000 to 10000 S.R,0,Yes,No,No,I don't have overtime,Yes,Yes,From 7  training programs to more,Yes,I do not travel for work,Medium,Yes,Medium,Easy,Medium,Medium,No,No,Yes,No,Medium,Satisfied,No
1202,No,Male,21 to 30,Single,Bachelor's,Less than 5 years,Less than 5 years,Medical sector,Patient Affairs,Nurse,Less than 5000 SAR,0,No,No,No,I don't have overtime,Yes,Yes,From 7  training programs to more,Yes,Travel rarely,High,Yes,High,Easy,Close,Easy,No,No,Yes,No,Medium,Satisfied,No
1203,No,Female,21 to 30,Single,Diploma or secondary,From 5 to 10 years,From 5 to 10 years,Communications and IT sector,Customers service,Receptionist,Less than 5000 SAR,1,Yes,Yes,Yes,I don't have overtime,Yes,Yes,From 7  training programs to more,Yes,Travel rarely,High,Yes,High,Medium,Medium,Medium,Sometimes,No,Yes,Yes,Medium,Satisfied,Yes
1204,No,Male,21 to 30,Single,Bachelor's,From 5 to 10 years,From 5 to 10 years,Medical sector,Processes,Supervisor,From 11000 to 15000 S.R,2,Yes,No,Yes,No,Yes,Yes,From 7  training programs to more,Yes,Travel rarely,Medium,Yes,High,Medium,Medium,Medium,No,No,Yes,No,Medium,Satisfied,Yes
1205,No,Female,31 to 40,Married,Bachelor's,From 5 to 10 years,From 5 to 10 years,Communications and IT sector,Processes,Data entry operator,From 5000 to 10000 S.R,2,No,Yes,Yes,Yes,Yes,Yes,From 7  training programs to more,Yes,I do not travel for work,High,Yes,High,Medium,Medium,Medium,Sometimes,Sometimes,Yes,No,Medium,Satisfied,No
1206,No,Female,21 to 30,Married,Bachelor's,Less than 5 years,Less than 5 years,Energy sector,Accounting,Accountant,From 5000 to 10000 S.R,2,Yes,Yes,Yes,No,Yes,Yes,From 4 to 6 training programs,Yes,I do not travel for work,Medium,Yes,Medium,Medium,Medium,Medium,No,No,Yes,No,Medium,Satisfied,Yes
1207,No,Female,21 to 30,Married,Bachelor's,From 5 to 10 years,From 5 to 10 years,Transport sector,Relations,Coordinator,From 5000 to 10000 S.R,0,Yes,Yes,Yes,No,Yes,Yes,From 4 to 6 training programs,Yes,I do not travel for work,High,Yes,High,Medium,Medium,Easy,No,Sometimes,Yes,Yes,High,Very satisfied,Yes
1208,No,Male,21 to 30,Single,Diploma or secondary,From 5 to 10 years,From 5 to 10 years,Medical sector,Customers service,Receptionist,From 5000 to 10000 S.R,0,Yes,Yes,Yes,Yes,Yes,Yes,From 4 to 6 training programs,Yes,I do not travel for work,Medium,Yes,Medium,Medium,Medium,Medium,No,No,Yes,No,Medium,Very satisfied,Yes
1209,No,Female,21 to 30,Married,Bachelor's,From 5 to 10 years,From 5 to 10 years,Medical sector,Administration,Manger assistant,Less than 5000 SAR,0,Yes,No,No,I don't have overtime,No,No,From 7  training programs to more,Yes,Travel rarely,Medium,Yes,Medium,Medium,Medium,Medium,No,No,Yes,No,Medium,Satisfied,No
1210,No,Female,21 to 30,Married,Master's,From 5 to 10 years,From 5 to 10 years,Financial sector,Administration,Financial Manager,From 11000 to 15000 S.R,3,Yes,Yes,Yes,Yes,Yes,Yes,From 4 to 6 training programs,Yes,I do not travel for work,High,Yes,Medium,Medium,Medium,Medium,Sometimes,No,Yes,No,Medium,Satisfied,No
1211,Yes,Male,21 to 30,Single,Master's,From 5 to 10 years,Less than 5 years,Energy sector,Processes,Quality Specialist,From 11000 to 15000 S.R,3,Yes,Yes,Yes,Yes,Yes,Yes,From 4 to 6 training programs,Yes,Travel rarely,High,Yes,Medium,Medium,Close,Medium,No,Yes,Yes,Yes,Medium,Satisfied,Yes
1212,Yes,Female,31 to 40,Married,Master's,From 5 to 10 years,Less than 5 years,Education sector,Relations,Relations manager,Less than 5000 SAR,1,No,No,No,No,No,No,From 1 to 3 training programs,Yes,I do not travel for work,Low,Yes,High,Easy,Far,Medium,Yes,Yes,No,No,High,Not satisfied,Yes
1213,No,Female,21 to 30,Single,Master's,Less than 5 years,Less than 5 years,Education sector,Administration,Administrative manager,Less than 5000 SAR,0,No,No,No,I don't have overtime,Yes,No,I did not receive any training,No,I do not travel for work,Medium,Yes,Medium,Medium,Medium,Medium,Yes,Yes,Yes,No,Medium,Satisfied,No
